Time[s], 通道 0, 通道 1
0.00000000, 0, 1
0.00000036, 0, 0
0.00000096, 1, 0
0.00000370, 0, 0
0.00000429, 0, 1
0.00000704, 0, 0
0.00000764, 1, 0
0.00001038, 0, 0
0.00001097, 0, 1
0.00001372, 0, 0
0.00001432, 1, 0
0.00001706, 0, 0
0.00001765, 0, 1
0.00002040, 0, 0
0.00002100, 1, 0
0.00002374, 0, 0
0.00002433, 0, 1
0.00002708, 0, 0
0.00002768, 1, 0
0.00003042, 0, 0
0.00003101, 0, 1
0.00003376, 0, 0
0.00003436, 1, 0
0.00003710, 0, 0
0.00003769, 0, 1
0.00004044, 0, 0
0.00004104, 1, 0
0.00004378, 0, 0
0.00004437, 0, 1
0.00004712, 0, 0
0.00004772, 1, 0
0.00005046, 0, 0
0.00005105, 0, 1
0.00005380, 0, 0
0.00005440, 1, 0
0.00005713, 0, 0
0.00005773, 0, 1
0.00006048, 0, 0
0.00006108, 1, 0
0.00006381, 0, 0
0.00006441, 0, 1
0.00006716, 0, 0
0.00006776, 1, 0
0.00007049, 0, 0
0.00007109, 0, 1
0.00007384, 0, 0
0.00007444, 1, 0
0.00007717, 0, 0
0.00007777, 0, 1
0.00008052, 0, 0
0.00008112, 1, 0
0.00008385, 0, 0
0.00008445, 0, 1
0.00008720, 0, 0
0.00008780, 1, 0
0.00009053, 0, 0
0.00009113, 0, 1
0.00009388, 0, 0
0.00009448, 1, 0
0.00009721, 0, 0
0.00009781, 0, 1
0.00010056, 0, 0
0.00010116, 1, 0
0.00010389, 0, 0
0.00010449, 0, 1
0.00010724, 0, 0
0.00010784, 1, 0
0.00011057, 0, 0
0.00011117, 0, 1
0.00011392, 0, 0
0.00011452, 1, 0
0.00011725, 0, 0
0.00011785, 0, 1
0.00012060, 0, 0
0.00012120, 1, 0
0.00012393, 0, 0
0.00012453, 0, 1
0.00012728, 0, 0
0.00012788, 1, 0
0.00013061, 0, 0
0.00013121, 0, 1
0.00013396, 0, 0
0.00013456, 1, 0
0.00013729, 0, 0
0.00013789, 0, 1
0.00014064, 0, 0
0.00014123, 1, 0
0.00014397, 0, 0
0.00014457, 0, 1
0.00014732, 0, 0
0.00014791, 1, 0
0.00015065, 0, 0
0.00015125, 0, 1
0.00015400, 0, 0
0.00015459, 1, 0
0.00015733, 0, 0
0.00015793, 0, 1
0.00016067, 0, 0
0.00016127, 1, 0
0.00016401, 0, 0
0.00016460, 0, 1
0.00016735, 0, 0
0.00016795, 1, 0
0.00017069, 0, 0
0.00017128, 0, 1
0.00017403, 0, 0
0.00017463, 1, 0
0.00017737, 0, 0
0.00017796, 0, 1
0.00018071, 0, 0
0.00018131, 1, 0
0.00018405, 0, 0
0.00018464, 0, 1
0.00018739, 0, 0
0.00018799, 1, 0
0.00019073, 0, 0
0.00019132, 0, 1
0.00019407, 0, 0
0.00019467, 1, 0
0.00019741, 0, 0
0.00019800, 0, 1
0.00020075, 0, 0
0.00020135, 1, 0
0.00020409, 0, 0
0.00020468, 0, 1
0.00020743, 0, 0
0.00020803, 1, 0
0.00021077, 0, 0
0.00021136, 0, 1
0.00021411, 0, 0
0.00021471, 1, 0
0.00021745, 0, 0
0.00021804, 0, 1
0.00022079, 0, 0
0.00022139, 1, 0
0.00022413, 0, 0
0.00022472, 0, 1
0.00022747, 0, 0
0.00022807, 1, 0
0.00023080, 0, 0
0.00023140, 0, 1
0.00023415, 0, 0
0.00023475, 1, 0
0.00023749, 0, 0
0.00023808, 0, 1
0.00024083, 0, 0
0.00024143, 1, 0
0.00024416, 0, 0
0.00024476, 0, 1
0.00024751, 0, 0
0.00024811, 1, 0
0.00025084, 0, 0
0.00025144, 0, 1
0.00025419, 0, 0
0.00025479, 1, 0
0.00025752, 0, 0
0.00025812, 0, 1
0.00026087, 0, 0
0.00026147, 1, 0
0.00026420, 0, 0
0.00026480, 0, 1
0.00026755, 0, 0
0.00026815, 1, 0
0.00027088, 0, 0
0.00027148, 0, 1
0.00027423, 0, 0
0.00027483, 1, 0
0.00027756, 0, 0
0.00027816, 0, 1
0.00028091, 0, 0
0.00028151, 1, 0
0.00028424, 0, 0
0.00028484, 0, 1
0.00028759, 0, 0
0.00028819, 1, 0
0.00029092, 0, 0
0.00029152, 0, 1
0.00029427, 0, 0
0.00029487, 1, 0
0.00029760, 0, 0
0.00029820, 0, 1
0.00030095, 0, 0
0.00030155, 1, 0
0.00030428, 0, 0
0.00030488, 0, 1
0.00030763, 0, 0
0.00030823, 1, 0
0.00031096, 0, 0
0.00031156, 0, 1
0.00031431, 0, 0
0.00031490, 1, 0
0.00031764, 0, 0
0.00031824, 0, 1
0.00032099, 0, 0
0.00032158, 1, 0
0.00032432, 0, 0
0.00032492, 0, 1
0.00032766, 0, 0
0.00032826, 1, 0
0.00033100, 0, 0
0.00033160, 0, 1
0.00033434, 0, 0
0.00033494, 1, 0
0.00033768, 0, 0
0.00033828, 0, 1
0.00034102, 0, 0
0.00034162, 1, 0
0.00034436, 0, 0
0.00034496, 0, 1
0.00034770, 0, 0
0.00034830, 1, 0
0.00035104, 0, 0
0.00035163, 0, 1
0.00035438, 0, 0
0.00035498, 1, 0
0.00035772, 0, 0
0.00035831, 0, 1
0.00036106, 0, 0
0.00036166, 1, 0
0.00036440, 0, 0
0.00036499, 0, 1
0.00036774, 0, 0
0.00036834, 1, 0
0.00037108, 0, 0
0.00037167, 0, 1
0.00037442, 0, 0
0.00037502, 1, 0
0.00037776, 0, 0
0.00037835, 0, 1
0.00038110, 0, 0
0.00038170, 1, 0
0.00038444, 0, 0
0.00038503, 0, 1
0.00038778, 0, 0
0.00038838, 1, 0
0.00039112, 0, 0
0.00039171, 0, 1
0.00039446, 0, 0
0.00039506, 1, 0
0.00039780, 0, 0
0.00039839, 0, 1
0.00040114, 0, 0
0.00040174, 1, 0
0.00040447, 0, 0
0.00040507, 0, 1
0.00040782, 0, 0
0.00040842, 1, 0
0.00041115, 0, 0
0.00041175, 0, 1
0.00041450, 0, 0
0.00041510, 1, 0
0.00041783, 0, 0
0.00041843, 0, 1
0.00042118, 0, 0
0.00042178, 1, 0
0.00042451, 0, 0
0.00042511, 0, 1
0.00042786, 0, 0
0.00042846, 1, 0
0.00043119, 0, 0
0.00043179, 0, 1
0.00043454, 0, 0
0.00043514, 1, 0
0.00043787, 0, 0
0.00043847, 0, 1
0.00044122, 0, 0
0.00044182, 1, 0
0.00044455, 0, 0
0.00044515, 0, 1
0.00044790, 0, 0
0.00044850, 1, 0
0.00045123, 0, 0
0.00045183, 0, 1
0.00045458, 0, 0
0.00045518, 1, 0
0.00045791, 0, 0
0.00045851, 0, 1
0.00046126, 0, 0
0.00046186, 1, 0
0.00046459, 0, 0
0.00046519, 0, 1
0.00046794, 0, 0
0.00046854, 1, 0
0.00047127, 0, 0
0.00047187, 0, 1
0.00047462, 0, 0
0.00047522, 1, 0
0.00047795, 0, 0
0.00047855, 0, 1
0.00048130, 0, 0
0.00048189, 1, 0
0.00048463, 0, 0
0.00048523, 0, 1
0.00048798, 0, 0
0.00048857, 1, 0
0.00049131, 0, 0
0.00049191, 0, 1
0.00049465, 0, 0
0.00049525, 1, 0
0.00049799, 0, 0
0.00049859, 0, 1
0.00050133, 0, 0
0.00050193, 1, 0
0.00050467, 0, 0
0.00050527, 0, 1
0.00050801, 0, 0
0.00050861, 1, 0
0.00051135, 0, 0
0.00051195, 0, 1
0.00051469, 0, 0
0.00051529, 1, 0
0.00051803, 0, 0
0.00051862, 0, 1
0.00052137, 0, 0
0.00052197, 1, 0
0.00052471, 0, 0
0.00052530, 0, 1
0.00052805, 0, 0
0.00052865, 1, 0
0.00053139, 0, 0
0.00053198, 0, 1
0.00053473, 0, 0
0.00053533, 1, 0
0.00053807, 0, 0
0.00053866, 0, 1
0.00054141, 0, 0
0.00054201, 1, 0
0.00054475, 0, 0
0.00054534, 0, 1
0.00054809, 0, 0
0.00054869, 1, 0
0.00055143, 0, 0
0.00055202, 0, 1
0.00055477, 0, 0
0.00055537, 1, 0
0.00055811, 0, 0
0.00055870, 0, 1
0.00056145, 0, 0
0.00056205, 1, 0
0.00056479, 0, 0
0.00056538, 0, 1
0.00056813, 0, 0
0.00056873, 1, 0
0.00057146, 0, 0
0.00057206, 0, 1
0.00057481, 0, 0
0.00057541, 1, 0
0.00057814, 0, 0
0.00057874, 0, 1
0.00058149, 0, 0
0.00058209, 1, 0
0.00058482, 0, 0
0.00058542, 0, 1
0.00058817, 0, 0
0.00058877, 1, 0
0.00059150, 0, 0
0.00059210, 0, 1
0.00059485, 0, 0
0.00059545, 1, 0
0.00059818, 0, 0
0.00059878, 0, 1
0.00060153, 0, 0
0.00060213, 1, 0
0.00060486, 0, 0
0.00060546, 0, 1
0.00060821, 0, 0
0.00060881, 1, 0
0.00061154, 0, 0
0.00061214, 0, 1
0.00061489, 0, 0
0.00061549, 1, 0
0.00061822, 0, 0
0.00061882, 0, 1
0.00062157, 0, 0
0.00062217, 1, 0
0.00062490, 0, 0
0.00062550, 0, 1
0.00062825, 0, 0
0.00062885, 1, 0
0.00063158, 0, 0
0.00063218, 0, 1
0.00063493, 0, 0
0.00063553, 1, 0
0.00063826, 0, 0
0.00063886, 0, 1
0.00064161, 0, 0
0.00064221, 1, 0
0.00064494, 0, 0
0.00064554, 0, 1
0.00064829, 0, 0
0.00064889, 1, 0
0.00065162, 0, 0
0.00065222, 0, 1
0.00065497, 0, 0
0.00065557, 1, 0
0.00065830, 0, 0
0.00065890, 0, 1
0.00066165, 0, 0
0.00066224, 1, 0
0.00066498, 0, 0
0.00066558, 0, 1
0.00066833, 0, 0
0.00066892, 1, 0
0.00067166, 0, 0
0.00067226, 0, 1
0.00067500, 0, 0
0.00067560, 1, 0
0.00067834, 0, 0
0.00067893, 0, 1
0.00068168, 0, 0
0.00068228, 1, 0
0.00068502, 0, 0
0.00068561, 0, 1
0.00068836, 0, 0
0.00068896, 1, 0
0.00069170, 0, 0
0.00069229, 0, 1
0.00069504, 0, 0
0.00069564, 1, 0
0.00069838, 0, 0
0.00069897, 0, 1
0.00070172, 0, 0
0.00070232, 1, 0
0.00070506, 0, 0
0.00070565, 0, 1
0.00070840, 0, 0
0.00070900, 1, 0
0.00071174, 0, 0
0.00071233, 0, 1
0.00071508, 0, 0
0.00071568, 1, 0
0.00071842, 0, 0
0.00071901, 0, 1
0.00072176, 0, 0
0.00072236, 1, 0
0.00072510, 0, 0
0.00072569, 0, 1
0.00072844, 0, 0
0.00072904, 1, 0
0.00073178, 0, 0
0.00073237, 0, 1
0.00073512, 0, 0
0.00073572, 1, 0
0.00073846, 0, 0
0.00073905, 0, 1
0.00074180, 0, 0
0.00074240, 1, 0
0.00074513, 0, 0
0.00074573, 0, 1
0.00074848, 0, 0
0.00074908, 1, 0
0.00075181, 0, 0
0.00075241, 0, 1
0.00075516, 0, 0
0.00075576, 1, 0
0.00075849, 0, 0
0.00075909, 0, 1
0.00076184, 0, 0
0.00076244, 1, 0
0.00076517, 0, 0
0.00076577, 0, 1
0.00076852, 0, 0
0.00076912, 1, 0
0.00077185, 0, 0
0.00077245, 0, 1
0.00077520, 0, 0
0.00077580, 1, 0
0.00077853, 0, 0
0.00077913, 0, 1
0.00078188, 0, 0
0.00078248, 1, 0
0.00078521, 0, 0
0.00078581, 0, 1
0.00078856, 0, 0
0.00078916, 1, 0
0.00079189, 0, 0
0.00079249, 0, 1
0.00079524, 0, 0
0.00079584, 1, 0
0.00079857, 0, 0
0.00079917, 0, 1
0.00080192, 0, 0
0.00080252, 1, 0
0.00080525, 0, 0
0.00080585, 0, 1
0.00080860, 0, 0
0.00080920, 1, 0
0.00081193, 0, 0
0.00081253, 0, 1
0.00081528, 0, 0
0.00081588, 1, 0
0.00081861, 0, 0
0.00081921, 0, 1
0.00082196, 0, 0
0.00082255, 1, 0
0.00082529, 0, 0
0.00082589, 0, 1
0.00082864, 0, 0
0.00082923, 1, 0
0.00083197, 0, 0
0.00083257, 0, 1
0.00083532, 0, 0
0.00083591, 1, 0
0.00083865, 0, 0
0.00083925, 0, 1
0.00084200, 0, 0
0.00084259, 1, 0
0.00084533, 0, 0
0.00084593, 0, 1
0.00084867, 0, 0
0.00084927, 1, 0
0.00085201, 0, 0
0.00085261, 0, 1
0.00085535, 0, 0
0.00085595, 1, 0
0.00085869, 0, 0
0.00085928, 0, 1
0.00086203, 0, 0
0.00086263, 1, 0
0.00086537, 0, 0
0.00086596, 0, 1
0.00086871, 0, 0
0.00086931, 1, 0
0.00087205, 0, 0
0.00087264, 0, 1
0.00087539, 0, 0
0.00087599, 1, 0
0.00087873, 0, 0
0.00087932, 0, 1
0.00088207, 0, 0
0.00088267, 1, 0
0.00088541, 0, 0
0.00088600, 0, 1
0.00088875, 0, 0
0.00088935, 1, 0
0.00089209, 0, 0
0.00089268, 0, 1
0.00089543, 0, 0
0.00089603, 1, 0
0.00089877, 0, 0
0.00089936, 0, 1
0.00090211, 0, 0
0.00090271, 1, 0
0.00090545, 0, 0
0.00090604, 0, 1
0.00090879, 0, 0
0.00090939, 1, 0
0.00091213, 0, 0
0.00091272, 0, 1
0.00091547, 0, 0
0.00091607, 1, 0
0.00091880, 0, 0
0.00091940, 0, 1
0.00092215, 0, 0
0.00092275, 1, 0
0.00092548, 0, 0
0.00092608, 0, 1
0.00092883, 0, 0
0.00092943, 1, 0
0.00093216, 0, 0
0.00093276, 0, 1
0.00093551, 0, 0
0.00093611, 1, 0
0.00093884, 0, 0
0.00093944, 0, 1
0.00094219, 0, 0
0.00094279, 1, 0
0.00094552, 0, 0
0.00094612, 0, 1
0.00094887, 0, 0
0.00094947, 1, 0
0.00095220, 0, 0
0.00095280, 0, 1
0.00095555, 0, 0
0.00095615, 1, 0
0.00095888, 0, 0
0.00095948, 0, 1
0.00096223, 0, 0
0.00096283, 1, 0
0.00096556, 0, 0
0.00096616, 0, 1
0.00096891, 0, 0
0.00096951, 1, 0
0.00097224, 0, 0
0.00097284, 0, 1
0.00097559, 0, 0
0.00097619, 1, 0
0.00097892, 0, 0
0.00097952, 0, 1
0.00098227, 0, 0
0.00098287, 1, 0
0.00098560, 0, 0
0.00098620, 0, 1
0.00098895, 0, 0
0.00098955, 1, 0
0.00099228, 0, 0
0.00099288, 0, 1
0.00099563, 0, 0
0.00099623, 1, 0
0.00099896, 0, 0
0.00099956, 0, 1
0.00100231, 0, 0
0.00100290, 1, 0
0.00100564, 0, 0
0.00100624, 0, 1
0.00100898, 0, 0
0.00100958, 1, 0
0.00101232, 0, 0
0.00101292, 0, 1
0.00101566, 0, 0
0.00101626, 1, 0
0.00101900, 0, 0
0.00101960, 0, 1
0.00102234, 0, 0
0.00102294, 1, 0
0.00102568, 0, 0
0.00102628, 0, 1
0.00102902, 0, 0
0.00102962, 1, 0
0.00103236, 0, 0
0.00103295, 0, 1
0.00103570, 0, 0
0.00103630, 1, 0
0.00103904, 0, 0
0.00103963, 0, 1
0.00104238, 0, 0
0.00104298, 1, 0
0.00104572, 0, 0
0.00104631, 0, 1
0.00104906, 0, 0
0.00104966, 1, 0
0.00105240, 0, 0
0.00105299, 0, 1
0.00105574, 0, 0
0.00105634, 1, 0
0.00105908, 0, 0
0.00105967, 0, 1
0.00106242, 0, 0
0.00106302, 1, 0
0.00106576, 0, 0
0.00106635, 0, 1
0.00106910, 0, 0
0.00106970, 1, 0
0.00107244, 0, 0
0.00107303, 0, 1
0.00107578, 0, 0
0.00107638, 1, 0
0.00107912, 0, 0
0.00107971, 0, 1
0.00108246, 0, 0
0.00108306, 1, 0
0.00108579, 0, 0
0.00108639, 0, 1
0.00108914, 0, 0
0.00108974, 1, 0
0.00109247, 0, 0
0.00109307, 0, 1
0.00109582, 0, 0
0.00109642, 1, 0
0.00109915, 0, 0
0.00109975, 0, 1
0.00110250, 0, 0
0.00110310, 1, 0
0.00110583, 0, 0
0.00110643, 0, 1
0.00110918, 0, 0
0.00110978, 1, 0
0.00111251, 0, 0
0.00111311, 0, 1
0.00111586, 0, 0
0.00111646, 1, 0
0.00111919, 0, 0
0.00111979, 0, 1
0.00112254, 0, 0
0.00112314, 1, 0
0.00112587, 0, 0
0.00112647, 0, 1
0.00112922, 0, 0
0.00112982, 1, 0
0.00113255, 0, 0
0.00113315, 0, 1
0.00113590, 0, 0
0.00113650, 1, 0
0.00113923, 0, 0
0.00113983, 0, 1
0.00114258, 0, 0
0.00114318, 1, 0
0.00114591, 0, 0
0.00114651, 0, 1
0.00114926, 0, 0
0.00114986, 1, 0
0.00115259, 0, 0
0.00115319, 0, 1
0.00115594, 0, 0
0.00115654, 1, 0
0.00115927, 0, 0
0.00115987, 0, 1
0.00116262, 0, 0
0.00116321, 1, 0
0.00116595, 0, 0
0.00116655, 0, 1
0.00116930, 0, 0
0.00116989, 1, 0
0.00117263, 0, 0
0.00117323, 0, 1
0.00117598, 0, 0
0.00117657, 1, 0
0.00117931, 0, 0
0.00117991, 0, 1
0.00118266, 0, 0
0.00118325, 1, 0
0.00118599, 0, 0
0.00118659, 0, 1
0.00118934, 0, 0
0.00118993, 1, 0
0.00119267, 0, 0
0.00119327, 0, 1
0.00119601, 0, 0
0.00119661, 1, 0
0.00119935, 0, 0
0.00119994, 0, 1
0.00120269, 0, 0
0.00120329, 1, 0
0.00120603, 0, 0
0.00120662, 0, 1
0.00120937, 0, 0
0.00120997, 1, 0
0.00121271, 0, 0
0.00121330, 0, 1
0.00121605, 0, 0
0.00121665, 1, 0
0.00121939, 0, 0
0.00121998, 0, 1
0.00122273, 0, 0
0.00122333, 1, 0
0.00122607, 0, 0
0.00122666, 0, 1
0.00122941, 0, 0
0.00123001, 1, 0
0.00123275, 0, 0
0.00123334, 0, 1
0.00123609, 0, 0
0.00123669, 1, 0
0.00123943, 0, 0
0.00124002, 0, 1
0.00124277, 0, 0
0.00124337, 1, 0
0.00124611, 0, 0
0.00124670, 0, 1
0.00124945, 0, 0
0.00125005, 1, 0
0.00125279, 0, 0
0.00125338, 0, 1
0.00125613, 0, 0
0.00125673, 1, 0
0.00125946, 0, 0
0.00126006, 0, 1
0.00126281, 0, 0
0.00126341, 1, 0
0.00126614, 0, 0
0.00126674, 0, 1
0.00126949, 0, 0
0.00127009, 1, 0
0.00127282, 0, 0
0.00127342, 0, 1
0.00127617, 0, 0
0.00127677, 1, 0
0.00127950, 0, 0
0.00128010, 0, 1
0.00128285, 0, 0
0.00128345, 1, 0
0.00128618, 0, 0
0.00128678, 0, 1
0.00128953, 0, 0
0.00129013, 1, 0
0.00129286, 0, 0
0.00129346, 0, 1
0.00129621, 0, 0
0.00129681, 1, 0
0.00129954, 0, 0
0.00130014, 0, 1
0.00130289, 0, 0
0.00130349, 1, 0
0.00130622, 0, 0
0.00130682, 0, 1
0.00130957, 0, 0
0.00131017, 1, 0
0.00131290, 0, 0
0.00131350, 0, 1
0.00131625, 0, 0
0.00131685, 1, 0
0.00131958, 0, 0
0.00132018, 0, 1
0.00132293, 0, 0
0.00132353, 1, 0
0.00132626, 0, 0
0.00132686, 0, 1
0.00132961, 0, 0
0.00133021, 1, 0
0.00133294, 0, 0
0.00133354, 0, 1
0.00133629, 0, 0
0.00133689, 1, 0
0.00133962, 0, 0
0.00134022, 0, 1
0.00134297, 0, 0
0.00134356, 1, 0
0.00134630, 0, 0
0.00134690, 0, 1
0.00134964, 0, 0
0.00135024, 1, 0
0.00135298, 0, 0
0.00135358, 0, 1
0.00135632, 0, 0
0.00135692, 1, 0
0.00135966, 0, 0
0.00136025, 0, 1
0.00136300, 0, 0
0.00136360, 1, 0
0.00136634, 0, 0
0.00136693, 0, 1
0.00136968, 0, 0
0.00137028, 1, 0
0.00137302, 0, 0
0.00137361, 0, 1
0.00137636, 0, 0
0.00137696, 1, 0
0.00137970, 0, 0
0.00138029, 0, 1
0.00138304, 0, 0
0.00138364, 1, 0
0.00138638, 0, 0
0.00138697, 0, 1
0.00138972, 0, 0
0.00139032, 1, 0
0.00139306, 0, 0
0.00139365, 0, 1
0.00139640, 0, 0
0.00139700, 1, 0
0.00139974, 0, 0
0.00140033, 0, 1
0.00140308, 0, 0
0.00140368, 1, 0
0.00140642, 0, 0
0.00140701, 0, 1
0.00140976, 0, 0
0.00141036, 1, 0
0.00141310, 0, 0
0.00141369, 0, 1
0.00141644, 0, 0
0.00141704, 1, 0
0.00141978, 0, 0
0.00142037, 0, 1
0.00142312, 0, 0
0.00142372, 1, 0
0.00142646, 0, 0
0.00142705, 0, 1
0.00142980, 0, 0
0.00143040, 1, 0
0.00143313, 0, 0
0.00143373, 0, 1
0.00143648, 0, 0
0.00143708, 1, 0
0.00143981, 0, 0
0.00144041, 0, 1
0.00144316, 0, 0
0.00144376, 1, 0
0.00144649, 0, 0
0.00144709, 0, 1
0.00144984, 0, 0
0.00145044, 1, 0
0.00145317, 0, 0
0.00145377, 0, 1
0.00145652, 0, 0
0.00145712, 1, 0
0.00145985, 0, 0
0.00146045, 0, 1
0.00146320, 0, 0
0.00146380, 1, 0
0.00146653, 0, 0
0.00146713, 0, 1
0.00146988, 0, 0
0.00147048, 1, 0
0.00147321, 0, 0
0.00147381, 0, 1
0.00147656, 0, 0
0.00147716, 1, 0
0.00147989, 0, 0
0.00148049, 0, 1
0.00148324, 0, 0
0.00148384, 1, 0
0.00148657, 0, 0
0.00148717, 0, 1
0.00148992, 0, 0
0.00149052, 1, 0
0.00149325, 0, 0
0.00149385, 0, 1
0.00149660, 0, 0
0.00149720, 1, 0
0.00149993, 0, 0
0.00150053, 0, 1
0.00150328, 0, 0
0.00150388, 1, 0
0.00150661, 0, 0
0.00150721, 0, 1
0.00150996, 0, 0
0.00151056, 1, 0
0.00151329, 0, 0
0.00151389, 0, 1
0.00151664, 0, 0
0.00151723, 1, 0
0.00151997, 0, 0
0.00152057, 0, 1
0.00152331, 0, 0
0.00152391, 1, 0
0.00152665, 0, 0
0.00152725, 0, 1
0.00152999, 0, 0
0.00153059, 1, 0
0.00153333, 0, 0
0.00153392, 0, 1
0.00153667, 0, 0
0.00153727, 1, 0
0.00154001, 0, 0
0.00154060, 0, 1
0.00154335, 0, 0
0.00154395, 1, 0
0.00154669, 0, 0
0.00154728, 0, 1
0.00155003, 0, 0
0.00155063, 1, 0
0.00155337, 0, 0
0.00155396, 0, 1
0.00155671, 0, 0
0.00155731, 1, 0
0.00156005, 0, 0
0.00156064, 0, 1
0.00156339, 0, 0
0.00156399, 1, 0
0.00156673, 0, 0
0.00156732, 0, 1
0.00157007, 0, 0
0.00157067, 1, 0
0.00157341, 0, 0
0.00157400, 0, 1
0.00157675, 0, 0
0.00157735, 1, 0
0.00158009, 0, 0
0.00158068, 0, 1
0.00158343, 0, 0
0.00158403, 1, 0
0.00158677, 0, 0
0.00158736, 0, 1
0.00159011, 0, 0
0.00159071, 1, 0
0.00159345, 0, 0
0.00159404, 0, 1
0.00159679, 0, 0
0.00159739, 1, 0
0.00160012, 0, 0
0.00160072, 0, 1
0.00160347, 0, 0
0.00160407, 1, 0
0.00160680, 0, 0
0.00160740, 0, 1
0.00161015, 0, 0
0.00161075, 1, 0
0.00161348, 0, 0
0.00161408, 0, 1
0.00161683, 0, 0
0.00161743, 1, 0
0.00162016, 0, 0
0.00162076, 0, 1
0.00162351, 0, 0
0.00162411, 1, 0
0.00162684, 0, 0
0.00162744, 0, 1
0.00163019, 0, 0
0.00163079, 1, 0
0.00163352, 0, 0
0.00163412, 0, 1
0.00163687, 0, 0
0.00163747, 1, 0
0.00164020, 0, 0
0.00164080, 0, 1
0.00164355, 0, 0
0.00164415, 1, 0
0.00164688, 0, 0
0.00164748, 0, 1
0.00165023, 0, 0
0.00165083, 1, 0
0.00165356, 0, 0
0.00165416, 0, 1
0.00165691, 0, 0
0.00165751, 1, 0
0.00166024, 0, 0
0.00166084, 0, 1
0.00166359, 0, 0
0.00166419, 1, 0
0.00166692, 0, 0
0.00166752, 0, 1
0.00167027, 0, 0
0.00167087, 1, 0
0.00167360, 0, 0
0.00167420, 0, 1
0.00167695, 0, 0
0.00167754, 1, 0
0.00168028, 0, 0
0.00168088, 0, 1
0.00168363, 0, 0
0.00168422, 1, 0
0.00168696, 0, 0
0.00168756, 0, 1
0.00169031, 0, 0
0.00169090, 1, 0
0.00169364, 0, 0
0.00169424, 0, 1
0.00169699, 0, 0
0.00169758, 1, 0
0.00170032, 0, 0
0.00170092, 0, 1
0.00170366, 0, 0
0.00170426, 1, 0
0.00170700, 0, 0
0.00170760, 0, 1
0.00171034, 0, 0
0.00171094, 1, 0
0.00171368, 0, 0
0.00171427, 0, 1
0.00171702, 0, 0
0.00171762, 1, 0
0.00172036, 0, 0
0.00172095, 0, 1
0.00172370, 0, 0
0.00172430, 1, 0
0.00172704, 0, 0
0.00172763, 0, 1
0.00173038, 0, 0
0.00173098, 1, 0
0.00173372, 0, 0
0.00173431, 0, 1
0.00173706, 0, 0
0.00173766, 1, 0
0.00174040, 0, 0
0.00174099, 0, 1
0.00174374, 0, 0
0.00174434, 1, 0
0.00174708, 0, 0
0.00174767, 0, 1
0.00175042, 0, 0
0.00175102, 1, 0
0.00175376, 0, 0
0.00175435, 0, 1
0.00175710, 0, 0
0.00175770, 1, 0
0.00176044, 0, 0
0.00176103, 0, 1
0.00176378, 0, 0
0.00176438, 1, 0
0.00176711, 0, 0
0.00176771, 0, 1
0.00177046, 0, 0
0.00177106, 1, 0
0.00177379, 0, 0
0.00177439, 0, 1
0.00177714, 0, 0
0.00177774, 1, 0
0.00178047, 0, 0
0.00178107, 0, 1
0.00178382, 0, 0
0.00178442, 1, 0
0.00178715, 0, 0
0.00178775, 0, 1
0.00179050, 0, 0
0.00179110, 1, 0
0.00179383, 0, 0
0.00179443, 0, 1
0.00179718, 0, 0
0.00179778, 1, 0
0.00180051, 0, 0
0.00180111, 0, 1
0.00180386, 0, 0
0.00180446, 1, 0
0.00180719, 0, 0
0.00180779, 0, 1
0.00181054, 0, 0
0.00181114, 1, 0
0.00181387, 0, 0
0.00181447, 0, 1
0.00181722, 0, 0
0.00181782, 1, 0
0.00182055, 0, 0
0.00182115, 0, 1
0.00182390, 0, 0
0.00182450, 1, 0
0.00182723, 0, 0
0.00182783, 0, 1
0.00183058, 0, 0
0.00183118, 1, 0
0.00183391, 0, 0
0.00183451, 0, 1
0.00183726, 0, 0
0.00183786, 1, 0
0.00184059, 0, 0
0.00184119, 0, 1
0.00184394, 0, 0
0.00184453, 1, 0
0.00184727, 0, 0
0.00184787, 0, 1
0.00185062, 0, 0
0.00185122, 1, 0
0.00185395, 0, 0
0.00185455, 0, 1
0.00185730, 0, 0
0.00185789, 1, 0
0.00186063, 0, 0
0.00186123, 0, 1
0.00186398, 0, 0
0.00186457, 1, 0
0.00186731, 0, 0
0.00186791, 0, 1
0.00187065, 0, 0
0.00187125, 1, 0
0.00187399, 0, 0
0.00187458, 0, 1
0.00187733, 0, 0
0.00187793, 1, 0
0.00188067, 0, 0
0.00188126, 0, 1
0.00188401, 0, 0
0.00188461, 1, 0
0.00188735, 0, 0
0.00188794, 0, 1
0.00189069, 0, 0
0.00189129, 1, 0
0.00189403, 0, 0
0.00189462, 0, 1
0.00189737, 0, 0
0.00189797, 1, 0
0.00190071, 0, 0
0.00190130, 0, 1
0.00190405, 0, 0
0.00190465, 1, 0
0.00190739, 0, 0
0.00190798, 0, 1
0.00191073, 0, 0
0.00191133, 1, 0
0.00191407, 0, 0
0.00191466, 0, 1
0.00191741, 0, 0
0.00191801, 1, 0
0.00192075, 0, 0
0.00192134, 0, 1
0.00192409, 0, 0
0.00192469, 1, 0
0.00192743, 0, 0
0.00192802, 0, 1
0.00193077, 0, 0
0.00193137, 1, 0
0.00193410, 0, 0
0.00193470, 0, 1
0.00193745, 0, 0
0.00193805, 1, 0
0.00194078, 0, 0
0.00194138, 0, 1
0.00194413, 0, 0
0.00194473, 1, 0
0.00194746, 0, 0
0.00194806, 0, 1
0.00195081, 0, 0
0.00195141, 1, 0
0.00195414, 0, 0
0.00195474, 0, 1
0.00195749, 0, 0
0.00195809, 1, 0
0.00196082, 0, 0
0.00196142, 0, 1
0.00196417, 0, 0
0.00196477, 1, 0
0.00196750, 0, 0
0.00196810, 0, 1
0.00197085, 0, 0
0.00197145, 1, 0
0.00197418, 0, 0
0.00197478, 0, 1
0.00197753, 0, 0
0.00197813, 1, 0
0.00198086, 0, 0
0.00198146, 0, 1
0.00198421, 0, 0
0.00198481, 1, 0
0.00198754, 0, 0
0.00198814, 0, 1
0.00199089, 0, 0
0.00199149, 1, 0
0.00199422, 0, 0
0.00199482, 0, 1
0.00199757, 0, 0
0.00199817, 1, 0
0.00200090, 0, 0
0.00200150, 0, 1
0.00200425, 0, 0
0.00200485, 1, 0
0.00200758, 0, 0
0.00200818, 0, 1
0.00201093, 0, 0
0.00201153, 1, 0
0.00201426, 0, 0
0.00201486, 0, 1
0.00201761, 0, 0
0.00201821, 1, 0
0.00202094, 0, 0
0.00202154, 0, 1
0.00202429, 0, 0
0.00202489, 1, 0
0.00202762, 0, 0
0.00202822, 0, 1
0.00203097, 0, 0
0.00203156, 1, 0
0.00203430, 0, 0
0.00203490, 0, 1
0.00203764, 0, 0
0.00203824, 1, 0
0.00204098, 0, 0
0.00204158, 0, 1
0.00204432, 0, 0
0.00204492, 1, 0
0.00204766, 0, 0
0.00204825, 0, 1
0.00205100, 0, 0
0.00205160, 1, 0
0.00205434, 0, 0
0.00205493, 0, 1
0.00205768, 0, 0
0.00205828, 1, 0
0.00206102, 0, 0
0.00206161, 0, 1
0.00206436, 0, 0
0.00206496, 1, 0
0.00206770, 0, 0
0.00206829, 0, 1
0.00207104, 0, 0
0.00207164, 1, 0
0.00207438, 0, 0
0.00207497, 0, 1
0.00207772, 0, 0
0.00207832, 1, 0
0.00208106, 0, 0
0.00208165, 0, 1
0.00208440, 0, 0
0.00208500, 1, 0
0.00208774, 0, 0
0.00208833, 0, 1
0.00209108, 0, 0
0.00209168, 1, 0
0.00209442, 0, 0
0.00209501, 0, 1
0.00209776, 0, 0
0.00209836, 1, 0
0.00210110, 0, 0
0.00210169, 0, 1
0.00210444, 0, 0
0.00210504, 1, 0
0.00210778, 0, 0
0.00210837, 0, 1
0.00211112, 0, 0
0.00211172, 1, 0
0.00211445, 0, 0
0.00211505, 0, 1
0.00211780, 0, 0
0.00211840, 1, 0
0.00212113, 0, 0
0.00212173, 0, 1
0.00212448, 0, 0
0.00212508, 1, 0
0.00212781, 0, 0
0.00212841, 0, 1
0.00213116, 0, 0
0.00213176, 1, 0
0.00213449, 0, 0
0.00213509, 0, 1
0.00213784, 0, 0
0.00213844, 1, 0
0.00214117, 0, 0
0.00214177, 0, 1
0.00214452, 0, 0
0.00214512, 1, 0
0.00214785, 0, 0
0.00214845, 0, 1
0.00215120, 0, 0
0.00215180, 1, 0
0.00215453, 0, 0
0.00215513, 0, 1
0.00215788, 0, 0
0.00215848, 1, 0
0.00216121, 0, 0
0.00216181, 0, 1
0.00216456, 0, 0
0.00216516, 1, 0
0.00216789, 0, 0
0.00216849, 0, 1
0.00217124, 0, 0
0.00217184, 1, 0
0.00217457, 0, 0
0.00217517, 0, 1
0.00217792, 0, 0
0.00217852, 1, 0
0.00218125, 0, 0
0.00218185, 0, 1
0.00218460, 0, 0
0.00218520, 1, 0
0.00218793, 0, 0
0.00218853, 0, 1
0.00219128, 0, 0
0.00219188, 1, 0
0.00219461, 0, 0
0.00219521, 0, 1
0.00219796, 0, 0
0.00219855, 1, 0
0.00220129, 0, 0
0.00220189, 0, 1
0.00220463, 0, 0
0.00220523, 1, 0
0.00220797, 0, 0
0.00220857, 0, 1
0.00221131, 0, 0
0.00221191, 1, 0
0.00221465, 0, 0
0.00221525, 0, 1
0.00221799, 0, 0
0.00221859, 1, 0
0.00222133, 0, 0
0.00222193, 0, 1
0.00222467, 0, 0
0.00222527, 1, 0
0.00222801, 0, 0
0.00222860, 0, 1
0.00223135, 0, 0
0.00223195, 1, 0
0.00223469, 0, 0
0.00223528, 0, 1
0.00223803, 0, 0
0.00223863, 1, 0
0.00224137, 0, 0
0.00224196, 0, 1
0.00224471, 0, 0
0.00224531, 1, 0
0.00224805, 0, 0
0.00224864, 0, 1
0.00225139, 0, 0
0.00225199, 1, 0
0.00225473, 0, 0
0.00225532, 0, 1
0.00225807, 0, 0
0.00225867, 1, 0
0.00226141, 0, 0
0.00226200, 0, 1
0.00226475, 0, 0
0.00226535, 1, 0
0.00226809, 0, 0
0.00226868, 0, 1
0.00227143, 0, 0
0.00227203, 1, 0
0.00227477, 0, 0
0.00227536, 0, 1
0.00227811, 0, 0
0.00227871, 1, 0
0.00228144, 0, 0
0.00228204, 0, 1
0.00228479, 0, 0
0.00228539, 1, 0
0.00228812, 0, 0
0.00228872, 0, 1
0.00229147, 0, 0
0.00229207, 1, 0
0.00229480, 0, 0
0.00229540, 0, 1
0.00229815, 0, 0
0.00229875, 1, 0
0.00230148, 0, 0
0.00230208, 0, 1
0.00230483, 0, 0
0.00230543, 1, 0
0.00230816, 0, 0
0.00230876, 0, 1
0.00231151, 0, 0
0.00231211, 1, 0
0.00231484, 0, 0
0.00231544, 0, 1
0.00231819, 0, 0
0.00231879, 1, 0
0.00232152, 0, 0
0.00232212, 0, 1
0.00232487, 0, 0
0.00232547, 1, 0
0.00232820, 0, 0
0.00232880, 0, 1
0.00233155, 0, 0
0.00233215, 1, 0
0.00233488, 0, 0
0.00233548, 0, 1
0.00233823, 0, 0
0.00233883, 1, 0
0.00234156, 0, 0
0.00234216, 0, 1
0.00234491, 0, 0
0.00234551, 1, 0
0.00234824, 0, 0
0.00234884, 0, 1
0.00235159, 0, 0
0.00235219, 1, 0
0.00235492, 0, 0
0.00235552, 0, 1
0.00235827, 0, 0
0.00235887, 1, 0
0.00236160, 0, 0
0.00236220, 0, 1
0.00236495, 0, 0
0.00236554, 1, 0
0.00236828, 0, 0
0.00236888, 0, 1
0.00237163, 0, 0
0.00237222, 1, 0
0.00237496, 0, 0
0.00237556, 0, 1
0.00237830, 0, 0
0.00237890, 1, 0
0.00238164, 0, 0
0.00238223, 0, 1
0.00238498, 0, 0
0.00238558, 1, 0
0.00238832, 0, 0
0.00238891, 0, 1
0.00239166, 0, 0
0.00239226, 1, 0
0.00239500, 0, 0
0.00239559, 0, 1
0.00239834, 0, 0
0.00239894, 1, 0
0.00240168, 0, 0
0.00240227, 0, 1
0.00240502, 0, 0
0.00240562, 1, 0
0.00240836, 0, 0
0.00240895, 0, 1
0.00241170, 0, 0
0.00241230, 1, 0
0.00241504, 0, 0
0.00241563, 0, 1
0.00241838, 0, 0
0.00241898, 1, 0
0.00242172, 0, 0
0.00242231, 0, 1
0.00242506, 0, 0
0.00242566, 1, 0
0.00242840, 0, 0
0.00242899, 0, 1
0.00243174, 0, 0
0.00243234, 1, 0
0.00243508, 0, 0
0.00243567, 0, 1
0.00243842, 0, 0
0.00243902, 1, 0
0.00244176, 0, 0
0.00244235, 0, 1
0.00244510, 0, 0
0.00244570, 1, 0
0.00244844, 0, 0
0.00244903, 0, 1
0.00245178, 0, 0
0.00245238, 1, 0
0.00245512, 0, 0
0.00245571, 0, 1
0.00245846, 0, 0
0.00245906, 1, 0
0.00246179, 0, 0
0.00246239, 0, 1
0.00246514, 0, 0
0.00246574, 1, 0
0.00246847, 0, 0
0.00246907, 0, 1
0.00247182, 0, 0
0.00247242, 1, 0
0.00247515, 0, 0
0.00247575, 0, 1
0.00247850, 0, 0
0.00247910, 1, 0
0.00248183, 0, 0
0.00248243, 0, 1
0.00248518, 0, 0
0.00248578, 1, 0
0.00248851, 0, 0
0.00248911, 0, 1
0.00249186, 0, 0
0.00249246, 1, 0
0.00249519, 0, 0
0.00249579, 0, 1
0.00249854, 0, 0
0.00249914, 1, 0
0.00250187, 0, 0
0.00250247, 0, 1
0.00250522, 0, 0
0.00250582, 1, 0
0.00250855, 0, 0
0.00250915, 0, 1
0.00251190, 0, 0
0.00251250, 1, 0
0.00251523, 0, 0
0.00251583, 0, 1
0.00251858, 0, 0
0.00251918, 1, 0
0.00252191, 0, 0
0.00252251, 0, 1
0.00252526, 0, 0
0.00252586, 1, 0
0.00252859, 0, 0
0.00252919, 0, 1
0.00253194, 0, 0
0.00253253, 1, 0
0.00253527, 0, 0
0.00253587, 0, 1
0.00253862, 0, 0
0.00253921, 1, 0
0.00254195, 0, 0
0.00254255, 0, 1
0.00254530, 0, 0
0.00254589, 1, 0
0.00254863, 0, 0
0.00254923, 0, 1
0.00255198, 0, 0
0.00255257, 1, 0
0.00255531, 0, 0
0.00255591, 0, 1
0.00255865, 0, 0
0.00255925, 1, 0
0.00256199, 0, 0
0.00256259, 0, 1
0.00256533, 0, 0
0.00256593, 1, 0
0.00256867, 0, 0
0.00256926, 0, 1
0.00257201, 0, 0
0.00257261, 1, 0
0.00257535, 0, 0
0.00257594, 0, 1
0.00257869, 0, 0
0.00257929, 1, 0
0.00258203, 0, 0
0.00258262, 0, 1
0.00258537, 0, 0
0.00258597, 1, 0
0.00258871, 0, 0
0.00258930, 0, 1
0.00259205, 0, 0
0.00259265, 1, 0
0.00259539, 0, 0
0.00259598, 0, 1
0.00259873, 0, 0
0.00259933, 1, 0
0.00260207, 0, 0
0.00260266, 0, 1
0.00260541, 0, 0
0.00260601, 1, 0
0.00260875, 0, 0
0.00260934, 0, 1
0.00261209, 0, 0
0.00261269, 1, 0
0.00261543, 0, 0
0.00261602, 0, 1
0.00261877, 0, 0
0.00261937, 1, 0
0.00262210, 0, 0
0.00262270, 0, 1
0.00262545, 0, 0
0.00262605, 1, 0
0.00262878, 0, 0
0.00262938, 0, 1
0.00263213, 0, 0
0.00263273, 1, 0
0.00263546, 0, 0
0.00263606, 0, 1
0.00263881, 0, 0
0.00263941, 1, 0
0.00264214, 0, 0
0.00264274, 0, 1
0.00264549, 0, 0
0.00264609, 1, 0
0.00264882, 0, 0
0.00264942, 0, 1
0.00265217, 0, 0
0.00265277, 1, 0
0.00265550, 0, 0
0.00265610, 0, 1
0.00265885, 0, 0
0.00265945, 1, 0
0.00266218, 0, 0
0.00266278, 0, 1
0.00266553, 0, 0
0.00266613, 1, 0
0.00266886, 0, 0
0.00266946, 0, 1
0.00267221, 0, 0
0.00267281, 1, 0
0.00267554, 0, 0
0.00267614, 0, 1
0.00267889, 0, 0
0.00267949, 1, 0
0.00268222, 0, 0
0.00268282, 0, 1
0.00268557, 0, 0
0.00268617, 1, 0
0.00268890, 0, 0
0.00268950, 0, 1
0.00269225, 0, 0
0.00269285, 1, 0
0.00269558, 0, 0
0.00269618, 0, 1
0.00269893, 0, 0
0.00269953, 1, 0
0.00270226, 0, 0
0.00270286, 0, 1
0.00270561, 0, 0
0.00270620, 1, 0
0.00270894, 0, 0
0.00270954, 0, 1
0.00271229, 0, 0
0.00271288, 1, 0
0.00271562, 0, 0
0.00271622, 0, 1
0.00271897, 0, 0
0.00271956, 1, 0
0.00272230, 0, 0
0.00272290, 0, 1
0.00272564, 0, 0
0.00272624, 1, 0
0.00272898, 0, 0
0.00272958, 0, 1
0.00273232, 0, 0
0.00273292, 1, 0
0.00273566, 0, 0
0.00273626, 0, 1
0.00273900, 0, 0
0.00273960, 1, 0
0.00274234, 0, 0
0.00274293, 0, 1
0.00274568, 0, 0
0.00274628, 1, 0
0.00274902, 0, 0
0.00274961, 0, 1
0.00275236, 0, 0
0.00275296, 1, 0
0.00275570, 0, 0
0.00275629, 0, 1
0.00275904, 0, 0
0.00275964, 1, 0
0.00276238, 0, 0
0.00276297, 0, 1
0.00276572, 0, 0
0.00276632, 1, 0
0.00276906, 0, 0
0.00276965, 0, 1
0.00277240, 0, 0
0.00277300, 1, 0
0.00277574, 0, 0
0.00277633, 0, 1
0.00277908, 0, 0
0.00277968, 1, 0
0.00278242, 0, 0
0.00278301, 0, 1
0.00278576, 0, 0
0.00278636, 1, 0
0.00278909, 0, 0
0.00278969, 0, 1
0.00279244, 0, 0
0.00279304, 1, 0
0.00279577, 0, 0
0.00279637, 0, 1
0.00279912, 0, 0
0.00279972, 1, 0
0.00280245, 0, 0
0.00280305, 0, 1
0.00280580, 0, 0
0.00280640, 1, 0
0.00280913, 0, 0
0.00280973, 0, 1
0.00281248, 0, 0
0.00281308, 1, 0
0.00281581, 0, 0
0.00281641, 0, 1
0.00281916, 0, 0
0.00281976, 1, 0
0.00282249, 0, 0
0.00282309, 0, 1
0.00282584, 0, 0
0.00282644, 1, 0
0.00282917, 0, 0
0.00282977, 0, 1
0.00283252, 0, 0
0.00283312, 1, 0
0.00283585, 0, 0
0.00283645, 0, 1
0.00283920, 0, 0
0.00283980, 1, 0
0.00284253, 0, 0
0.00284313, 0, 1
0.00284588, 0, 0
0.00284648, 1, 0
0.00284921, 0, 0
0.00284981, 0, 1
0.00285256, 0, 0
0.00285316, 1, 0
0.00285589, 0, 0
0.00285649, 0, 1
0.00285924, 0, 0
0.00285984, 1, 0
0.00286257, 0, 0
0.00286317, 0, 1
0.00286592, 0, 0
0.00286652, 1, 0
0.00286925, 0, 0
0.00286985, 0, 1
0.00287260, 0, 0
0.00287320, 1, 0
0.00287593, 0, 0
0.00287653, 0, 1
0.00287928, 0, 0
0.00287987, 1, 0
0.00288261, 0, 0
0.00288321, 0, 1
0.00288596, 0, 0
0.00288655, 1, 0
0.00288929, 0, 0
0.00288989, 0, 1
0.00289263, 0, 0
0.00289323, 1, 0
0.00289597, 0, 0
0.00289656, 0, 1
0.00289931, 0, 0
0.00289991, 1, 0
0.00290265, 0, 0
0.00290325, 0, 1
0.00290599, 0, 0
0.00290659, 1, 0
0.00290933, 0, 0
0.00290992, 0, 1
0.00291267, 0, 0
0.00291327, 1, 0
0.00291601, 0, 0
0.00291660, 0, 1
0.00291935, 0, 0
0.00291995, 1, 0
0.00292269, 0, 0
0.00292328, 0, 1
0.00292603, 0, 0
0.00292663, 1, 0
0.00292937, 0, 0
0.00292996, 0, 1
0.00293271, 0, 0
0.00293331, 1, 0
0.00293605, 0, 0
0.00293664, 0, 1
0.00293939, 0, 0
0.00293999, 1, 0
0.00294273, 0, 0
0.00294332, 0, 1
0.00294607, 0, 0
0.00294667, 1, 0
0.00294941, 0, 0
0.00295000, 0, 1
0.00295275, 0, 0
0.00295335, 1, 0
0.00295609, 0, 0
0.00295668, 0, 1
0.00295943, 0, 0
0.00296003, 1, 0
0.00296277, 0, 0
0.00296336, 0, 1
0.00296611, 0, 0
0.00296671, 1, 0
0.00296944, 0, 0
0.00297004, 0, 1
0.00297279, 0, 0
0.00297339, 1, 0
0.00297612, 0, 0
0.00297672, 0, 1
0.00297947, 0, 0
0.00298007, 1, 0
0.00298280, 0, 0
0.00298340, 0, 1
0.00298615, 0, 0
0.00298675, 1, 0
0.00298948, 0, 0
0.00299008, 0, 1
0.00299283, 0, 0
0.00299343, 1, 0
0.00299616, 0, 0
0.00299676, 0, 1
0.00299951, 0, 0
0.00300011, 1, 0
0.00300284, 0, 0
0.00300344, 0, 1
0.00300619, 0, 0
0.00300679, 1, 0
0.00300952, 0, 0
0.00301012, 0, 1
0.00301287, 0, 0
0.00301347, 1, 0
0.00301620, 0, 0
0.00301680, 0, 1
0.00301955, 0, 0
0.00302015, 1, 0
0.00302288, 0, 0
0.00302348, 0, 1
0.00302623, 0, 0
0.00302683, 1, 0
0.00302956, 0, 0
0.00303016, 0, 1
0.00303291, 0, 0
0.00303351, 1, 0
0.00303624, 0, 0
0.00303684, 0, 1
0.00303959, 0, 0
0.00304019, 1, 0
0.00304292, 0, 0
0.00304352, 0, 1
0.00304627, 0, 0
0.00304686, 1, 0
0.00304960, 0, 0
0.00305020, 0, 1
0.00305295, 0, 0
0.00305354, 1, 0
0.00305628, 0, 0
0.00305688, 0, 1
0.00305963, 0, 0
0.00306022, 1, 0
0.00306296, 0, 0
0.00306356, 0, 1
0.00306631, 0, 0
0.00306690, 1, 0
0.00306964, 0, 0
0.00307024, 0, 1
0.00307298, 0, 0
0.00307358, 1, 0
0.00307632, 0, 0
0.00307691, 0, 1
0.00307966, 0, 0
0.00308026, 1, 0
0.00308300, 0, 0
0.00308359, 0, 1
0.00308634, 0, 0
0.00308694, 1, 0
0.00308968, 0, 0
0.00309027, 0, 1
0.00309302, 0, 0
0.00309362, 1, 0
0.00309636, 0, 0
0.00309695, 0, 1
0.00309970, 0, 0
0.00310030, 1, 0
0.00310304, 0, 0
0.00310363, 0, 1
0.00310638, 0, 0
0.00310698, 1, 0
0.00310972, 0, 0
0.00311031, 0, 1
0.00311306, 0, 0
0.00311366, 1, 0
0.00311640, 0, 0
0.00311699, 0, 1
0.00311974, 0, 0
0.00312034, 1, 0
0.00312308, 0, 0
0.00312367, 0, 1
0.00312642, 0, 0
0.00312702, 1, 0
0.00312976, 0, 0
0.00313035, 0, 1
0.00313310, 0, 0
0.00313370, 1, 0
0.00313644, 0, 0
0.00313703, 0, 1
0.00313978, 0, 0
0.00314038, 1, 0
0.00314311, 0, 0
0.00314371, 0, 1
0.00314646, 0, 0
0.00314706, 1, 0
0.00314979, 0, 0
0.00315039, 0, 1
0.00315314, 0, 0
0.00315374, 1, 0
0.00315647, 0, 0
0.00315707, 0, 1
0.00315982, 0, 0
0.00316042, 1, 0
0.00316315, 0, 0
0.00316375, 0, 1
0.00316650, 0, 0
0.00316710, 1, 0
0.00316983, 0, 0
0.00317043, 0, 1
0.00317318, 0, 0
0.00317378, 1, 0
0.00317651, 0, 0
0.00317711, 0, 1
0.00317986, 0, 0
0.00318046, 1, 0
0.00318319, 0, 0
0.00318379, 0, 1
0.00318654, 0, 0
0.00318714, 1, 0
0.00318987, 0, 0
0.00319047, 0, 1
0.00319322, 0, 0
0.00319382, 1, 0
0.00319655, 0, 0
0.00319715, 0, 1
0.00319990, 0, 0
0.00320050, 1, 0
0.00320323, 0, 0
0.00320383, 0, 1
0.00320658, 0, 0
0.00320718, 1, 0
0.00320991, 0, 0
0.00321051, 0, 1
0.00321326, 0, 0
0.00321385, 1, 0
0.00321659, 0, 0
0.00321719, 0, 1
0.00321994, 0, 0
0.00322053, 1, 0
0.00322327, 0, 0
0.00322387, 0, 1
0.00322662, 0, 0
0.00322721, 1, 0
0.00322995, 0, 0
0.00323055, 0, 1
0.00323330, 0, 0
0.00323389, 1, 0
0.00323663, 0, 0
0.00323723, 0, 1
0.00323997, 0, 0
0.00324057, 1, 0
0.00324331, 0, 0
0.00324391, 0, 1
0.00324665, 0, 0
0.00324725, 1, 0
0.00324999, 0, 0
0.00325058, 0, 1
0.00325333, 0, 0
0.00325393, 1, 0
0.00325667, 0, 0
0.00325726, 0, 1
0.00326001, 0, 0
0.00326061, 1, 0
0.00326335, 0, 0
0.00326394, 0, 1
0.00326669, 0, 0
0.00326729, 1, 0
0.00327003, 0, 0
0.00327062, 0, 1
0.00327337, 0, 0
0.00327397, 1, 0
0.00327671, 0, 0
0.00327730, 0, 1
0.00328005, 0, 0
0.00328065, 1, 0
0.00328339, 0, 0
0.00328398, 0, 1
0.00328673, 0, 0
0.00328733, 1, 0
0.00329007, 0, 0
0.00329066, 0, 1
0.00329341, 0, 0
0.00329401, 1, 0
0.00329675, 0, 0
0.00329734, 0, 1
0.00330009, 0, 0
0.00330069, 1, 0
0.00330343, 0, 0
0.00330402, 0, 1
0.00330677, 0, 0
0.00330737, 1, 0
0.00331010, 0, 0
0.00331070, 0, 1
0.00331345, 0, 0
0.00331405, 1, 0
0.00331678, 0, 0
0.00331738, 0, 1
0.00332013, 0, 0
0.00332073, 1, 0
0.00332346, 0, 0
0.00332406, 0, 1
0.00332681, 0, 0
0.00332741, 1, 0
0.00333014, 0, 0
0.00333074, 0, 1
0.00333349, 0, 0
0.00333409, 1, 0
0.00333682, 0, 0
0.00333742, 0, 1
0.00334017, 0, 0
0.00334077, 1, 0
0.00334350, 0, 0
0.00334410, 0, 1
0.00334685, 0, 0
0.00334745, 1, 0
0.00335018, 0, 0
0.00335078, 0, 1
0.00335353, 0, 0
0.00335413, 1, 0
0.00335686, 0, 0
0.00335746, 0, 1
0.00336021, 0, 0
0.00336081, 1, 0
0.00336354, 0, 0
0.00336414, 0, 1
0.00336689, 0, 0
0.00336749, 1, 0
0.00337022, 0, 0
0.00337082, 0, 1
0.00337357, 0, 0
0.00337417, 1, 0
0.00337690, 0, 0
0.00337750, 0, 1
0.00338025, 0, 0
0.00338085, 1, 0
0.00338358, 0, 0
0.00338418, 0, 1
0.00338693, 0, 0
0.00338753, 1, 0
0.00339026, 0, 0
0.00339086, 0, 1
0.00339361, 0, 0
0.00339420, 1, 0
0.00339694, 0, 0
0.00339754, 0, 1
0.00340029, 0, 0
0.00340088, 1, 0
0.00340362, 0, 0
0.00340422, 0, 1
0.00340697, 0, 0
0.00340756, 1, 0
0.00341030, 0, 0
0.00341090, 0, 1
0.00341364, 0, 0
0.00341424, 1, 0
0.00341698, 0, 0
0.00341758, 0, 1
0.00342032, 0, 0
0.00342092, 1, 0
0.00342366, 0, 0
0.00342425, 0, 1
0.00342700, 0, 0
0.00342760, 1, 0
0.00343034, 0, 0
0.00343093, 0, 1
0.00343368, 0, 0
0.00343428, 1, 0
0.00343702, 0, 0
0.00343761, 0, 1
0.00344036, 0, 0
0.00344096, 1, 0
0.00344370, 0, 0
0.00344429, 0, 1
0.00344704, 0, 0
0.00344764, 1, 0
0.00345038, 0, 0
0.00345097, 0, 1
0.00345372, 0, 0
0.00345432, 1, 0
0.00345706, 0, 0
0.00345765, 0, 1
0.00346040, 0, 0
0.00346100, 1, 0
0.00346374, 0, 0
0.00346433, 0, 1
0.00346708, 0, 0
0.00346768, 1, 0
0.00347042, 0, 0
0.00347101, 0, 1
0.00347376, 0, 0
0.00347436, 1, 0
0.00347710, 0, 0
0.00347769, 0, 1
0.00348044, 0, 0
0.00348104, 1, 0
0.00348377, 0, 0
0.00348437, 0, 1
0.00348712, 0, 0
0.00348772, 1, 0
0.00349045, 0, 0
0.00349105, 0, 1
0.00349380, 0, 0
0.00349440, 1, 0
0.00349713, 0, 0
0.00349773, 0, 1
0.00350048, 0, 0
0.00350108, 1, 0
0.00350381, 0, 0
0.00350441, 0, 1
0.00350716, 0, 0
0.00350776, 1, 0
0.00351049, 0, 0
0.00351109, 0, 1
0.00351384, 0, 0
0.00351444, 1, 0
0.00351717, 0, 0
0.00351777, 0, 1
0.00352052, 0, 0
0.00352112, 1, 0
0.00352385, 0, 0
0.00352445, 0, 1
0.00352720, 0, 0
0.00352780, 1, 0
0.00353053, 0, 0
0.00353113, 0, 1
0.00353388, 0, 0
0.00353448, 1, 0
0.00353721, 0, 0
0.00353781, 0, 1
0.00354056, 0, 0
0.00354116, 1, 0
0.00354389, 0, 0
0.00354449, 0, 1
0.00354724, 0, 0
0.00354784, 1, 0
0.00355057, 0, 0
0.00355117, 0, 1
0.00355392, 0, 0
0.00355452, 1, 0
0.00355725, 0, 0
0.00355785, 0, 1
0.00356060, 0, 0
0.00356119, 1, 0
0.00356393, 0, 0
0.00356453, 0, 1
0.00356728, 0, 0
0.00356787, 1, 0
0.00357061, 0, 0
0.00357121, 0, 1
0.00357396, 0, 0
0.00357455, 1, 0
0.00357729, 0, 0
0.00357789, 0, 1
0.00358063, 0, 0
0.00358123, 1, 0
0.00358397, 0, 0
0.00358456, 0, 1
0.00358731, 0, 0
0.00358791, 1, 0
0.00359065, 0, 0
0.00359124, 0, 1
0.00359399, 0, 0
0.00359459, 1, 0
0.00359733, 0, 0
0.00359792, 0, 1
0.00360067, 0, 0
0.00360127, 1, 0
0.00360401, 0, 0
0.00360460, 0, 1
0.00360735, 0, 0
0.00360795, 1, 0
0.00361069, 0, 0
0.00361128, 0, 1
0.00361403, 0, 0
0.00361463, 1, 0
0.00361737, 0, 0
0.00361796, 0, 1
0.00362071, 0, 0
0.00362131, 1, 0
0.00362405, 0, 0
0.00362464, 0, 1
0.00362739, 0, 0
0.00362799, 1, 0
0.00363073, 0, 0
0.00363132, 0, 1
0.00363407, 0, 0
0.00363467, 1, 0
0.00363741, 0, 0
0.00363800, 0, 1
0.00364075, 0, 0
0.00364135, 1, 0
0.00364409, 0, 0
0.00364468, 0, 1
0.00364743, 0, 0
0.00364803, 1, 0
0.00365076, 0, 0
0.00365136, 0, 1
0.00365411, 0, 0
0.00365471, 1, 0
0.00365744, 0, 0
0.00365804, 0, 1
0.00366079, 0, 0
0.00366139, 1, 0
0.00366412, 0, 0
0.00366472, 0, 1
0.00366747, 0, 0
0.00366807, 1, 0
0.00367080, 0, 0
0.00367140, 0, 1
0.00367415, 0, 0
0.00367475, 1, 0
0.00367748, 0, 0
0.00367808, 0, 1
0.00368083, 0, 0
0.00368143, 1, 0
0.00368416, 0, 0
0.00368476, 0, 1
0.00368751, 0, 0
0.00368811, 1, 0
0.00369084, 0, 0
0.00369144, 0, 1
0.00369419, 0, 0
0.00369479, 1, 0
0.00369752, 0, 0
0.00369812, 0, 1
0.00370087, 0, 0
0.00370147, 1, 0
0.00370420, 0, 0
0.00370480, 0, 1
0.00370755, 0, 0
0.00370815, 1, 0
0.00371088, 0, 0
0.00371148, 0, 1
0.00371423, 0, 0
0.00371483, 1, 0
0.00371756, 0, 0
0.00371816, 0, 1
0.00372091, 0, 0
0.00372151, 1, 0
0.00372424, 0, 0
0.00372484, 0, 1
0.00372759, 0, 0
0.00372818, 1, 0
0.00373092, 0, 0
0.00373152, 0, 1
0.00373427, 0, 0
0.00373486, 1, 0
0.00373760, 0, 0
0.00373820, 0, 1
0.00374095, 0, 0
0.00374154, 1, 0
0.00374428, 0, 0
0.00374488, 0, 1
0.00374762, 0, 0
0.00374822, 1, 0
0.00375096, 0, 0
0.00375156, 0, 1
0.00375430, 0, 0
0.00375490, 1, 0
0.00375764, 0, 0
0.00375824, 0, 1
0.00376098, 0, 0
0.00376158, 1, 0
0.00376432, 0, 0
0.00376491, 0, 1
0.00376766, 0, 0
0.00376826, 1, 0
0.00377100, 0, 0
0.00377159, 0, 1
0.00377434, 0, 0
0.00377494, 1, 0
0.00377768, 0, 0
0.00377827, 0, 1
0.00378102, 0, 0
0.00378162, 1, 0
0.00378436, 0, 0
0.00378495, 0, 1
0.00378770, 0, 0
0.00378830, 1, 0
0.00379104, 0, 0
0.00379163, 0, 1
0.00379438, 0, 0
0.00379498, 1, 0
0.00379772, 0, 0
0.00379831, 0, 1
0.00380106, 0, 0
0.00380166, 1, 0
0.00380440, 0, 0
0.00380499, 0, 1
0.00380774, 0, 0
0.00380834, 1, 0
0.00381108, 0, 0
0.00381167, 0, 1
0.00381442, 0, 0
0.00381502, 1, 0
0.00381775, 0, 0
0.00381835, 0, 1
0.00382110, 0, 0
0.00382170, 1, 0
0.00382443, 0, 0
0.00382503, 0, 1
0.00382778, 0, 0
0.00382838, 1, 0
0.00383111, 0, 0
0.00383171, 0, 1
0.00383446, 0, 0
0.00383506, 1, 0
0.00383779, 0, 0
0.00383839, 0, 1
0.00384114, 0, 0
0.00384174, 1, 0
0.00384447, 0, 0
0.00384507, 0, 1
0.00384782, 0, 0
0.00384842, 1, 0
0.00385115, 0, 0
0.00385175, 0, 1
0.00385450, 0, 0
0.00385510, 1, 0
0.00385783, 0, 0
0.00385843, 0, 1
0.00386118, 0, 0
0.00386178, 1, 0
0.00386451, 0, 0
0.00386511, 0, 1
0.00386786, 0, 0
0.00386846, 1, 0
0.00387119, 0, 0
0.00387179, 0, 1
0.00387454, 0, 0
0.00387514, 1, 0
0.00387787, 0, 0
0.00387847, 0, 1
0.00388122, 0, 0
0.00388182, 1, 0
0.00388455, 0, 0
0.00388515, 0, 1
0.00388790, 0, 0
0.00388850, 1, 0
0.00389123, 0, 0
0.00389183, 0, 1
0.00389458, 0, 0
0.00389518, 1, 0
0.00389791, 0, 0
0.00389851, 0, 1
0.00390126, 0, 0
0.00390185, 1, 0
0.00390459, 0, 0
0.00390519, 0, 1
0.00390794, 0, 0
0.00390853, 1, 0
0.00391127, 0, 0
0.00391187, 0, 1
0.00391462, 0, 0
0.00391521, 1, 0
0.00391795, 0, 0
0.00391855, 0, 1
0.00392130, 0, 0
0.00392189, 1, 0
0.00392463, 0, 0
0.00392523, 0, 1
0.00392797, 0, 0
0.00392857, 1, 0
0.00393131, 0, 0
0.00393190, 0, 1
0.00393465, 0, 0
0.00393525, 1, 0
0.00393799, 0, 0
0.00393858, 0, 1
0.00394133, 0, 0
0.00394193, 1, 0
0.00394467, 0, 0
0.00394526, 0, 1
0.00394801, 0, 0
0.00394861, 1, 0
0.00395135, 0, 0
0.00395194, 0, 1
0.00395469, 0, 0
0.00395529, 1, 0
0.00395803, 0, 0
0.00395862, 0, 1
0.00396137, 0, 0
0.00396197, 1, 0
0.00396471, 0, 0
0.00396530, 0, 1
0.00396805, 0, 0
0.00396865, 1, 0
0.00397139, 0, 0
0.00397198, 0, 1
0.00397473, 0, 0
0.00397533, 1, 0
0.00397807, 0, 0
0.00397866, 0, 1
0.00398141, 0, 0
0.00398201, 1, 0
0.00398475, 0, 0
0.00398534, 0, 1
0.00398809, 0, 0
0.00398869, 1, 0
0.00399143, 0, 0
0.00399202, 0, 1
0.00399477, 0, 0
0.00399537, 1, 0
0.00399810, 0, 0
0.00399870, 0, 1
0.00400145, 0, 0
0.00400205, 1, 0
0.00400478, 0, 0
0.00400538, 0, 1
0.00400813, 0, 0
0.00400873, 1, 0
0.00401146, 0, 0
0.00401206, 0, 1
0.00401481, 0, 0
0.00401541, 1, 0
0.00401814, 0, 0
0.00401874, 0, 1
0.00402149, 0, 0
0.00402209, 1, 0
0.00402482, 0, 0
0.00402542, 0, 1
0.00402817, 0, 0
0.00402877, 1, 0
0.00403150, 0, 0
0.00403210, 0, 1
0.00403485, 0, 0
0.00403545, 1, 0
0.00403818, 0, 0
0.00403878, 0, 1
0.00404153, 0, 0
0.00404213, 1, 0
0.00404486, 0, 0
0.00404546, 0, 1
0.00404821, 0, 0
0.00404881, 1, 0
0.00405154, 0, 0
0.00405214, 0, 1
0.00405489, 0, 0
0.00405549, 1, 0
0.00405822, 0, 0
0.00405882, 0, 1
0.00406157, 0, 0
0.00406217, 1, 0
0.00406490, 0, 0
0.00406550, 0, 1
0.00406825, 0, 0
0.00406885, 1, 0
0.00407158, 0, 0
0.00407218, 0, 1
0.00407493, 0, 0
0.00407552, 1, 0
0.00407826, 0, 0
0.00407886, 0, 1
0.00408161, 0, 0
0.00408220, 1, 0
0.00408494, 0, 0
0.00408554, 0, 1
0.00408829, 0, 0
0.00408888, 1, 0
0.00409162, 0, 0
0.00409222, 0, 1
0.00409496, 0, 0
0.00409556, 1, 0
0.00409830, 0, 0
0.00409890, 0, 1
0.00410164, 0, 0
0.00410224, 1, 0
0.00410498, 0, 0
0.00410558, 0, 1
0.00410832, 0, 0
0.00410892, 1, 0
0.00411166, 0, 0
0.00411225, 0, 1
0.00411500, 0, 0
0.00411560, 1, 0
0.00411834, 0, 0
0.00411893, 0, 1
0.00412168, 0, 0
0.00412228, 1, 0
0.00412502, 0, 0
0.00412561, 0, 1
0.00412836, 0, 0
0.00412896, 1, 0
0.00413170, 0, 0
0.00413229, 0, 1
0.00413504, 0, 0
0.00413564, 1, 0
0.00413838, 0, 0
0.00413897, 0, 1
0.00414172, 0, 0
0.00414232, 1, 0
0.00414506, 0, 0
0.00414565, 0, 1
0.00414840, 0, 0
0.00414900, 1, 0
0.00415174, 0, 0
0.00415233, 0, 1
0.00415508, 0, 0
0.00415568, 1, 0
0.00415841, 0, 0
0.00415901, 0, 1
0.00416176, 0, 0
0.00416236, 1, 0
0.00416509, 0, 0
0.00416569, 0, 1
0.00416844, 0, 0
0.00416904, 1, 0
0.00417177, 0, 0
0.00417237, 0, 1
0.00417512, 0, 0
0.00417572, 1, 0
0.00417845, 0, 0
0.00417905, 0, 1
0.00418180, 0, 0
0.00418240, 1, 0
0.00418513, 0, 0
0.00418573, 0, 1
0.00418848, 0, 0
0.00418908, 1, 0
0.00419181, 0, 0
0.00419241, 0, 1
0.00419516, 0, 0
0.00419576, 1, 0
0.00419849, 0, 0
0.00419909, 0, 1
0.00420184, 0, 0
0.00420244, 1, 0
0.00420517, 0, 0
0.00420577, 0, 1
0.00420852, 0, 0
0.00420912, 1, 0
0.00421185, 0, 0
0.00421245, 0, 1
0.00421520, 0, 0
0.00421580, 1, 0
0.00421853, 0, 0
0.00421913, 0, 1
0.00422188, 0, 0
0.00422248, 1, 0
0.00422521, 0, 0
0.00422581, 0, 1
0.00422856, 0, 0
0.00422916, 1, 0
0.00423189, 0, 0
0.00423249, 0, 1
0.00423524, 0, 0
0.00423584, 1, 0
0.00423857, 0, 0
0.00423917, 0, 1
0.00424192, 0, 0
0.00424252, 1, 0
0.00424525, 0, 0
0.00424585, 0, 1
0.00424860, 0, 0
0.00424919, 1, 0
0.00425193, 0, 0
0.00425253, 0, 1
0.00425528, 0, 0
0.00425587, 1, 0
0.00425861, 0, 0
0.00425921, 0, 1
0.00426195, 0, 0
0.00426255, 1, 0
0.00426529, 0, 0
0.00426588, 0, 1
0.00426863, 0, 0
0.00426923, 1, 0
0.00427197, 0, 0
0.00427256, 0, 1
0.00427531, 0, 0
0.00427591, 1, 0
0.00427865, 0, 0
0.00427924, 0, 1
0.00428199, 0, 0
0.00428259, 1, 0
0.00428533, 0, 0
0.00428592, 0, 1
0.00428867, 0, 0
0.00428927, 1, 0
0.00429201, 0, 0
0.00429260, 0, 1
0.00429535, 0, 0
0.00429595, 1, 0
0.00429869, 0, 0
0.00429928, 0, 1
0.00430203, 0, 0
0.00430263, 1, 0
0.00430537, 0, 0
0.00430596, 0, 1
0.00430871, 0, 0
0.00430931, 1, 0
0.00431205, 0, 0
0.00431264, 0, 1
0.00431539, 0, 0
0.00431599, 1, 0
0.00431873, 0, 0
0.00431932, 0, 1
0.00432207, 0, 0
0.00432267, 1, 0
0.00432541, 0, 0
0.00432600, 0, 1
0.00432875, 0, 0
0.00432935, 1, 0
0.00433208, 0, 0
0.00433268, 0, 1
0.00433543, 0, 0
0.00433603, 1, 0
0.00433876, 0, 0
0.00433936, 0, 1
0.00434211, 0, 0
0.00434271, 1, 0
0.00434544, 0, 0
0.00434604, 0, 1
0.00434879, 0, 0
0.00434939, 1, 0
0.00435212, 0, 0
0.00435272, 0, 1
0.00435547, 0, 0
0.00435607, 1, 0
0.00435880, 0, 0
0.00435940, 0, 1
0.00436215, 0, 0
0.00436275, 1, 0
0.00436548, 0, 0
0.00436608, 0, 1
0.00436883, 0, 0
0.00436943, 1, 0
0.00437216, 0, 0
0.00437276, 0, 1
0.00437551, 0, 0
0.00437611, 1, 0
0.00437884, 0, 0
0.00437944, 0, 1
0.00438219, 0, 0
0.00438279, 1, 0
0.00438552, 0, 0
0.00438612, 0, 1
0.00438887, 0, 0
0.00438947, 1, 0
0.00439220, 0, 0
0.00439280, 0, 1
0.00439555, 0, 0
0.00439615, 1, 0
0.00439888, 0, 0
0.00439948, 0, 1
0.00440223, 0, 0
0.00440283, 1, 0
0.00440556, 0, 0
0.00440616, 0, 1
0.00440891, 0, 0
0.00440951, 1, 0
0.00441224, 0, 0
0.00441284, 0, 1
0.00441559, 0, 0
0.00441618, 1, 0
0.00441892, 0, 0
0.00441952, 0, 1
0.00442227, 0, 0
0.00442286, 1, 0
0.00442560, 0, 0
0.00442620, 0, 1
0.00442894, 0, 0
0.00442954, 1, 0
0.00443228, 0, 0
0.00443288, 0, 1
0.00443562, 0, 0
0.00443622, 1, 0
0.00443896, 0, 0
0.00443956, 0, 1
0.00444230, 0, 0
0.00444290, 1, 0
0.00444564, 0, 0
0.00444624, 0, 1
0.00444898, 0, 0
0.00444958, 1, 0
0.00445232, 0, 0
0.00445291, 0, 1
0.00445566, 0, 0
0.00445626, 1, 0
0.00445900, 0, 0
0.00445959, 0, 1
0.00446234, 0, 0
0.00446294, 1, 0
0.00446568, 0, 0
0.00446627, 0, 1
0.00446902, 0, 0
0.00446962, 1, 0
0.00447236, 0, 0
0.00447295, 0, 1
0.00447570, 0, 0
0.00447630, 1, 0
0.00447904, 0, 0
0.00447963, 0, 1
0.00448238, 0, 0
0.00448298, 1, 0
0.00448572, 0, 0
0.00448631, 0, 1
0.00448906, 0, 0
0.00448966, 1, 0
0.00449240, 0, 0
0.00449299, 0, 1
0.00449574, 0, 0
0.00449634, 1, 0
0.00449908, 0, 0
0.00449967, 0, 1
0.00450242, 0, 0
0.00450302, 1, 0
0.00450575, 0, 0
0.00450635, 0, 1
0.00450910, 0, 0
0.00450970, 1, 0
0.00451243, 0, 0
0.00451303, 0, 1
0.00451578, 0, 0
0.00451638, 1, 0
0.00451911, 0, 0
0.00451971, 0, 1
0.00452246, 0, 0
0.00452306, 1, 0
0.00452579, 0, 0
0.00452639, 0, 1
0.00452914, 0, 0
0.00452974, 1, 0
0.00453247, 0, 0
0.00453307, 0, 1
0.00453582, 0, 0
0.00453642, 1, 0
0.00453915, 0, 0
0.00453975, 0, 1
0.00454250, 0, 0
0.00454310, 1, 0
0.00454583, 0, 0
0.00454643, 0, 1
0.00454918, 0, 0
0.00454978, 1, 0
0.00455251, 0, 0
0.00455311, 0, 1
0.00455586, 0, 0
0.00455646, 1, 0
0.00455919, 0, 0
0.00455979, 0, 1
0.00456254, 0, 0
0.00456314, 1, 0
0.00456587, 0, 0
0.00456647, 0, 1
0.00456922, 0, 0
0.00456982, 1, 0
0.00457255, 0, 0
0.00457315, 0, 1
0.00457590, 0, 0
0.00457650, 1, 0
0.00457923, 0, 0
0.00457983, 0, 1
0.00458258, 0, 0
0.00458318, 1, 0
0.00458591, 0, 0
0.00458651, 0, 1
0.00458926, 0, 0
0.00458986, 1, 0
0.00459259, 0, 0
0.00459319, 0, 1
0.00459594, 0, 0
0.00459653, 1, 0
0.00459927, 0, 0
0.00459987, 0, 1
0.00460262, 0, 0
0.00460321, 1, 0
0.00460595, 0, 0
0.00460655, 0, 1
0.00460929, 0, 0
0.00460989, 1, 0
0.00461263, 0, 0
0.00461322, 0, 1
0.00461597, 0, 0
0.00461657, 1, 0
0.00461931, 0, 0
0.00461990, 0, 1
0.00462265, 0, 0
0.00462325, 1, 0
0.00462599, 0, 0
0.00462658, 0, 1
0.00462933, 0, 0
0.00462993, 1, 0
0.00463267, 0, 0
0.00463326, 0, 1
0.00463601, 0, 0
0.00463661, 1, 0
0.00463935, 0, 0
0.00463994, 0, 1
0.00464269, 0, 0
0.00464329, 1, 0
0.00464603, 0, 0
0.00464662, 0, 1
0.00464937, 0, 0
0.00464997, 1, 0
0.00465271, 0, 0
0.00465330, 0, 1
0.00465605, 0, 0
0.00465665, 1, 0
0.00465939, 0, 0
0.00465998, 0, 1
0.00466273, 0, 0
0.00466333, 1, 0
0.00466607, 0, 0
0.00466666, 0, 1
0.00466941, 0, 0
0.00467001, 1, 0
0.00467275, 0, 0
0.00467334, 0, 1
0.00467609, 0, 0
0.00467669, 1, 0
0.00467943, 0, 0
0.00468002, 0, 1
0.00468277, 0, 0
0.00468337, 1, 0
0.00468610, 0, 0
0.00468670, 0, 1
0.00468945, 0, 0
0.00469005, 1, 0
0.00469278, 0, 0
0.00469338, 0, 1
0.00469613, 0, 0
0.00469673, 1, 0
0.00469946, 0, 0
0.00470006, 0, 1
0.00470281, 0, 0
0.00470341, 1, 0
0.00470614, 0, 0
0.00470674, 0, 1
0.00470949, 0, 0
0.00471009, 1, 0
0.00471282, 0, 0
0.00471342, 0, 1
0.00471617, 0, 0
0.00471677, 1, 0
0.00471950, 0, 0
0.00472010, 0, 1
0.00472285, 0, 0
0.00472345, 1, 0
0.00472618, 0, 0
0.00472678, 0, 1
0.00472953, 0, 0
0.00473013, 1, 0
0.00473286, 0, 0
0.00473346, 0, 1
0.00473621, 0, 0
0.00473681, 1, 0
0.00473954, 0, 0
0.00474014, 0, 1
0.00474289, 0, 0
0.00474349, 1, 0
0.00474622, 0, 0
0.00474682, 0, 1
0.00474957, 0, 0
0.00475017, 1, 0
0.00475290, 0, 0
0.00475350, 0, 1
0.00475625, 0, 0
0.00475684, 1, 0
0.00475958, 0, 0
0.00476018, 0, 1
0.00476293, 0, 0
0.00476352, 1, 0
0.00476626, 0, 0
0.00476686, 0, 1
0.00476961, 0, 0
0.00477020, 1, 0
0.00477294, 0, 0
0.00477354, 0, 1
0.00477629, 0, 0
0.00477688, 1, 0
0.00477962, 0, 0
0.00478022, 0, 1
0.00478296, 0, 0
0.00478356, 1, 0
0.00478630, 0, 0
0.00478689, 0, 1
0.00478964, 0, 0
0.00479024, 1, 0
0.00479298, 0, 0
0.00479357, 0, 1
0.00479632, 0, 0
0.00479692, 1, 0
0.00479966, 0, 0
0.00480025, 0, 1
0.00480300, 0, 0
0.00480360, 1, 0
0.00480634, 0, 0
0.00480693, 0, 1
0.00480968, 0, 0
0.00481028, 1, 0
0.00481302, 0, 0
0.00481361, 0, 1
0.00481636, 0, 0
0.00481696, 1, 0
0.00481970, 0, 0
0.00482029, 0, 1
0.00482304, 0, 0
0.00482364, 1, 0
0.00482638, 0, 0
0.00482697, 0, 1
0.00482972, 0, 0
0.00483032, 1, 0
0.00483306, 0, 0
0.00483365, 0, 1
0.00483640, 0, 0
0.00483700, 1, 0
0.00483974, 0, 0
0.00484033, 0, 1
0.00484308, 0, 0
0.00484368, 1, 0
0.00484641, 0, 0
0.00484701, 0, 1
0.00484976, 0, 0
0.00485036, 1, 0
0.00485309, 0, 0
0.00485369, 0, 1
0.00485644, 0, 0
0.00485704, 1, 0
0.00485977, 0, 0
0.00486037, 0, 1
0.00486312, 0, 0
0.00486372, 1, 0
0.00486645, 0, 0
0.00486705, 0, 1
0.00486980, 0, 0
0.00487040, 1, 0
0.00487313, 0, 0
0.00487373, 0, 1
0.00487648, 0, 0
0.00487708, 1, 0
0.00487981, 0, 0
0.00488041, 0, 1
0.00488316, 0, 0
0.00488376, 1, 0
0.00488649, 0, 0
0.00488709, 0, 1
0.00488984, 0, 0
0.00489044, 1, 0
0.00489317, 0, 0
0.00489377, 0, 1
0.00489652, 0, 0
0.00489712, 1, 0
0.00489985, 0, 0
0.00490045, 0, 1
0.00490320, 0, 0
0.00490380, 1, 0
0.00490653, 0, 0
0.00490713, 0, 1
0.00490988, 0, 0
0.00491048, 1, 0
0.00491321, 0, 0
0.00491381, 0, 1
0.00491656, 0, 0
0.00491716, 1, 0
0.00491989, 0, 0
0.00492049, 0, 1
0.00492324, 0, 0
0.00492384, 1, 0
0.00492657, 0, 0
0.00492717, 0, 1
0.00492992, 0, 0
0.00493051, 1, 0
0.00493325, 0, 0
0.00493385, 0, 1
0.00493660, 0, 0
0.00493719, 1, 0
0.00493993, 0, 0
0.00494053, 0, 1
0.00494328, 0, 0
0.00494387, 1, 0
0.00494661, 0, 0
0.00494721, 0, 1
0.00494995, 0, 0
0.00495055, 1, 0
0.00495329, 0, 0
0.00495389, 0, 1
0.00495663, 0, 0
0.00495723, 1, 0
0.00495997, 0, 0
0.00496056, 0, 1
0.00496331, 0, 0
0.00496391, 1, 0
0.00496665, 0, 0
0.00496724, 0, 1
0.00496999, 0, 0
0.00497059, 1, 0
0.00497333, 0, 0
0.00497392, 0, 1
0.00497667, 0, 0
0.00497727, 1, 0
0.00498001, 0, 0
0.00498060, 0, 1
0.00498335, 0, 0
0.00498395, 1, 0
0.00498669, 0, 0
0.00498728, 0, 1
0.00499003, 0, 0
0.00499063, 1, 0
0.00499337, 0, 0
0.00499396, 0, 1
0.00499671, 0, 0
0.00499731, 1, 0
0.00500005, 0, 0
0.00500064, 0, 1
0.00500339, 0, 0
0.00500399, 1, 0
0.00500673, 0, 0
0.00500732, 0, 1
0.00501007, 0, 0
0.00501067, 1, 0
0.00501341, 0, 0
0.00501400, 0, 1
0.00501675, 0, 0
0.00501735, 1, 0
0.00502008, 0, 0
0.00502068, 0, 1
0.00502343, 0, 0
0.00502403, 1, 0
0.00502676, 0, 0
0.00502736, 0, 1
0.00503011, 0, 0
0.00503071, 1, 0
0.00503344, 0, 0
0.00503404, 0, 1
0.00503679, 0, 0
0.00503739, 1, 0
0.00504012, 0, 0
0.00504072, 0, 1
0.00504347, 0, 0
0.00504407, 1, 0
0.00504680, 0, 0
0.00504740, 0, 1
0.00505015, 0, 0
0.00505075, 1, 0
0.00505348, 0, 0
0.00505408, 0, 1
0.00505683, 0, 0
0.00505743, 1, 0
0.00506016, 0, 0
0.00506076, 0, 1
0.00506351, 0, 0
0.00506411, 1, 0
0.00506684, 0, 0
0.00506744, 0, 1
0.00507019, 0, 0
0.00507079, 1, 0
0.00507352, 0, 0
0.00507412, 0, 1
0.00507687, 0, 0
0.00507747, 1, 0
0.00508020, 0, 0
0.00508080, 0, 1
0.00508355, 0, 0
0.00508415, 1, 0
0.00508688, 0, 0
0.00508748, 0, 1
0.00509023, 0, 0
0.00509083, 1, 0
0.00509356, 0, 0
0.00509416, 0, 1
0.00509691, 0, 0
0.00509750, 1, 0
0.00510024, 0, 0
0.00510084, 0, 1
0.00510359, 0, 0
0.00510418, 1, 0
0.00510692, 0, 0
0.00510752, 0, 1
0.00511026, 0, 0
0.00511086, 1, 0
0.00511360, 0, 0
0.00511420, 0, 1
0.00511694, 0, 0
0.00511754, 1, 0
0.00512028, 0, 0
0.00512088, 0, 1
0.00512362, 0, 0
0.00512422, 1, 0
0.00512696, 0, 0
0.00512755, 0, 1
0.00513030, 0, 0
0.00513090, 1, 0
0.00513364, 0, 0
0.00513423, 0, 1
0.00513698, 0, 0
0.00513758, 1, 0
0.00514032, 0, 0
0.00514091, 0, 1
0.00514366, 0, 0
0.00514426, 1, 0
0.00514700, 0, 0
0.00514759, 0, 1
0.00515034, 0, 0
0.00515094, 1, 0
0.00515368, 0, 0
0.00515427, 0, 1
0.00515702, 0, 0
0.00515762, 1, 0
0.00516036, 0, 0
0.00516095, 0, 1
0.00516370, 0, 0
0.00516430, 1, 0
0.00516704, 0, 0
0.00516763, 0, 1
0.00517038, 0, 0
0.00517098, 1, 0
0.00517372, 0, 0
0.00517431, 0, 1
0.00517706, 0, 0
0.00517766, 1, 0
0.00518040, 0, 0
0.00518099, 0, 1
0.00518374, 0, 0
0.00518434, 1, 0
0.00518707, 0, 0
0.00518767, 0, 1
0.00519042, 0, 0
0.00519102, 1, 0
0.00519375, 0, 0
0.00519435, 0, 1
0.00519710, 0, 0
0.00519770, 1, 0
0.00520043, 0, 0
0.00520103, 0, 1
0.00520378, 0, 0
0.00520438, 1, 0
0.00520711, 0, 0
0.00520771, 0, 1
0.00521046, 0, 0
0.00521106, 1, 0
0.00521379, 0, 0
0.00521439, 0, 1
0.00521714, 0, 0
0.00521774, 1, 0
0.00522047, 0, 0
0.00522107, 0, 1
0.00522382, 0, 0
0.00522442, 1, 0
0.00522715, 0, 0
0.00522775, 0, 1
0.00523050, 0, 0
0.00523110, 1, 0
0.00523383, 0, 0
0.00523443, 0, 1
0.00523718, 0, 0
0.00523778, 1, 0
0.00524051, 0, 0
0.00524111, 0, 1
0.00524386, 0, 0
0.00524446, 1, 0
0.00524719, 0, 0
0.00524779, 0, 1
0.00525054, 0, 0
0.00525114, 1, 0
0.00525387, 0, 0
0.00525447, 0, 1
0.00525722, 0, 0
0.00525782, 1, 0
0.00526055, 0, 0
0.00526115, 0, 1
0.00526390, 0, 0
0.00526450, 1, 0
0.00526723, 0, 0
0.00526783, 0, 1
0.00527058, 0, 0
0.00527117, 1, 0
0.00527391, 0, 0
0.00527451, 0, 1
0.00527726, 0, 0
0.00527785, 1, 0
0.00528059, 0, 0
0.00528119, 0, 1
0.00528393, 0, 0
0.00528453, 1, 0
0.00528727, 0, 0
0.00528787, 0, 1
0.00529061, 0, 0
0.00529121, 1, 0
0.00529395, 0, 0
0.00529455, 0, 1
0.00529729, 0, 0
0.00529789, 1, 0
0.00530063, 0, 0
0.00530122, 0, 1
0.00530397, 0, 0
0.00530457, 1, 0
0.00530731, 0, 0
0.00530790, 0, 1
0.00531065, 0, 0
0.00531125, 1, 0
0.00531399, 0, 0
0.00531458, 0, 1
0.00531733, 0, 0
0.00531793, 1, 0
0.00532067, 0, 0
0.00532126, 0, 1
0.00532401, 0, 0
0.00532461, 1, 0
0.00532735, 0, 0
0.00532794, 0, 1
0.00533069, 0, 0
0.00533129, 1, 0
0.00533403, 0, 0
0.00533462, 0, 1
0.00533737, 0, 0
0.00533797, 1, 0
0.00534071, 0, 0
0.00534130, 0, 1
0.00534405, 0, 0
0.00534465, 1, 0
0.00534739, 0, 0
0.00534798, 0, 1
0.00535073, 0, 0
0.00535133, 1, 0
0.00535406, 0, 0
0.00535466, 0, 1
0.00535741, 0, 0
0.00535801, 1, 0
0.00536075, 0, 0
0.00536134, 0, 1
0.00536409, 0, 0
0.00536469, 1, 0
0.00536742, 0, 0
0.00536802, 0, 1
0.00537077, 0, 0
0.00537137, 1, 0
0.00537410, 0, 0
0.00537470, 0, 1
0.00537745, 0, 0
0.00537805, 1, 0
0.00538078, 0, 0
0.00538138, 0, 1
0.00538413, 0, 0
0.00538473, 1, 0
0.00538746, 0, 0
0.00538806, 0, 1
0.00539081, 0, 0
0.00539141, 1, 0
0.00539414, 0, 0
0.00539474, 0, 1
0.00539749, 0, 0
0.00539809, 1, 0
0.00540082, 0, 0
0.00540142, 0, 1
0.00540417, 0, 0
0.00540477, 1, 0
0.00540750, 0, 0
0.00540810, 0, 1
0.00541085, 0, 0
0.00541145, 1, 0
0.00541418, 0, 0
0.00541478, 0, 1
0.00541753, 0, 0
0.00541813, 1, 0
0.00542086, 0, 0
0.00542146, 0, 1
0.00542421, 0, 0
0.00542481, 1, 0
0.00542754, 0, 0
0.00542814, 0, 1
0.00543089, 0, 0
0.00543149, 1, 0
0.00543422, 0, 0
0.00543482, 0, 1
0.00543757, 0, 0
0.00543816, 1, 0
0.00544090, 0, 0
0.00544150, 0, 1
0.00544425, 0, 0
0.00544485, 1, 0
0.00544758, 0, 0
0.00544818, 0, 1
0.00545093, 0, 0
0.00545152, 1, 0
0.00545426, 0, 0
0.00545486, 0, 1
0.00545761, 0, 0
0.00545820, 1, 0
0.00546094, 0, 0
0.00546154, 0, 1
0.00546428, 0, 0
0.00546488, 1, 0
0.00546762, 0, 0
0.00546821, 0, 1
0.00547096, 0, 0
0.00547156, 1, 0
0.00547430, 0, 0
0.00547489, 0, 1
0.00547764, 0, 0
0.00547824, 1, 0
0.00548098, 0, 0
0.00548157, 0, 1
0.00548432, 0, 0
0.00548492, 1, 0
0.00548766, 0, 0
0.00548825, 0, 1
0.00549100, 0, 0
0.00549160, 1, 0
0.00549434, 0, 0
0.00549493, 0, 1
0.00549768, 0, 0
0.00549828, 1, 0
0.00550102, 0, 0
0.00550161, 0, 1
0.00550436, 0, 0
0.00550496, 1, 0
0.00550770, 0, 0
0.00550829, 0, 1
0.00551104, 0, 0
0.00551164, 1, 0
0.00551438, 0, 0
0.00551497, 0, 1
0.00551772, 0, 0
0.00551832, 1, 0
0.00552106, 0, 0
0.00552165, 0, 1
0.00552440, 0, 0
0.00552500, 1, 0
0.00552774, 0, 0
0.00552833, 0, 1
0.00553108, 0, 0
0.00553168, 1, 0
0.00553441, 0, 0
0.00553501, 0, 1
0.00553776, 0, 0
0.00553836, 1, 0
0.00554109, 0, 0
0.00554169, 0, 1
0.00554444, 0, 0
0.00554504, 1, 0
0.00554777, 0, 0
0.00554837, 0, 1
0.00555112, 0, 0
0.00555172, 1, 0
0.00555445, 0, 0
0.00555505, 0, 1
0.00555780, 0, 0
0.00555840, 1, 0
0.00556113, 0, 0
0.00556173, 0, 1
0.00556448, 0, 0
0.00556508, 1, 0
0.00556781, 0, 0
0.00556841, 0, 1
0.00557116, 0, 0
0.00557176, 1, 0
0.00557449, 0, 0
0.00557509, 0, 1
0.00557784, 0, 0
0.00557844, 1, 0
0.00558117, 0, 0
0.00558177, 0, 1
0.00558452, 0, 0
0.00558512, 1, 0
0.00558785, 0, 0
0.00558845, 0, 1
0.00559120, 0, 0
0.00559180, 1, 0
0.00559453, 0, 0
0.00559513, 0, 1
0.00559788, 0, 0
0.00559848, 1, 0
0.00560121, 0, 0
0.00560181, 0, 1
0.00560456, 0, 0
0.00560516, 1, 0
0.00560789, 0, 0
0.00560849, 0, 1
0.00561124, 0, 0
0.00561183, 1, 0
0.00561457, 0, 0
0.00561517, 0, 1
0.00561792, 0, 0
0.00561851, 1, 0
0.00562125, 0, 0
0.00562185, 0, 1
0.00562460, 0, 0
0.00562519, 1, 0
0.00562793, 0, 0
0.00562853, 0, 1
0.00563128, 0, 0
0.00563187, 1, 0
0.00563461, 0, 0
0.00563521, 0, 1
0.00563795, 0, 0
0.00563855, 1, 0
0.00564129, 0, 0
0.00564188, 0, 1
0.00564463, 0, 0
0.00564523, 1, 0
0.00564797, 0, 0
0.00564856, 0, 1
0.00565131, 0, 0
0.00565191, 1, 0
0.00565465, 0, 0
0.00565524, 0, 1
0.00565799, 0, 0
0.00565859, 1, 0
0.00566133, 0, 0
0.00566192, 0, 1
0.00566467, 0, 0
0.00566527, 1, 0
0.00566801, 0, 0
0.00566860, 0, 1
0.00567135, 0, 0
0.00567195, 1, 0
0.00567469, 0, 0
0.00567528, 0, 1
0.00567803, 0, 0
0.00567863, 1, 0
0.00568137, 0, 0
0.00568196, 0, 1
0.00568471, 0, 0
0.00568531, 1, 0
0.00568805, 0, 0
0.00568864, 0, 1
0.00569139, 0, 0
0.00569199, 1, 0
0.00569473, 0, 0
0.00569532, 0, 1
0.00569807, 0, 0
0.00569867, 1, 0
0.00570140, 0, 0
0.00570200, 0, 1
0.00570475, 0, 0
0.00570535, 1, 0
0.00570808, 0, 0
0.00570868, 0, 1
0.00571143, 0, 0
0.00571203, 1, 0
0.00571476, 0, 0
0.00571536, 0, 1
0.00571811, 0, 0
0.00571871, 1, 0
0.00572144, 0, 0
0.00572204, 0, 1
0.00572479, 0, 0
0.00572539, 1, 0
0.00572812, 0, 0
0.00572872, 0, 1
0.00573147, 0, 0
0.00573207, 1, 0
0.00573480, 0, 0
0.00573540, 0, 1
0.00573815, 0, 0
0.00573875, 1, 0
0.00574148, 0, 0
0.00574208, 0, 1
0.00574483, 0, 0
0.00574543, 1, 0
0.00574816, 0, 0
0.00574876, 0, 1
0.00575151, 0, 0
0.00575211, 1, 0
0.00575484, 0, 0
0.00575544, 0, 1
0.00575819, 0, 0
0.00575879, 1, 0
0.00576152, 0, 0
0.00576212, 0, 1
0.00576487, 0, 0
0.00576547, 1, 0
0.00576820, 0, 0
0.00576880, 0, 1
0.00577155, 0, 0
0.00577215, 1, 0
0.00577488, 0, 0
0.00577548, 0, 1
0.00577823, 0, 0
0.00577882, 1, 0
0.00578156, 0, 0
0.00578216, 0, 1
0.00578491, 0, 0
0.00578550, 1, 0
0.00578824, 0, 0
0.00578884, 0, 1
0.00579159, 0, 0
0.00579218, 1, 0
0.00579492, 0, 0
0.00579552, 0, 1
0.00579826, 0, 0
0.00579886, 1, 0
0.00580160, 0, 0
0.00580220, 0, 1
0.00580494, 0, 0
0.00580554, 1, 0
0.00580828, 0, 0
0.00580888, 0, 1
0.00581162, 0, 0
0.00581222, 1, 0
0.00581496, 0, 0
0.00581555, 0, 1
0.00581830, 0, 0
0.00581890, 1, 0
0.00582164, 0, 0
0.00582223, 0, 1
0.00582498, 0, 0
0.00582558, 1, 0
0.00582832, 0, 0
0.00582891, 0, 1
0.00583166, 0, 0
0.00583226, 1, 0
0.00583500, 0, 0
0.00583559, 0, 1
0.00583834, 0, 0
0.00583894, 1, 0
0.00584168, 0, 0
0.00584227, 0, 1
0.00584502, 0, 0
0.00584562, 1, 0
0.00584836, 0, 0
0.00584895, 0, 1
0.00585170, 0, 0
0.00585230, 1, 0
0.00585504, 0, 0
0.00585563, 0, 1
0.00585838, 0, 0
0.00585898, 1, 0
0.00586172, 0, 0
0.00586231, 0, 1
0.00586506, 0, 0
0.00586566, 1, 0
0.00586840, 0, 0
0.00586899, 0, 1
0.00587174, 0, 0
0.00587234, 1, 0
0.00587507, 0, 0
0.00587567, 0, 1
0.00587842, 0, 0
0.00587902, 1, 0
0.00588175, 0, 0
0.00588235, 0, 1
0.00588510, 0, 0
0.00588570, 1, 0
0.00588843, 0, 0
0.00588903, 0, 1
0.00589178, 0, 0
0.00589238, 1, 0
0.00589511, 0, 0
0.00589571, 0, 1
0.00589846, 0, 0
0.00589906, 1, 0
0.00590179, 0, 0
0.00590239, 0, 1
0.00590514, 0, 0
0.00590574, 1, 0
0.00590847, 0, 0
0.00590907, 0, 1
0.00591182, 0, 0
0.00591242, 1, 0
0.00591515, 0, 0
0.00591575, 0, 1
0.00591850, 0, 0
0.00591910, 1, 0
0.00592183, 0, 0
0.00592243, 0, 1
0.00592518, 0, 0
0.00592578, 1, 0
0.00592851, 0, 0
0.00592911, 0, 1
0.00593186, 0, 0
0.00593246, 1, 0
0.00593519, 0, 0
0.00593579, 0, 1
0.00593854, 0, 0
0.00593914, 1, 0
0.00594187, 0, 0
0.00594247, 0, 1
0.00594522, 0, 0
0.00594582, 1, 0
0.00594855, 0, 0
0.00594915, 0, 1
0.00595190, 0, 0
0.00595249, 1, 0
0.00595523, 0, 0
0.00595583, 0, 1
0.00595858, 0, 0
0.00595917, 1, 0
0.00596191, 0, 0
0.00596251, 0, 1
0.00596526, 0, 0
0.00596585, 1, 0
0.00596859, 0, 0
0.00596919, 0, 1
0.00597194, 0, 0
0.00597253, 1, 0
0.00597527, 0, 0
0.00597587, 0, 1
0.00597861, 0, 0
0.00597921, 1, 0
0.00598195, 0, 0
0.00598255, 0, 1
0.00598529, 0, 0
0.00598589, 1, 0
0.00598863, 0, 0
0.00598922, 0, 1
0.00599197, 0, 0
0.00599257, 1, 0
0.00599531, 0, 0
0.00599590, 0, 1
0.00599865, 0, 0
0.00599925, 1, 0
0.00600199, 0, 0
0.00600258, 0, 1
0.00600533, 0, 0
0.00600593, 1, 0
0.00600867, 0, 0
0.00600926, 0, 1
0.00601201, 0, 0
0.00601261, 1, 0
0.00601535, 0, 0
0.00601594, 0, 1
0.00601869, 0, 0
0.00601929, 1, 0
0.00602203, 0, 0
0.00602262, 0, 1
0.00602537, 0, 0
0.00602597, 1, 0
0.00602871, 0, 0
0.00602930, 0, 1
0.00603205, 0, 0
0.00603265, 1, 0
0.00603538, 0, 0
0.00603598, 0, 1
0.00603873, 0, 0
0.00603933, 1, 0
0.00604207, 0, 0
0.00604266, 0, 1
0.00604541, 0, 0
0.00604601, 1, 0
0.00604875, 0, 0
0.00604934, 0, 1
0.00605209, 0, 0
0.00605269, 1, 0
0.00605542, 0, 0
0.00605602, 0, 1
0.00605877, 0, 0
0.00605937, 1, 0
0.00606210, 0, 0
0.00606270, 0, 1
0.00606545, 0, 0
0.00606605, 1, 0
0.00606878, 0, 0
0.00606938, 0, 1
0.00607213, 0, 0
0.00607273, 1, 0
0.00607546, 0, 0
0.00607606, 0, 1
0.00607881, 0, 0
0.00607941, 1, 0
0.00608214, 0, 0
0.00608274, 0, 1
0.00608549, 0, 0
0.00608609, 1, 0
0.00608882, 0, 0
0.00608942, 0, 1
0.00609217, 0, 0
0.00609277, 1, 0
0.00609550, 0, 0
0.00609610, 0, 1
0.00609885, 0, 0
0.00609945, 1, 0
0.00610218, 0, 0
0.00610278, 0, 1
0.00610553, 0, 0
0.00610613, 1, 0
0.00610886, 0, 0
0.00610946, 0, 1
0.00611221, 0, 0
0.00611281, 1, 0
0.00611554, 0, 0
0.00611614, 0, 1
0.00611889, 0, 0
0.00611949, 1, 0
0.00612222, 0, 0
0.00612282, 0, 1
0.00612557, 0, 0
0.00612617, 1, 0
0.00612890, 0, 0
0.00612950, 0, 1
0.00613225, 0, 0
0.00613284, 1, 0
0.00613558, 0, 0
0.00613618, 0, 1
0.00613892, 0, 0
0.00613952, 1, 0
0.00614226, 0, 0
0.00614286, 0, 1
0.00614560, 0, 0
0.00614620, 1, 0
0.00614894, 0, 0
0.00614954, 0, 1
0.00615228, 0, 0
0.00615288, 1, 0
0.00615562, 0, 0
0.00615621, 0, 1
0.00615896, 0, 0
0.00615956, 1, 0
0.00616230, 0, 0
0.00616289, 0, 1
0.00616564, 0, 0
0.00616624, 1, 0
0.00616898, 0, 0
0.00616957, 0, 1
0.00617232, 0, 0
0.00617292, 1, 0
0.00617566, 0, 0
0.00617625, 0, 1
0.00617900, 0, 0
0.00617960, 1, 0
0.00618234, 0, 0
0.00618293, 0, 1
0.00618568, 0, 0
0.00618628, 1, 0
0.00618902, 0, 0
0.00618961, 0, 1
0.00619236, 0, 0
0.00619296, 1, 0
0.00619570, 0, 0
0.00619629, 0, 1
0.00619904, 0, 0
0.00619964, 1, 0
0.00620238, 0, 0
0.00620297, 0, 1
0.00620572, 0, 0
0.00620632, 1, 0
0.00620906, 0, 0
0.00620965, 0, 1
0.00621240, 0, 0
0.00621300, 1, 0
0.00621574, 0, 0
0.00621633, 0, 1
0.00621908, 0, 0
0.00621968, 1, 0
0.00622241, 0, 0
0.00622301, 0, 1
0.00622576, 0, 0
0.00622636, 1, 0
0.00622909, 0, 0
0.00622969, 0, 1
0.00623244, 0, 0
0.00623304, 1, 0
0.00623577, 0, 0
0.00623637, 0, 1
0.00623912, 0, 0
0.00623972, 1, 0
0.00624245, 0, 0
0.00624305, 0, 1
0.00624580, 0, 0
0.00624640, 1, 0
0.00624913, 0, 0
0.00624973, 0, 1
0.00625248, 0, 0
0.00625308, 1, 0
0.00625581, 0, 0
0.00625641, 0, 1
0.00625916, 0, 0
0.00625976, 1, 0
0.00626249, 0, 0
0.00626309, 0, 1
0.00626584, 0, 0
0.00626644, 1, 0
0.00626917, 0, 0
0.00626977, 0, 1
0.00627252, 0, 0
0.00627312, 1, 0
0.00627585, 0, 0
0.00627645, 0, 1
0.00627920, 0, 0
0.00627980, 1, 0
0.00628253, 0, 0
0.00628313, 0, 1
0.00628588, 0, 0
0.00628648, 1, 0
0.00628921, 0, 0
0.00628981, 0, 1
0.00629256, 0, 0
0.00629316, 1, 0
0.00629589, 0, 0
0.00629649, 0, 1
0.00629924, 0, 0
0.00629983, 1, 0
0.00630257, 0, 0
0.00630317, 0, 1
0.00630592, 0, 0
0.00630651, 1, 0
0.00630925, 0, 0
0.00630985, 0, 1
0.00631259, 0, 0
0.00631319, 1, 0
0.00631593, 0, 0
0.00631652, 0, 1
0.00631927, 0, 0
0.00631987, 1, 0
0.00632261, 0, 0
0.00632320, 0, 1
0.00632595, 0, 0
0.00632655, 1, 0
0.00632929, 0, 0
0.00632988, 0, 1
0.00633263, 0, 0
0.00633323, 1, 0
0.00633597, 0, 0
0.00633656, 0, 1
0.00633931, 0, 0
0.00633991, 1, 0
0.00634265, 0, 0
0.00634324, 0, 1
0.00634599, 0, 0
0.00634659, 1, 0
0.00634933, 0, 0
0.00634992, 0, 1
0.00635267, 0, 0
0.00635327, 1, 0
0.00635601, 0, 0
0.00635660, 0, 1
0.00635935, 0, 0
0.00635995, 1, 0
0.00636269, 0, 0
0.00636328, 0, 1
0.00636603, 0, 0
0.00636663, 1, 0
0.00636937, 0, 0
0.00636996, 0, 1
0.00637271, 0, 0
0.00637331, 1, 0
0.00637605, 0, 0
0.00637664, 0, 1
0.00637939, 0, 0
0.00637999, 1, 0
0.00638272, 0, 0
0.00638332, 0, 1
0.00638607, 0, 0
0.00638667, 1, 0
0.00638940, 0, 0
0.00639000, 0, 1
0.00639275, 0, 0
0.00639335, 1, 0
0.00639608, 0, 0
0.00639668, 0, 1
0.00639943, 0, 0
0.00640003, 1, 0
0.00640276, 0, 0
0.00640336, 0, 1
0.00640611, 0, 0
0.00640671, 1, 0
0.00640944, 0, 0
0.00641004, 0, 1
0.00641279, 0, 0
0.00641339, 1, 0
0.00641612, 0, 0
0.00641672, 0, 1
0.00641947, 0, 0
0.00642007, 1, 0
0.00642280, 0, 0
0.00642340, 0, 1
0.00642615, 0, 0
0.00642675, 1, 0
0.00642948, 0, 0
0.00643008, 0, 1
0.00643283, 0, 0
0.00643343, 1, 0
0.00643616, 0, 0
0.00643676, 0, 1
0.00643951, 0, 0
0.00644011, 1, 0
0.00644284, 0, 0
0.00644344, 0, 1
0.00644619, 0, 0
0.00644679, 1, 0
0.00644952, 0, 0
0.00645012, 0, 1
0.00645287, 0, 0
0.00645347, 1, 0
0.00645620, 0, 0
0.00645680, 0, 1
0.00645955, 0, 0
0.00646015, 1, 0
0.00646288, 0, 0
0.00646348, 0, 1
0.00646623, 0, 0
0.00646683, 1, 0
0.00646956, 0, 0
0.00647016, 0, 1
0.00647291, 0, 0
0.00647350, 1, 0
0.00647624, 0, 0
0.00647684, 0, 1
0.00647959, 0, 0
0.00648018, 1, 0
0.00648292, 0, 0
0.00648352, 0, 1
0.00648626, 0, 0
0.00648686, 1, 0
0.00648960, 0, 0
0.00649019, 0, 1
0.00649294, 0, 0
0.00649354, 1, 0
0.00649628, 0, 0
0.00649687, 0, 1
0.00649962, 0, 0
0.00650022, 1, 0
0.00650296, 0, 0
0.00650355, 0, 1
0.00650630, 0, 0
0.00650690, 1, 0
0.00650964, 0, 0
0.00651023, 0, 1
0.00651298, 0, 0
0.00651358, 1, 0
0.00651632, 0, 0
0.00651691, 0, 1
0.00651966, 0, 0
0.00652026, 1, 0
0.00652300, 0, 0
0.00652359, 0, 1
0.00652634, 0, 0
0.00652694, 1, 0
0.00652968, 0, 0
0.00653027, 0, 1
0.00653302, 0, 0
0.00653362, 1, 0
0.00653636, 0, 0
0.00653695, 0, 1
0.00653970, 0, 0
0.00654030, 1, 0
0.00654304, 0, 0
0.00654363, 0, 1
0.00654638, 0, 0
0.00654698, 1, 0
0.00654971, 0, 0
0.00655031, 0, 1
0.00655306, 0, 0
0.00655366, 1, 0
0.00655640, 0, 0
0.00655699, 0, 1
0.00655974, 0, 0
0.00656034, 1, 0
0.00656307, 0, 0
0.00656367, 0, 1
0.00656642, 0, 0
0.00656702, 1, 0
0.00656975, 0, 0
0.00657035, 0, 1
0.00657310, 0, 0
0.00657370, 1, 0
0.00657643, 0, 0
0.00657703, 0, 1
0.00657978, 0, 0
0.00658038, 1, 0
0.00658311, 0, 0
0.00658371, 0, 1
0.00658646, 0, 0
0.00658706, 1, 0
0.00658979, 0, 0
0.00659039, 0, 1
0.00659314, 0, 0
0.00659374, 1, 0
0.00659647, 0, 0
0.00659707, 0, 1
0.00659982, 0, 0
0.00660042, 1, 0
0.00660315, 0, 0
0.00660375, 0, 1
0.00660650, 0, 0
0.00660710, 1, 0
0.00660983, 0, 0
0.00661043, 0, 1
0.00661318, 0, 0
0.00661378, 1, 0
0.00661651, 0, 0
0.00661711, 0, 1
0.00661986, 0, 0
0.00662046, 1, 0
0.00662319, 0, 0
0.00662379, 0, 1
0.00662654, 0, 0
0.00662714, 1, 0
0.00662987, 0, 0
0.00663047, 0, 1
0.00663322, 0, 0
0.00663382, 1, 0
0.00663655, 0, 0
0.00663715, 0, 1
0.00663990, 0, 0
0.00664050, 1, 0
0.00664323, 0, 0
0.00664383, 0, 1
0.00664658, 0, 0
0.00664717, 1, 0
0.00664991, 0, 0
0.00665051, 0, 1
0.00665325, 0, 0
0.00665385, 1, 0
0.00665659, 0, 0
0.00665719, 0, 1
0.00665993, 0, 0
0.00666053, 1, 0
0.00666327, 0, 0
0.00666386, 0, 1
0.00666661, 0, 0
0.00666721, 1, 0
0.00666995, 0, 0
0.00667054, 0, 1
0.00667329, 0, 0
0.00667389, 1, 0
0.00667663, 0, 0
0.00667722, 0, 1
0.00667997, 0, 0
0.00668057, 1, 0
0.00668331, 0, 0
0.00668390, 0, 1
0.00668665, 0, 0
0.00668725, 1, 0
0.00668999, 0, 0
0.00669058, 0, 1
0.00669333, 0, 0
0.00669393, 1, 0
0.00669667, 0, 0
0.00669726, 0, 1
0.00670001, 0, 0
0.00670061, 1, 0
0.00670335, 0, 0
0.00670394, 0, 1
0.00670669, 0, 0
0.00670729, 1, 0
0.00671003, 0, 0
0.00671062, 0, 1
0.00671337, 0, 0
0.00671397, 1, 0
0.00671671, 0, 0
0.00671730, 0, 1
0.00672005, 0, 0
0.00672065, 1, 0
0.00672339, 0, 0
0.00672398, 0, 1
0.00672673, 0, 0
0.00672733, 1, 0
0.00673006, 0, 0
0.00673066, 0, 1
0.00673341, 0, 0
0.00673401, 1, 0
0.00673674, 0, 0
0.00673734, 0, 1
0.00674009, 0, 0
0.00674069, 1, 0
0.00674342, 0, 0
0.00674402, 0, 1
0.00674677, 0, 0
0.00674737, 1, 0
0.00675010, 0, 0
0.00675070, 0, 1
0.00675345, 0, 0
0.00675405, 1, 0
0.00675678, 0, 0
0.00675738, 0, 1
0.00676013, 0, 0
0.00676073, 1, 0
0.00676346, 0, 0
0.00676406, 0, 1
0.00676681, 0, 0
0.00676741, 1, 0
0.00677014, 0, 0
0.00677074, 0, 1
0.00677349, 0, 0
0.00677409, 1, 0
0.00677682, 0, 0
0.00677742, 0, 1
0.00678017, 0, 0
0.00678077, 1, 0
0.00678350, 0, 0
0.00678410, 0, 1
0.00678685, 0, 0
0.00678745, 1, 0
0.00679018, 0, 0
0.00679078, 0, 1
0.00679353, 0, 0
0.00679413, 1, 0
0.00679686, 0, 0
0.00679746, 0, 1
0.00680021, 0, 0
0.00680081, 1, 0
0.00680354, 0, 0
0.00680414, 0, 1
0.00680689, 0, 0
0.00680749, 1, 0
0.00681022, 0, 0
0.00681082, 0, 1
0.00681357, 0, 0
0.00681416, 1, 0
0.00681690, 0, 0
0.00681750, 0, 1
0.00682025, 0, 0
0.00682084, 1, 0
0.00682358, 0, 0
0.00682418, 0, 1
0.00682692, 0, 0
0.00682752, 1, 0
0.00683026, 0, 0
0.00683086, 0, 1
0.00683360, 0, 0
0.00683420, 1, 0
0.00683694, 0, 0
0.00683753, 0, 1
0.00684028, 0, 0
0.00684088, 1, 0
0.00684362, 0, 0
0.00684421, 0, 1
0.00684696, 0, 0
0.00684756, 1, 0
0.00685030, 0, 0
0.00685089, 0, 1
0.00685364, 0, 0
0.00685424, 1, 0
0.00685698, 0, 0
0.00685757, 0, 1
0.00686032, 0, 0
0.00686092, 1, 0
0.00686366, 0, 0
0.00686425, 0, 1
0.00686700, 0, 0
0.00686760, 1, 0
0.00687034, 0, 0
0.00687093, 0, 1
0.00687368, 0, 0
0.00687428, 1, 0
0.00687702, 0, 0
0.00687761, 0, 1
0.00688036, 0, 0
0.00688096, 1, 0
0.00688370, 0, 0
0.00688429, 0, 1
0.00688704, 0, 0
0.00688764, 1, 0
0.00689038, 0, 0
0.00689097, 0, 1
0.00689372, 0, 0
0.00689432, 1, 0
0.00689706, 0, 0
0.00689765, 0, 1
0.00690040, 0, 0
0.00690100, 1, 0
0.00690373, 0, 0
0.00690433, 0, 1
0.00690708, 0, 0
0.00690768, 1, 0
0.00691041, 0, 0
0.00691101, 0, 1
0.00691376, 0, 0
0.00691436, 1, 0
0.00691709, 0, 0
0.00691769, 0, 1
0.00692044, 0, 0
0.00692104, 1, 0
0.00692377, 0, 0
0.00692437, 0, 1
0.00692712, 0, 0
0.00692772, 1, 0
0.00693045, 0, 0
0.00693105, 0, 1
0.00693380, 0, 0
0.00693440, 1, 0
0.00693713, 0, 0
0.00693773, 0, 1
0.00694048, 0, 0
0.00694108, 1, 0
0.00694381, 0, 0
0.00694441, 0, 1
0.00694716, 0, 0
0.00694776, 1, 0
0.00695049, 0, 0
0.00695109, 0, 1
0.00695384, 0, 0
0.00695444, 1, 0
0.00695717, 0, 0
0.00695777, 0, 1
0.00696052, 0, 0
0.00696112, 1, 0
0.00696385, 0, 0
0.00696445, 0, 1
0.00696720, 0, 0
0.00696780, 1, 0
0.00697053, 0, 0
0.00697113, 0, 1
0.00697388, 0, 0
0.00697448, 1, 0
0.00697721, 0, 0
0.00697781, 0, 1
0.00698056, 0, 0
0.00698115, 1, 0
0.00698389, 0, 0
0.00698449, 0, 1
0.00698724, 0, 0
0.00698783, 1, 0
0.00699057, 0, 0
0.00699117, 0, 1
0.00699392, 0, 0
0.00699451, 1, 0
0.00699725, 0, 0
0.00699785, 0, 1
0.00700059, 0, 0
0.00700119, 1, 0
0.00700393, 0, 0
0.00700452, 0, 1
0.00700727, 0, 0
0.00700787, 1, 0
0.00701061, 0, 0
0.00701120, 0, 1
0.00701395, 0, 0
0.00701455, 1, 0
0.00701729, 0, 0
0.00701788, 0, 1
0.00702063, 0, 0
0.00702123, 1, 0
0.00702397, 0, 0
0.00702456, 0, 1
0.00702731, 0, 0
0.00702791, 1, 0
0.00703065, 0, 0
0.00703124, 0, 1
0.00703399, 0, 0
0.00703459, 1, 0
0.00703733, 0, 0
0.00703792, 0, 1
0.00704067, 0, 0
0.00704127, 1, 0
0.00704401, 0, 0
0.00704460, 0, 1
0.00704735, 0, 0
0.00704795, 1, 0
0.00705069, 0, 0
0.00705128, 0, 1
0.00705403, 0, 0
0.00705463, 1, 0
0.00705737, 0, 0
0.00705796, 0, 1
0.00706071, 0, 0
0.00706131, 1, 0
0.00706404, 0, 0
0.00706464, 0, 1
0.00706739, 0, 0
0.00706799, 1, 0
0.00707072, 0, 0
0.00707132, 0, 1
0.00707407, 0, 0
0.00707467, 1, 0
0.00707740, 0, 0
0.00707800, 0, 1
0.00708075, 0, 0
0.00708135, 1, 0
0.00708408, 0, 0
0.00708468, 0, 1
0.00708743, 0, 0
0.00708803, 1, 0
0.00709076, 0, 0
0.00709136, 0, 1
0.00709411, 0, 0
0.00709471, 1, 0
0.00709744, 0, 0
0.00709804, 0, 1
0.00710079, 0, 0
0.00710139, 1, 0
0.00710412, 0, 0
0.00710472, 0, 1
0.00710747, 0, 0
0.00710807, 1, 0
0.00711080, 0, 0
0.00711140, 0, 1
0.00711415, 0, 0
0.00711475, 1, 0
0.00711748, 0, 0
0.00711808, 0, 1
0.00712083, 0, 0
0.00712143, 1, 0
0.00712416, 0, 0
0.00712476, 0, 1
0.00712751, 0, 0
0.00712811, 1, 0
0.00713084, 0, 0
0.00713144, 0, 1
0.00713419, 0, 0
0.00713479, 1, 0
0.00713752, 0, 0
0.00713812, 0, 1
0.00714087, 0, 0
0.00714147, 1, 0
0.00714420, 0, 0
0.00714480, 0, 1
0.00714755, 0, 0
0.00714815, 1, 0
0.00715088, 0, 0
0.00715148, 0, 1
0.00715423, 0, 0
0.00715483, 1, 0
0.00715756, 0, 0
0.00715816, 0, 1
0.00716091, 0, 0
0.00716150, 1, 0
0.00716424, 0, 0
0.00716484, 0, 1
0.00716758, 0, 0
0.00716818, 1, 0
0.00717092, 0, 0
0.00717152, 0, 1
0.00717426, 0, 0
0.00717486, 1, 0
0.00717760, 0, 0
0.00717820, 0, 1
0.00718094, 0, 0
0.00718154, 1, 0
0.00718428, 0, 0
0.00718487, 0, 1
0.00718762, 0, 0
0.00718822, 1, 0
0.00719096, 0, 0
0.00719155, 0, 1
0.00719430, 0, 0
0.00719490, 1, 0
0.00719764, 0, 0
0.00719823, 0, 1
0.00720098, 0, 0
0.00720158, 1, 0
0.00720432, 0, 0
0.00720491, 0, 1
0.00720766, 0, 0
0.00720826, 1, 0
0.00721100, 0, 0
0.00721159, 0, 1
0.00721434, 0, 0
0.00721494, 1, 0
0.00721768, 0, 0
0.00721827, 0, 1
0.00722102, 0, 0
0.00722162, 1, 0
0.00722436, 0, 0
0.00722495, 0, 1
0.00722770, 0, 0
0.00722830, 1, 0
0.00723104, 0, 0
0.00723163, 0, 1
0.00723438, 0, 0
0.00723498, 1, 0
0.00723772, 0, 0
0.00723831, 0, 1
0.00724106, 0, 0
0.00724166, 1, 0
0.00724440, 0, 0
0.00724499, 0, 1
0.00724774, 0, 0
0.00724834, 1, 0
0.00725107, 0, 0
0.00725167, 0, 1
0.00725442, 0, 0
0.00725502, 1, 0
0.00725775, 0, 0
0.00725835, 0, 1
0.00726110, 0, 0
0.00726170, 1, 0
0.00726443, 0, 0
0.00726503, 0, 1
0.00726778, 0, 0
0.00726838, 1, 0
0.00727111, 0, 0
0.00727171, 0, 1
0.00727446, 0, 0
0.00727506, 1, 0
0.00727779, 0, 0
0.00727839, 0, 1
0.00728114, 0, 0
0.00728174, 1, 0
0.00728447, 0, 0
0.00728507, 0, 1
0.00728782, 0, 0
0.00728842, 1, 0
0.00729115, 0, 0
0.00729175, 0, 1
0.00729450, 0, 0
0.00729510, 1, 0
0.00729783, 0, 0
0.00729843, 0, 1
0.00730118, 0, 0
0.00730178, 1, 0
0.00730451, 0, 0
0.00730511, 0, 1
0.00730786, 0, 0
0.00730846, 1, 0
0.00731119, 0, 0
0.00731179, 0, 1
0.00731454, 0, 0
0.00731513, 1, 0
0.00731787, 0, 0
0.00731847, 0, 1
0.00732122, 0, 0
0.00732181, 1, 0
0.00732455, 0, 0
0.00732515, 0, 1
0.00732790, 0, 0
0.00732850, 1, 0
0.00733123, 0, 0
0.00733183, 0, 1
0.00733458, 0, 0
0.00733517, 1, 0
0.00733791, 0, 0
0.00733851, 0, 1
0.00734125, 0, 0
0.00734185, 1, 0
0.00734459, 0, 0
0.00734519, 0, 1
0.00734793, 0, 0
0.00734853, 1, 0
0.00735127, 0, 0
0.00735186, 0, 1
0.00735461, 0, 0
0.00735521, 1, 0
0.00735795, 0, 0
0.00735854, 0, 1
0.00736129, 0, 0
0.00736189, 1, 0
0.00736463, 0, 0
0.00736522, 0, 1
0.00736797, 0, 0
0.00736857, 1, 0
0.00737131, 0, 0
0.00737190, 0, 1
0.00737465, 0, 0
0.00737525, 1, 0
0.00737799, 0, 0
0.00737858, 0, 1
0.00738133, 0, 0
0.00738193, 1, 0
0.00738467, 0, 0
0.00738526, 0, 1
0.00738801, 0, 0
0.00738861, 1, 0
0.00739135, 0, 0
0.00739194, 0, 1
0.00739469, 0, 0
0.00739529, 1, 0
0.00739803, 0, 0
0.00739862, 0, 1
0.00740137, 0, 0
0.00740197, 1, 0
0.00740470, 0, 0
0.00740530, 0, 1
0.00740805, 0, 0
0.00740865, 1, 0
0.00741139, 0, 0
0.00741198, 0, 1
0.00741473, 0, 0
0.00741533, 1, 0
0.00741806, 0, 0
0.00741866, 0, 1
0.00742141, 0, 0
0.00742201, 1, 0
0.00742474, 0, 0
0.00742534, 0, 1
0.00742809, 0, 0
0.00742869, 1, 0
0.00743142, 0, 0
0.00743202, 0, 1
0.00743477, 0, 0
0.00743537, 1, 0
0.00743810, 0, 0
0.00743870, 0, 1
0.00744145, 0, 0
0.00744205, 1, 0
0.00744478, 0, 0
0.00744538, 0, 1
0.00744813, 0, 0
0.00744873, 1, 0
0.00745146, 0, 0
0.00745206, 0, 1
0.00745481, 0, 0
0.00745541, 1, 0
0.00745814, 0, 0
0.00745874, 0, 1
0.00746149, 0, 0
0.00746209, 1, 0
0.00746482, 0, 0
0.00746542, 0, 1
0.00746817, 0, 0
0.00746877, 1, 0
0.00747150, 0, 0
0.00747210, 0, 1
0.00747485, 0, 0
0.00747545, 1, 0
0.00747818, 0, 0
0.00747878, 0, 1
0.00748153, 0, 0
0.00748213, 1, 0
0.00748486, 0, 0
0.00748546, 0, 1
0.00748821, 0, 0
0.00748880, 1, 0
0.00749154, 0, 0
0.00749214, 0, 1
0.00749489, 0, 0
0.00749548, 1, 0
0.00749822, 0, 0
0.00749882, 0, 1
0.00750157, 0, 0
0.00750216, 1, 0
0.00750490, 0, 0
0.00750550, 0, 1
0.00750825, 0, 0
0.00750884, 1, 0
0.00751158, 0, 0
0.00751218, 0, 1
0.00751492, 0, 0
0.00751552, 1, 0
0.00751826, 0, 0
0.00751886, 0, 1
0.00752160, 0, 0
0.00752220, 1, 0
0.00752494, 0, 0
0.00752553, 0, 1
0.00752828, 0, 0
0.00752888, 1, 0
0.00753162, 0, 0
0.00753221, 0, 1
0.00753496, 0, 0
0.00753556, 1, 0
0.00753830, 0, 0
0.00753889, 0, 1
0.00754164, 0, 0
0.00754224, 1, 0
0.00754498, 0, 0
0.00754557, 0, 1
0.00754832, 0, 0
0.00754892, 1, 0
0.00755166, 0, 0
0.00755225, 0, 1
0.00755500, 0, 0
0.00755560, 1, 0
0.00755834, 0, 0
0.00755893, 0, 1
0.00756168, 0, 0
0.00756228, 1, 0
0.00756502, 0, 0
0.00756561, 0, 1
0.00756836, 0, 0
0.00756896, 1, 0
0.00757170, 0, 0
0.00757229, 0, 1
0.00757504, 0, 0
0.00757564, 1, 0
0.00757837, 0, 0
0.00757897, 0, 1
0.00758172, 0, 0
0.00758232, 1, 0
0.00758505, 0, 0
0.00758565, 0, 1
0.00758840, 0, 0
0.00758900, 1, 0
0.00759173, 0, 0
0.00759233, 0, 1
0.00759508, 0, 0
0.00759568, 1, 0
0.00759841, 0, 0
0.00759901, 0, 1
0.00760176, 0, 0
0.00760236, 1, 0
0.00760509, 0, 0
0.00760569, 0, 1
0.00760844, 0, 0
0.00760904, 1, 0
0.00761177, 0, 0
0.00761237, 0, 1
0.00761512, 0, 0
0.00761572, 1, 0
0.00761845, 0, 0
0.00761905, 0, 1
0.00762180, 0, 0
0.00762240, 1, 0
0.00762513, 0, 0
0.00762573, 0, 1
0.00762848, 0, 0
0.00762908, 1, 0
0.00763181, 0, 0
0.00763241, 0, 1
0.00763516, 0, 0
0.00763576, 1, 0
0.00763849, 0, 0
0.00763909, 0, 1
0.00764184, 0, 0
0.00764244, 1, 0
0.00764517, 0, 0
0.00764577, 0, 1
0.00764852, 0, 0
0.00764912, 1, 0
0.00765185, 0, 0
0.00765245, 0, 1
0.00765520, 0, 0
0.00765580, 1, 0
0.00765853, 0, 0
0.00765913, 0, 1
0.00766188, 0, 0
0.00766248, 1, 0
0.00766521, 0, 0
0.00766581, 0, 1
0.00766856, 0, 0
0.00766915, 1, 0
0.00767189, 0, 0
0.00767249, 0, 1
0.00767524, 0, 0
0.00767583, 1, 0
0.00767857, 0, 0
0.00767917, 0, 1
0.00768191, 0, 0
0.00768251, 1, 0
0.00768525, 0, 0
0.00768584, 0, 1
0.00768859, 0, 0
0.00768919, 1, 0
0.00769193, 0, 0
0.00769252, 0, 1
0.00769527, 0, 0
0.00769587, 1, 0
0.00769861, 0, 0
0.00769920, 0, 1
0.00770195, 0, 0
0.00770255, 1, 0
0.00770529, 0, 0
0.00770588, 0, 1
0.00770863, 0, 0
0.00770923, 1, 0
0.00771197, 0, 0
0.00771256, 0, 1
0.00771531, 0, 0
0.00771591, 1, 0
0.00771865, 0, 0
0.00771924, 0, 1
0.00772199, 0, 0
0.00772259, 1, 0
0.00772533, 0, 0
0.00772592, 0, 1
0.00772867, 0, 0
0.00772927, 1, 0
0.00773201, 0, 0
0.00773260, 0, 1
0.00773535, 0, 0
0.00773595, 1, 0
0.00773869, 0, 0
0.00773928, 0, 1
0.00774203, 0, 0
0.00774263, 1, 0
0.00774537, 0, 0
0.00774596, 0, 1
0.00774871, 0, 0
0.00774931, 1, 0
0.00775204, 0, 0
0.00775264, 0, 1
0.00775539, 0, 0
0.00775599, 1, 0
0.00775872, 0, 0
0.00775932, 0, 1
0.00776207, 0, 0
0.00776267, 1, 0
0.00776540, 0, 0
0.00776600, 0, 1
0.00776875, 0, 0
0.00776935, 1, 0
0.00777208, 0, 0
0.00777268, 0, 1
0.00777543, 0, 0
0.00777603, 1, 0
0.00777876, 0, 0
0.00777936, 0, 1
0.00778211, 0, 0
0.00778271, 1, 0
0.00778544, 0, 0
0.00778604, 0, 1
0.00778879, 0, 0
0.00778939, 1, 0
0.00779212, 0, 0
0.00779272, 0, 1
0.00779547, 0, 0
0.00779607, 1, 0
0.00779880, 0, 0
0.00779940, 0, 1
0.00780215, 0, 0
0.00780275, 1, 0
0.00780548, 0, 0
0.00780608, 0, 1
0.00780883, 0, 0
0.00780943, 1, 0
0.00781216, 0, 0
0.00781276, 0, 1
0.00781551, 0, 0
0.00781611, 1, 0
0.00781884, 0, 0
0.00781944, 0, 1
0.00782219, 0, 0
0.00782279, 1, 0
0.00782552, 0, 0
0.00782612, 0, 1
0.00782887, 0, 0
0.00782947, 1, 0
0.00783220, 0, 0
0.00783280, 0, 1
0.00783555, 0, 0
0.00783615, 1, 0
0.00783888, 0, 0
0.00783948, 0, 1
0.00784223, 0, 0
0.00784282, 1, 0
0.00784556, 0, 0
0.00784616, 0, 1
0.00784890, 0, 0
0.00784950, 1, 0
0.00785224, 0, 0
0.00785283, 0, 1
0.00785558, 0, 0
0.00785618, 1, 0
0.00785892, 0, 0
0.00785951, 0, 1
0.00786226, 0, 0
0.00786286, 1, 0
0.00786560, 0, 0
0.00786619, 0, 1
0.00786894, 0, 0
0.00786954, 1, 0
0.00787228, 0, 0
0.00787287, 0, 1
0.00787562, 0, 0
0.00787622, 1, 0
0.00787896, 0, 0
0.00787955, 0, 1
0.00788230, 0, 0
0.00788290, 1, 0
0.00788564, 0, 0
0.00788623, 0, 1
0.00788898, 0, 0
0.00788958, 1, 0
0.00789232, 0, 0
0.00789291, 0, 1
0.00789566, 0, 0
0.00789626, 1, 0
0.00789900, 0, 0
0.00789959, 0, 1
0.00790234, 0, 0
0.00790294, 1, 0
0.00790568, 0, 0
0.00790627, 0, 1
0.00790902, 0, 0
0.00790962, 1, 0
0.00791236, 0, 0
0.00791295, 0, 1
0.00791570, 0, 0
0.00791630, 1, 0
0.00791903, 0, 0
0.00791963, 0, 1
0.00792238, 0, 0
0.00792298, 1, 0
0.00792571, 0, 0
0.00792631, 0, 1
0.00792906, 0, 0
0.00792966, 1, 0
0.00793239, 0, 0
0.00793299, 0, 1
0.00793574, 0, 0
0.00793634, 1, 0
0.00793907, 0, 0
0.00793967, 0, 1
0.00794242, 0, 0
0.00794302, 1, 0
0.00794575, 0, 0
0.00794635, 0, 1
0.00794910, 0, 0
0.00794970, 1, 0
0.00795243, 0, 0
0.00795303, 0, 1
0.00795578, 0, 0
0.00795638, 1, 0
0.00795911, 0, 0
0.00795971, 0, 1
0.00796246, 0, 0
0.00796306, 1, 0
0.00796579, 0, 0
0.00796639, 0, 1
0.00796914, 0, 0
0.00796974, 1, 0
0.00797247, 0, 0
0.00797307, 0, 1
0.00797582, 0, 0
0.00797642, 1, 0
0.00797915, 0, 0
0.00797975, 0, 1
0.00798250, 0, 0
0.00798310, 1, 0
0.00798583, 0, 0
0.00798643, 0, 1
0.00798918, 0, 0
0.00798978, 1, 0
0.00799251, 0, 0
0.00799311, 0, 1
0.00799586, 0, 0
0.00799646, 1, 0
0.00799919, 0, 0
0.00799979, 0, 1
0.00800254, 0, 0
0.00800313, 1, 0
0.00800587, 0, 0
0.00800647, 0, 1
0.00800922, 0, 0
0.00800981, 1, 0
0.00801255, 0, 0
0.00801315, 0, 1
0.00801590, 0, 0
0.00801649, 1, 0
0.00801923, 0, 0
0.00801983, 0, 1
0.00802257, 0, 0
0.00802317, 1, 0
0.00802591, 0, 0
0.00802651, 0, 1
0.00802925, 0, 0
0.00802985, 1, 0
0.00803259, 0, 0
0.00803318, 0, 1
0.00803593, 0, 0
0.00803653, 1, 0
0.00803927, 0, 0
0.00803986, 0, 1
0.00804261, 0, 0
0.00804321, 1, 0
0.00804595, 0, 0
0.00804654, 0, 1
0.00804929, 0, 0
0.00804989, 1, 0
0.00805263, 0, 0
0.00805322, 0, 1
0.00805597, 0, 0
0.00805657, 1, 0
0.00805931, 0, 0
0.00805990, 0, 1
0.00806265, 0, 0
0.00806325, 1, 0
0.00806599, 0, 0
0.00806658, 0, 1
0.00806933, 0, 0
0.00806993, 1, 0
0.00807267, 0, 0
0.00807326, 0, 1
0.00807601, 0, 0
0.00807661, 1, 0
0.00807935, 0, 0
0.00807994, 0, 1
0.00808269, 0, 0
0.00808329, 1, 0
0.00808603, 0, 0
0.00808662, 0, 1
0.00808937, 0, 0
0.00808997, 1, 0
0.00809270, 0, 0
0.00809330, 0, 1
0.00809605, 0, 0
0.00809665, 1, 0
0.00809938, 0, 0
0.00809998, 0, 1
0.00810273, 0, 0
0.00810333, 1, 0
0.00810606, 0, 0
0.00810666, 0, 1
0.00810941, 0, 0
0.00811001, 1, 0
0.00811274, 0, 0
0.00811334, 0, 1
0.00811609, 0, 0
0.00811669, 1, 0
0.00811942, 0, 0
0.00812002, 0, 1
0.00812277, 0, 0
0.00812337, 1, 0
0.00812610, 0, 0
0.00812670, 0, 1
0.00812945, 0, 0
0.00813005, 1, 0
0.00813278, 0, 0
0.00813338, 0, 1
0.00813613, 0, 0
0.00813673, 1, 0
0.00813946, 0, 0
0.00814006, 0, 1
0.00814281, 0, 0
0.00814341, 1, 0
0.00814614, 0, 0
0.00814674, 0, 1
0.00814949, 0, 0
0.00815009, 1, 0
0.00815282, 0, 0
0.00815342, 0, 1
0.00815617, 0, 0
0.00815677, 1, 0
0.00815950, 0, 0
0.00816010, 0, 1
0.00816285, 0, 0
0.00816345, 1, 0
0.00816618, 0, 0
0.00816678, 0, 1
0.00816953, 0, 0
0.00817013, 1, 0
0.00817286, 0, 0
0.00817346, 0, 1
0.00817621, 0, 0
0.00817681, 1, 0
0.00817954, 0, 0
0.00818014, 0, 1
0.00818289, 0, 0
0.00818348, 1, 0
0.00818622, 0, 0
0.00818682, 0, 1
0.00818957, 0, 0
0.00819016, 1, 0
0.00819290, 0, 0
0.00819350, 0, 1
0.00819624, 0, 0
0.00819684, 1, 0
0.00819958, 0, 0
0.00820018, 0, 1
0.00820292, 0, 0
0.00820352, 1, 0
0.00820626, 0, 0
0.00820685, 0, 1
0.00820960, 0, 0
0.00821020, 1, 0
0.00821294, 0, 0
0.00821353, 0, 1
0.00821628, 0, 0
0.00821688, 1, 0
0.00821962, 0, 0
0.00822021, 0, 1
0.00822296, 0, 0
0.00822356, 1, 0
0.00822630, 0, 0
0.00822689, 0, 1
0.00822964, 0, 0
0.00823024, 1, 0
0.00823298, 0, 0
0.00823357, 0, 1
0.00823632, 0, 0
0.00823692, 1, 0
0.00823966, 0, 0
0.00824025, 0, 1
0.00824300, 0, 0
0.00824360, 1, 0
0.00824634, 0, 0
0.00824693, 0, 1
0.00824968, 0, 0
0.00825028, 1, 0
0.00825302, 0, 0
0.00825361, 0, 1
0.00825636, 0, 0
0.00825696, 1, 0
0.00825969, 0, 0
0.00826029, 0, 1
0.00826304, 0, 0
0.00826364, 1, 0
0.00826637, 0, 0
0.00826697, 0, 1
0.00826972, 0, 0
0.00827032, 1, 0
0.00827305, 0, 0
0.00827365, 0, 1
0.00827640, 0, 0
0.00827700, 1, 0
0.00827973, 0, 0
0.00828033, 0, 1
0.00828308, 0, 0
0.00828368, 1, 0
0.00828641, 0, 0
0.00828701, 0, 1
0.00828976, 0, 0
0.00829036, 1, 0
0.00829309, 0, 0
0.00829369, 0, 1
0.00829644, 0, 0
0.00829704, 1, 0
0.00829977, 0, 0
0.00830037, 0, 1
0.00830312, 0, 0
0.00830372, 1, 0
0.00830645, 0, 0
0.00830705, 0, 1
0.00830980, 0, 0
0.00831040, 1, 0
0.00831313, 0, 0
0.00831373, 0, 1
0.00831648, 0, 0
0.00831708, 1, 0
0.00831981, 0, 0
0.00832041, 0, 1
0.00832316, 0, 0
0.00832376, 1, 0
0.00832649, 0, 0
0.00832709, 0, 1
0.00832984, 0, 0
0.00833044, 1, 0
0.00833317, 0, 0
0.00833377, 0, 1
0.00833652, 0, 0
0.00833712, 1, 0
0.00833985, 0, 0
0.00834045, 0, 1
0.00834320, 0, 0
0.00834379, 1, 0
0.00834653, 0, 0
0.00834713, 0, 1
0.00834988, 0, 0
0.00835047, 1, 0
0.00835321, 0, 0
0.00835381, 0, 1
0.00835656, 0, 0
0.00835715, 1, 0
0.00835989, 0, 0
0.00836049, 0, 1
0.00836324, 0, 0
0.00836383, 1, 0
0.00836657, 0, 0
0.00836717, 0, 1
0.00836991, 0, 0
0.00837051, 1, 0
0.00837325, 0, 0
0.00837385, 0, 1
0.00837659, 0, 0
0.00837719, 1, 0
0.00837993, 0, 0
0.00838052, 0, 1
0.00838327, 0, 0
0.00838387, 1, 0
0.00838661, 0, 0
0.00838720, 0, 1
0.00838995, 0, 0
0.00839055, 1, 0
0.00839329, 0, 0
0.00839388, 0, 1
0.00839663, 0, 0
0.00839723, 1, 0
0.00839997, 0, 0
0.00840056, 0, 1
0.00840331, 0, 0
0.00840391, 1, 0
0.00840665, 0, 0
0.00840724, 0, 1
0.00840999, 0, 0
0.00841059, 1, 0
0.00841333, 0, 0
0.00841392, 0, 1
0.00841667, 0, 0
0.00841727, 1, 0
0.00842001, 0, 0
0.00842060, 0, 1
0.00842335, 0, 0
0.00842395, 1, 0
0.00842669, 0, 0
0.00842728, 0, 1
0.00843003, 0, 0
0.00843063, 1, 0
0.00843337, 0, 0
0.00843396, 0, 1
0.00843671, 0, 0
0.00843731, 1, 0
0.00844004, 0, 0
0.00844064, 0, 1
0.00844339, 0, 0
0.00844399, 1, 0
0.00844672, 0, 0
0.00844732, 0, 1
0.00845007, 0, 0
0.00845067, 1, 0
0.00845340, 0, 0
0.00845400, 0, 1
0.00845675, 0, 0
0.00845735, 1, 0
0.00846008, 0, 0
0.00846068, 0, 1
0.00846343, 0, 0
0.00846403, 1, 0
0.00846676, 0, 0
0.00846736, 0, 1
0.00847011, 0, 0
0.00847071, 1, 0
0.00847344, 0, 0
0.00847404, 0, 1
0.00847679, 0, 0
0.00847739, 1, 0
0.00848012, 0, 0
0.00848072, 0, 1
0.00848347, 0, 0
0.00848407, 1, 0
0.00848680, 0, 0
0.00848740, 0, 1
0.00849015, 0, 0
0.00849075, 1, 0
0.00849348, 0, 0
0.00849408, 0, 1
0.00849683, 0, 0
0.00849743, 1, 0
0.00850016, 0, 0
0.00850076, 0, 1
0.00850351, 0, 0
0.00850411, 1, 0
0.00850684, 0, 0
0.00850744, 0, 1
0.00851019, 0, 0
0.00851079, 1, 0
0.00851352, 0, 0
0.00851412, 0, 1
0.00851687, 0, 0
0.00851747, 1, 0
0.00852020, 0, 0
0.00852080, 0, 1
0.00852355, 0, 0
0.00852414, 1, 0
0.00852688, 0, 0
0.00852748, 0, 1
0.00853022, 0, 0
0.00853082, 1, 0
0.00853356, 0, 0
0.00853416, 0, 1
0.00853690, 0, 0
0.00853750, 1, 0
0.00854024, 0, 0
0.00854083, 0, 1
0.00854358, 0, 0
0.00854418, 1, 0
0.00854692, 0, 0
0.00854751, 0, 1
0.00855026, 0, 0
0.00855086, 1, 0
0.00855360, 0, 0
0.00855420, 0, 1
0.00855694, 0, 0
0.00855754, 1, 0
0.00856028, 0, 0
0.00856087, 0, 1
0.00856362, 0, 0
0.00856422, 1, 0
0.00856696, 0, 0
0.00856755, 0, 1
0.00857030, 0, 0
0.00857090, 1, 0
0.00857364, 0, 0
0.00857423, 0, 1
0.00857698, 0, 0
0.00857758, 1, 0
0.00858032, 0, 0
0.00858091, 0, 1
0.00858366, 0, 0
0.00858426, 1, 0
0.00858700, 0, 0
0.00858759, 0, 1
0.00859034, 0, 0
0.00859094, 1, 0
0.00859368, 0, 0
0.00859427, 0, 1
0.00859702, 0, 0
0.00859762, 1, 0
0.00860036, 0, 0
0.00860095, 0, 1
0.00860370, 0, 0
0.00860430, 1, 0
0.00860704, 0, 0
0.00860763, 0, 1
0.00861038, 0, 0
0.00861098, 1, 0
0.00861371, 0, 0
0.00861431, 0, 1
0.00861706, 0, 0
0.00861766, 1, 0
0.00862039, 0, 0
0.00862099, 0, 1
0.00862374, 0, 0
0.00862434, 1, 0
0.00862707, 0, 0
0.00862767, 0, 1
0.00863042, 0, 0
0.00863102, 1, 0
0.00863375, 0, 0
0.00863435, 0, 1
0.00863710, 0, 0
0.00863770, 1, 0
0.00864043, 0, 0
0.00864103, 0, 1
0.00864378, 0, 0
0.00864438, 1, 0
0.00864711, 0, 0
0.00864771, 0, 1
0.00865046, 0, 0
0.00865106, 1, 0
0.00865379, 0, 0
0.00865439, 0, 1
0.00865714, 0, 0
0.00865774, 1, 0
0.00866047, 0, 0
0.00866107, 0, 1
0.00866382, 0, 0
0.00866442, 1, 0
0.00866715, 0, 0
0.00866775, 0, 1
0.00867050, 0, 0
0.00867110, 1, 0
0.00867383, 0, 0
0.00867443, 0, 1
0.00867718, 0, 0
0.00867778, 1, 0
0.00868051, 0, 0
0.00868111, 0, 1
0.00868386, 0, 0
0.00868446, 1, 0
0.00868719, 0, 0
0.00868779, 0, 1
0.00869054, 0, 0
0.00869113, 1, 0
0.00869387, 0, 0
0.00869447, 0, 1
0.00869722, 0, 0
0.00869781, 1, 0
0.00870055, 0, 0
0.00870115, 0, 1
0.00870390, 0, 0
0.00870449, 1, 0
0.00870723, 0, 0
0.00870783, 0, 1
0.00871057, 0, 0
0.00871117, 1, 0
0.00871391, 0, 0
0.00871451, 0, 1
0.00871725, 0, 0
0.00871785, 1, 0
0.00872059, 0, 0
0.00872118, 0, 1
0.00872393, 0, 0
0.00872453, 1, 0
0.00872727, 0, 0
0.00872786, 0, 1
0.00873061, 0, 0
0.00873121, 1, 0
0.00873395, 0, 0
0.00873454, 0, 1
0.00873729, 0, 0
0.00873789, 1, 0
0.00874063, 0, 0
0.00874122, 0, 1
0.00874397, 0, 0
0.00874457, 1, 0
0.00874731, 0, 0
0.00874790, 0, 1
0.00875065, 0, 0
0.00875125, 1, 0
0.00875399, 0, 0
0.00875458, 0, 1
0.00875733, 0, 0
0.00875793, 1, 0
0.00876067, 0, 0
0.00876126, 0, 1
0.00876401, 0, 0
0.00876461, 1, 0
0.00876735, 0, 0
0.00876794, 0, 1
0.00877069, 0, 0
0.00877129, 1, 0
0.00877403, 0, 0
0.00877462, 0, 1
0.00877737, 0, 0
0.00877797, 1, 0
0.00878071, 0, 0
0.00878130, 0, 1
0.00878405, 0, 0
0.00878465, 1, 0
0.00878738, 0, 0
0.00878798, 0, 1
0.00879073, 0, 0
0.00879133, 1, 0
0.00879406, 0, 0
0.00879466, 0, 1
0.00879741, 0, 0
0.00879801, 1, 0
0.00880074, 0, 0
0.00880134, 0, 1
0.00880409, 0, 0
0.00880469, 1, 0
0.00880742, 0, 0
0.00880802, 0, 1
0.00881077, 0, 0
0.00881137, 1, 0
0.00881410, 0, 0
0.00881470, 0, 1
0.00881745, 0, 0
0.00881805, 1, 0
0.00882078, 0, 0
0.00882138, 0, 1
0.00882413, 0, 0
0.00882473, 1, 0
0.00882746, 0, 0
0.00882806, 0, 1
0.00883081, 0, 0
0.00883141, 1, 0
0.00883414, 0, 0
0.00883474, 0, 1
0.00883749, 0, 0
0.00883809, 1, 0
0.00884082, 0, 0
0.00884142, 0, 1
0.00884417, 0, 0
0.00884477, 1, 0
0.00884750, 0, 0
0.00884810, 0, 1
0.00885085, 0, 0
0.00885145, 1, 0
0.00885418, 0, 0
0.00885478, 0, 1
0.00885753, 0, 0
0.00885812, 1, 0
0.00886086, 0, 0
0.00886146, 0, 1
0.00886421, 0, 0
0.00886480, 1, 0
0.00886754, 0, 0
0.00886814, 0, 1
0.00887089, 0, 0
0.00887148, 1, 0
0.00887422, 0, 0
0.00887482, 0, 1
0.00887757, 0, 0
0.00887816, 1, 0
0.00888090, 0, 0
0.00888150, 0, 1
0.00888424, 0, 0
0.00888484, 1, 0
0.00888758, 0, 0
0.00888818, 0, 1
0.00889092, 0, 0
0.00889152, 1, 0
0.00889426, 0, 0
0.00889485, 0, 1
0.00889760, 0, 0
0.00889820, 1, 0
0.00890094, 0, 0
0.00890153, 0, 1
0.00890428, 0, 0
0.00890488, 1, 0
0.00890762, 0, 0
0.00890821, 0, 1
0.00891096, 0, 0
0.00891156, 1, 0
0.00891430, 0, 0
0.00891489, 0, 1
0.00891764, 0, 0
0.00891824, 1, 0
0.00892098, 0, 0
0.00892157, 0, 1
0.00892432, 0, 0
0.00892492, 1, 0
0.00892766, 0, 0
0.00892825, 0, 1
0.00893100, 0, 0
0.00893160, 1, 0
0.00893434, 0, 0
0.00893493, 0, 1
0.00893768, 0, 0
0.00893828, 1, 0
0.00894102, 0, 0
0.00894161, 0, 1
0.00894436, 0, 0
0.00894496, 1, 0
0.00894769, 0, 0
0.00894829, 0, 1
0.00895104, 0, 0
0.00895164, 1, 0
0.00895437, 0, 0
0.00895497, 0, 1
0.00895772, 0, 0
0.00895832, 1, 0
0.00896105, 0, 0
0.00896165, 0, 1
0.00896440, 0, 0
0.00896500, 1, 0
0.00896773, 0, 0
0.00896833, 0, 1
0.00897108, 0, 0
0.00897168, 1, 0
0.00897441, 0, 0
0.00897501, 0, 1
0.00897776, 0, 0
0.00897836, 1, 0
0.00898109, 0, 0
0.00898169, 0, 1
0.00898444, 0, 0
0.00898504, 1, 0
0.00898777, 0, 0
0.00898837, 0, 1
0.00899112, 0, 0
0.00899172, 1, 0
0.00899445, 0, 0
0.00899505, 0, 1
0.00899780, 0, 0
0.00899840, 1, 0
0.00900113, 0, 0
0.00900173, 0, 1
0.00900448, 0, 0
0.00900508, 1, 0
0.00900781, 0, 0
0.00900841, 0, 1
0.00901116, 0, 0
0.00901176, 1, 0
0.00901449, 0, 0
0.00901509, 0, 1
0.00901784, 0, 0
0.00901844, 1, 0
0.00902117, 0, 0
0.00902177, 0, 1
0.00902452, 0, 0
0.00902512, 1, 0
0.00902785, 0, 0
0.00902845, 0, 1
0.00903120, 0, 0
0.00903179, 1, 0
0.00903453, 0, 0
0.00903513, 0, 1
0.00903787, 0, 0
0.00903847, 1, 0
0.00904121, 0, 0
0.00904181, 0, 1
0.00904456, 0, 0
0.00904515, 1, 0
0.00904789, 0, 0
0.00904849, 0, 1
0.00905124, 0, 0
0.00905183, 1, 0
0.00905457, 0, 0
0.00905517, 0, 1
0.00905791, 0, 0
0.00905851, 1, 0
0.00906125, 0, 0
0.00906184, 0, 1
0.00906459, 0, 0
0.00906519, 1, 0
0.00906793, 0, 0
0.00906852, 0, 1
0.00907127, 0, 0
0.00907187, 1, 0
0.00907461, 0, 0
0.00907520, 0, 1
0.00907795, 0, 0
0.00907855, 1, 0
0.00908129, 0, 0
0.00908188, 0, 1
0.00908463, 0, 0
0.00908523, 1, 0
0.00908797, 0, 0
0.00908856, 0, 1
0.00909131, 0, 0
0.00909191, 1, 0
0.00909465, 0, 0
0.00909524, 0, 1
0.00909799, 0, 0
0.00909859, 1, 0
0.00910133, 0, 0
0.00910192, 0, 1
0.00910467, 0, 0
0.00910527, 1, 0
0.00910801, 0, 0
0.00910860, 0, 1
0.00911135, 0, 0
0.00911195, 1, 0
0.00911468, 0, 0
0.00911528, 0, 1
0.00911803, 0, 0
0.00911863, 1, 0
0.00912136, 0, 0
0.00912196, 0, 1
0.00912471, 0, 0
0.00912531, 1, 0
0.00912804, 0, 0
0.00912864, 0, 1
0.00913139, 0, 0
0.00913199, 1, 0
0.00913472, 0, 0
0.00913532, 0, 1
0.00913807, 0, 0
0.00913867, 1, 0
0.00914140, 0, 0
0.00914200, 0, 1
0.00914475, 0, 0
0.00914535, 1, 0
0.00914808, 0, 0
0.00914868, 0, 1
0.00915143, 0, 0
0.00915203, 1, 0
0.00915476, 0, 0
0.00915536, 0, 1
0.00915811, 0, 0
0.00915871, 1, 0
0.00916144, 0, 0
0.00916204, 0, 1
0.00916479, 0, 0
0.00916539, 1, 0
0.00916812, 0, 0
0.00916872, 0, 1
0.00917147, 0, 0
0.00917207, 1, 0
0.00917480, 0, 0
0.00917540, 0, 1
0.00917815, 0, 0
0.00917875, 1, 0
0.00918148, 0, 0
0.00918208, 0, 1
0.00918483, 0, 0
0.00918543, 1, 0
0.00918816, 0, 0
0.00918876, 0, 1
0.00919151, 0, 0
0.00919211, 1, 0
0.00919484, 0, 0
0.00919544, 0, 1
0.00919819, 0, 0
0.00919879, 1, 0
0.00920152, 0, 0
0.00920212, 0, 1
0.00920487, 0, 0
0.00920547, 1, 0
0.00920820, 0, 0
0.00920880, 0, 1
0.00921155, 0, 0
0.00921214, 1, 0
0.00921488, 0, 0
0.00921548, 0, 1
0.00921822, 0, 0
0.00921882, 1, 0
0.00922156, 0, 0
0.00922216, 0, 1
0.00922490, 0, 0
0.00922550, 1, 0
0.00922824, 0, 0
0.00922883, 0, 1
0.00923158, 0, 0
0.00923218, 1, 0
0.00923492, 0, 0
0.00923551, 0, 1
0.00923826, 0, 0
0.00923886, 1, 0
0.00924160, 0, 0
0.00924219, 0, 1
0.00924494, 0, 0
0.00924554, 1, 0
0.00924828, 0, 0
0.00924887, 0, 1
0.00925162, 0, 0
0.00925222, 1, 0
0.00925496, 0, 0
0.00925555, 0, 1
0.00925830, 0, 0
0.00925890, 1, 0
0.00926164, 0, 0
0.00926223, 0, 1
0.00926498, 0, 0
0.00926558, 1, 0
0.00926832, 0, 0
0.00926891, 0, 1
0.00927166, 0, 0
0.00927226, 1, 0
0.00927500, 0, 0
0.00927559, 0, 1
0.00927834, 0, 0
0.00927894, 1, 0
0.00928168, 0, 0
0.00928227, 0, 1
0.00928502, 0, 0
0.00928562, 1, 0
0.00928836, 0, 0
0.00928895, 0, 1
0.00929170, 0, 0
0.00929230, 1, 0
0.00929504, 0, 0
0.00929563, 0, 1
0.00929838, 0, 0
0.00929898, 1, 0
0.00930171, 0, 0
0.00930231, 0, 1
0.00930506, 0, 0
0.00930566, 1, 0
0.00930839, 0, 0
0.00930899, 0, 1
0.00931174, 0, 0
0.00931234, 1, 0
0.00931507, 0, 0
0.00931567, 0, 1
0.00931842, 0, 0
0.00931902, 1, 0
0.00932175, 0, 0
0.00932235, 0, 1
0.00932510, 0, 0
0.00932570, 1, 0
0.00932843, 0, 0
0.00932903, 0, 1
0.00933178, 0, 0
0.00933238, 1, 0
0.00933511, 0, 0
0.00933571, 0, 1
0.00933846, 0, 0
0.00933906, 1, 0
0.00934179, 0, 0
0.00934239, 0, 1
0.00934514, 0, 0
0.00934574, 1, 0
0.00934847, 0, 0
0.00934907, 0, 1
0.00935182, 0, 0
0.00935242, 1, 0
0.00935515, 0, 0
0.00935575, 0, 1
0.00935850, 0, 0
0.00935910, 1, 0
0.00936183, 0, 0
0.00936243, 0, 1
0.00936518, 0, 0
0.00936578, 1, 0
0.00936851, 0, 0
0.00936911, 0, 1
0.00937186, 0, 0
0.00937245, 1, 0
0.00937519, 0, 0
0.00937579, 0, 1
0.00937854, 0, 0
0.00937913, 1, 0
0.00938187, 0, 0
0.00938247, 0, 1
0.00938521, 0, 0
0.00938581, 1, 0
0.00938855, 0, 0
0.00938915, 0, 1
0.00939189, 0, 0
0.00939249, 1, 0
0.00939523, 0, 0
0.00939583, 0, 1
0.00939857, 0, 0
0.00939917, 1, 0
0.00940191, 0, 0
0.00940251, 0, 1
0.00940525, 0, 0
0.00940585, 1, 0
0.00940859, 0, 0
0.00940918, 0, 1
0.00941193, 0, 0
0.00941253, 1, 0
0.00941527, 0, 0
0.00941586, 0, 1
0.00941861, 0, 0
0.00941921, 1, 0
0.00942195, 0, 0
0.00942254, 0, 1
0.00942529, 0, 0
0.00942589, 1, 0
0.00942863, 0, 0
0.00942922, 0, 1
0.00943197, 0, 0
0.00943257, 1, 0
0.00943531, 0, 0
0.00943590, 0, 1
0.00943865, 0, 0
0.00943925, 1, 0
0.00944199, 0, 0
0.00944258, 0, 1
0.00944533, 0, 0
0.00944593, 1, 0
0.00944867, 0, 0
0.00944926, 0, 1
0.00945201, 0, 0
0.00945261, 1, 0
0.00945535, 0, 0
0.00945594, 0, 1
0.00945869, 0, 0
0.00945929, 1, 0
0.00946203, 0, 0
0.00946262, 0, 1
0.00946537, 0, 0
0.00946597, 1, 0
0.00946870, 0, 0
0.00946930, 0, 1
0.00947205, 0, 0
0.00947265, 1, 0
0.00947538, 0, 0
0.00947598, 0, 1
0.00947873, 0, 0
0.00947933, 1, 0
0.00948206, 0, 0
0.00948266, 0, 1
0.00948541, 0, 0
0.00948601, 1, 0
0.00948874, 0, 0
0.00948934, 0, 1
0.00949209, 0, 0
0.00949269, 1, 0
0.00949542, 0, 0
0.00949602, 0, 1
0.00949877, 0, 0
0.00949937, 1, 0
0.00950210, 0, 0
0.00950270, 0, 1
0.00950545, 0, 0
0.00950605, 1, 0
0.00950878, 0, 0
0.00950938, 0, 1
0.00951213, 0, 0
0.00951273, 1, 0
0.00951546, 0, 0
0.00951606, 0, 1
0.00951881, 0, 0
0.00951941, 1, 0
0.00952214, 0, 0
0.00952274, 0, 1
0.00952549, 0, 0
0.00952609, 1, 0
0.00952882, 0, 0
0.00952942, 0, 1
0.00953217, 0, 0
0.00953277, 1, 0
0.00953550, 0, 0
0.00953610, 0, 1
0.00953885, 0, 0
0.00953945, 1, 0
0.00954218, 0, 0
0.00954278, 0, 1
0.00954553, 0, 0
0.00954613, 1, 0
0.00954886, 0, 0
0.00954946, 0, 1
0.00955221, 0, 0
0.00955280, 1, 0
0.00955554, 0, 0
0.00955614, 0, 1
0.00955888, 0, 0
0.00955948, 1, 0
0.00956222, 0, 0
0.00956282, 0, 1
0.00956556, 0, 0
0.00956616, 1, 0
0.00956890, 0, 0
0.00956949, 0, 1
0.00957224, 0, 0
0.00957284, 1, 0
0.00957558, 0, 0
0.00957617, 0, 1
0.00957892, 0, 0
0.00957952, 1, 0
0.00958226, 0, 0
0.00958285, 0, 1
0.00958560, 0, 0
0.00958620, 1, 0
0.00958894, 0, 0
0.00958953, 0, 1
0.00959228, 0, 0
0.00959288, 1, 0
0.00959562, 0, 0
0.00959621, 0, 1
0.00959896, 0, 0
0.00959956, 1, 0
0.00960230, 0, 0
0.00960289, 0, 1
0.00960564, 0, 0
0.00960624, 1, 0
0.00960898, 0, 0
0.00960957, 0, 1
0.00961232, 0, 0
0.00961292, 1, 0
0.00961566, 0, 0
0.00961625, 0, 1
0.00961900, 0, 0
0.00961960, 1, 0
0.00962234, 0, 0
0.00962293, 0, 1
0.00962568, 0, 0
0.00962628, 1, 0
0.00962901, 0, 0
0.00962961, 0, 1
0.00963236, 0, 0
0.00963296, 1, 0
0.00963570, 0, 0
0.00963629, 0, 1
0.00963904, 0, 0
0.00963964, 1, 0
0.00964237, 0, 0
0.00964297, 0, 1
0.00964572, 0, 0
0.00964632, 1, 0
0.00964905, 0, 0
0.00964965, 0, 1
0.00965240, 0, 0
0.00965300, 1, 0
0.00965573, 0, 0
0.00965633, 0, 1
0.00965908, 0, 0
0.00965968, 1, 0
0.00966241, 0, 0
0.00966301, 0, 1
0.00966576, 0, 0
0.00966636, 1, 0
0.00966909, 0, 0
0.00966969, 0, 1
0.00967244, 0, 0
0.00967304, 1, 0
0.00967577, 0, 0
0.00967637, 0, 1
0.00967912, 0, 0
0.00967972, 1, 0
0.00968245, 0, 0
0.00968305, 0, 1
0.00968580, 0, 0
0.00968640, 1, 0
0.00968913, 0, 0
0.00968973, 0, 1
0.00969248, 0, 0
0.00969308, 1, 0
0.00969581, 0, 0
0.00969641, 0, 1
0.00969916, 0, 0
0.00969976, 1, 0
0.00970249, 0, 0
0.00970309, 0, 1
0.00970584, 0, 0
0.00970644, 1, 0
0.00970917, 0, 0
0.00970977, 0, 1
0.00971252, 0, 0
0.00971312, 1, 0
0.00971585, 0, 0
0.00971645, 0, 1
0.00971920, 0, 0
0.00971979, 1, 0
0.00972253, 0, 0
0.00972313, 0, 1
0.00972588, 0, 0
0.00972647, 1, 0
0.00972921, 0, 0
0.00972981, 0, 1
0.00973255, 0, 0
0.00973315, 1, 0
0.00973589, 0, 0
0.00973649, 0, 1
0.00973923, 0, 0
0.00973983, 1, 0
0.00974257, 0, 0
0.00974316, 0, 1
0.00974591, 0, 0
0.00974651, 1, 0
0.00974925, 0, 0
0.00974984, 0, 1
0.00975259, 0, 0
0.00975319, 1, 0
0.00975593, 0, 0
0.00975652, 0, 1
0.00975927, 0, 0
0.00975987, 1, 0
0.00976261, 0, 0
0.00976320, 0, 1
0.00976595, 0, 0
0.00976655, 1, 0
0.00976929, 0, 0
0.00976988, 0, 1
0.00977263, 0, 0
0.00977323, 1, 0
0.00977597, 0, 0
0.00977656, 0, 1
0.00977931, 0, 0
0.00977991, 1, 0
0.00978265, 0, 0
0.00978324, 0, 1
0.00978599, 0, 0
0.00978659, 1, 0
0.00978933, 0, 0
0.00978992, 0, 1
0.00979267, 0, 0
0.00979327, 1, 0
0.00979601, 0, 0
0.00979660, 0, 1
0.00979935, 0, 0
0.00979995, 1, 0
0.00980268, 0, 0
0.00980328, 0, 1
0.00980603, 0, 0
0.00980663, 1, 0
0.00980936, 0, 0
0.00980996, 0, 1
0.00981271, 0, 0
0.00981331, 1, 0
0.00981604, 0, 0
0.00981664, 0, 1
0.00981939, 0, 0
0.00981999, 1, 0
0.00982272, 0, 0
0.00982332, 0, 1
0.00982607, 0, 0
0.00982667, 1, 0
0.00982940, 0, 0
0.00983000, 0, 1
0.00983275, 0, 0
0.00983335, 1, 0
0.00983608, 0, 0
0.00983668, 0, 1
0.00983943, 0, 0
0.00984003, 1, 0
0.00984276, 0, 0
0.00984336, 0, 1
0.00984611, 0, 0
0.00984671, 1, 0
0.00984944, 0, 0
0.00985004, 0, 1
0.00985279, 0, 0
0.00985339, 1, 0
0.00985612, 0, 0
0.00985672, 0, 1
0.00985947, 0, 0
0.00986007, 1, 0
0.00986280, 0, 0
0.00986340, 0, 1
0.00986615, 0, 0
0.00986675, 1, 0
0.00986948, 0, 0
0.00987008, 0, 1
0.00987283, 0, 0
0.00987343, 1, 0
0.00987616, 0, 0
0.00987676, 0, 1
0.00987951, 0, 0
0.00988010, 1, 0
0.00988284, 0, 0
0.00988344, 0, 1
0.00988619, 0, 0
0.00988678, 1, 0
0.00988952, 0, 0
0.00989012, 0, 1
0.00989287, 0, 0
0.00989346, 1, 0
0.00989620, 0, 0
0.00989680, 0, 1
0.00989955, 0, 0
0.00990014, 1, 0
0.00990288, 0, 0
0.00990348, 0, 1
0.00990622, 0, 0
0.00990682, 1, 0
0.00990956, 0, 0
0.00991015, 0, 1
0.00991290, 0, 0
0.00991350, 1, 0
0.00991624, 0, 0
0.00991683, 0, 1
0.00991958, 0, 0
0.00992018, 1, 0
0.00992292, 0, 0
0.00992351, 0, 1
0.00992626, 0, 0
0.00992686, 1, 0
0.00992960, 0, 0
0.00993019, 0, 1
0.00993294, 0, 0
0.00993354, 1, 0
0.00993628, 0, 0
0.00993687, 0, 1
0.00993962, 0, 0
0.00994022, 1, 0
0.00994296, 0, 0
0.00994355, 0, 1
0.00994630, 0, 0
0.00994690, 1, 0
0.00994964, 0, 0
0.00995023, 0, 1
0.00995298, 0, 0
0.00995358, 1, 0
0.00995632, 0, 0
0.00995691, 0, 1
0.00995966, 0, 0
0.00996026, 1, 0
0.00996300, 0, 0
0.00996359, 0, 1
0.00996634, 0, 0
0.00996694, 1, 0
0.00996967, 0, 0
0.00997027, 0, 1
0.00997302, 0, 0
0.00997362, 1, 0
0.00997635, 0, 0
0.00997695, 0, 1
0.00997970, 0, 0
0.00998030, 1, 0
0.00998303, 0, 0
0.00998363, 0, 1
0.00998638, 0, 0
0.00998698, 1, 0
0.00998971, 0, 0
0.00999031, 0, 1
0.00999306, 0, 0
0.00999366, 1, 0
0.00999639, 0, 0
0.00999699, 0, 1
0.00999974, 0, 0
0.01000034, 1, 0
0.01000307, 0, 0
0.01000367, 0, 1
0.01000642, 0, 0
0.01000702, 1, 0
0.01000975, 0, 0
0.01001035, 0, 1
0.01001310, 0, 0
0.01001370, 1, 0
0.01001643, 0, 0
0.01001703, 0, 1
0.01001978, 0, 0
0.01002038, 1, 0
0.01002311, 0, 0
0.01002371, 0, 1
0.01002646, 0, 0
0.01002706, 1, 0
0.01002979, 0, 0
0.01003039, 0, 1
0.01003314, 0, 0
0.01003374, 1, 0
0.01003647, 0, 0
0.01003707, 0, 1
0.01003982, 0, 0
0.01004042, 1, 0
0.01004315, 0, 0
0.01004375, 0, 1
0.01004650, 0, 0
0.01004710, 1, 0
0.01004983, 0, 0
0.01005043, 0, 1
0.01005318, 0, 0
0.01005378, 1, 0
0.01005651, 0, 0
0.01005711, 0, 1
0.01005986, 0, 0
0.01006045, 1, 0
0.01006319, 0, 0
0.01006379, 0, 1
0.01006654, 0, 0
0.01006713, 1, 0
0.01006987, 0, 0
0.01007047, 0, 1
0.01007321, 0, 0
0.01007381, 1, 0
0.01007655, 0, 0
0.01007715, 0, 1
0.01007989, 0, 0
0.01008049, 1, 0
0.01008323, 0, 0
0.01008382, 0, 1
0.01008657, 0, 0
0.01008717, 1, 0
0.01008991, 0, 0
0.01009050, 0, 1
0.01009325, 0, 0
0.01009385, 1, 0
0.01009659, 0, 0
0.01009718, 0, 1
0.01009993, 0, 0
0.01010053, 1, 0
0.01010327, 0, 0
0.01010386, 0, 1
0.01010661, 0, 0
0.01010721, 1, 0
0.01010995, 0, 0
0.01011054, 0, 1
0.01011329, 0, 0
0.01011389, 1, 0
0.01011663, 0, 0
0.01011722, 0, 1
0.01011997, 0, 0
0.01012057, 1, 0
0.01012331, 0, 0
0.01012390, 0, 1
0.01012665, 0, 0
0.01012725, 1, 0
0.01012999, 0, 0
0.01013058, 0, 1
0.01013333, 0, 0
0.01013393, 1, 0
0.01013667, 0, 0
0.01013726, 0, 1
0.01014001, 0, 0
0.01014061, 1, 0
0.01014335, 0, 0
0.01014394, 0, 1
0.01014669, 0, 0
0.01014729, 1, 0
0.01015003, 0, 0
0.01015062, 0, 1
0.01015337, 0, 0
0.01015397, 1, 0
0.01015670, 0, 0
0.01015730, 0, 1
0.01016005, 0, 0
0.01016065, 1, 0
0.01016338, 0, 0
0.01016398, 0, 1
0.01016673, 0, 0
0.01016733, 1, 0
0.01017006, 0, 0
0.01017066, 0, 1
0.01017341, 0, 0
0.01017401, 1, 0
0.01017674, 0, 0
0.01017734, 0, 1
0.01018009, 0, 0
0.01018069, 1, 0
0.01018342, 0, 0
0.01018402, 0, 1
0.01018677, 0, 0
0.01018737, 1, 0
0.01019010, 0, 0
0.01019070, 0, 1
0.01019345, 0, 0
0.01019405, 1, 0
0.01019678, 0, 0
0.01019738, 0, 1
0.01020013, 0, 0
0.01020073, 1, 0
0.01020346, 0, 0
0.01020406, 0, 1
0.01020681, 0, 0
0.01020741, 1, 0
0.01021014, 0, 0
0.01021074, 0, 1
0.01021349, 0, 0
0.01021409, 1, 0
0.01021682, 0, 0
0.01021742, 0, 1
0.01022017, 0, 0
0.01022077, 1, 0
0.01022350, 0, 0
0.01022410, 0, 1
0.01022685, 0, 0
0.01022744, 1, 0
0.01023018, 0, 0
0.01023078, 0, 1
0.01023353, 0, 0
0.01023412, 1, 0
0.01023686, 0, 0
0.01023746, 0, 1
0.01024021, 0, 0
0.01024080, 1, 0
0.01024354, 0, 0
0.01024414, 0, 1
0.01024688, 0, 0
0.01024748, 1, 0
0.01025022, 0, 0
0.01025081, 0, 1
0.01025356, 0, 0
0.01025416, 1, 0
0.01025690, 0, 0
0.01025749, 0, 1
0.01026024, 0, 0
0.01026084, 1, 0
0.01026358, 0, 0
0.01026417, 0, 1
0.01026692, 0, 0
0.01026752, 1, 0
0.01027026, 0, 0
0.01027085, 0, 1
0.01027360, 0, 0
0.01027420, 1, 0
0.01027694, 0, 0
0.01027753, 0, 1
0.01028028, 0, 0
0.01028088, 1, 0
0.01028362, 0, 0
0.01028421, 0, 1
0.01028696, 0, 0
0.01028756, 1, 0
0.01029030, 0, 0
0.01029089, 0, 1
0.01029364, 0, 0
0.01029424, 1, 0
0.01029698, 0, 0
0.01029757, 0, 1
0.01030032, 0, 0
0.01030092, 1, 0
0.01030366, 0, 0
0.01030425, 0, 1
0.01030700, 0, 0
0.01030760, 1, 0
0.01031034, 0, 0
0.01031093, 0, 1
0.01031368, 0, 0
0.01031428, 1, 0
0.01031701, 0, 0
0.01031761, 0, 1
0.01032036, 0, 0
0.01032096, 1, 0
0.01032369, 0, 0
0.01032429, 0, 1
0.01032704, 0, 0
0.01032764, 1, 0
0.01033037, 0, 0
0.01033097, 0, 1
0.01033372, 0, 0
0.01033432, 1, 0
0.01033705, 0, 0
0.01033765, 0, 1
0.01034040, 0, 0
0.01034100, 1, 0
0.01034373, 0, 0
0.01034433, 0, 1
0.01034708, 0, 0
0.01034768, 1, 0
0.01035041, 0, 0
0.01035101, 0, 1
0.01035376, 0, 0
0.01035436, 1, 0
0.01035709, 0, 0
0.01035769, 0, 1
0.01036044, 0, 0
0.01036104, 1, 0
0.01036377, 0, 0
0.01036437, 0, 1
0.01036712, 0, 0
0.01036772, 1, 0
0.01037045, 0, 0
0.01037105, 0, 1
0.01037380, 0, 0
0.01037440, 1, 0
0.01037713, 0, 0
0.01037773, 0, 1
0.01038048, 0, 0
0.01038108, 1, 0
0.01038381, 0, 0
0.01038441, 0, 1
0.01038716, 0, 0
0.01038776, 1, 0
0.01039049, 0, 0
0.01039109, 0, 1
0.01039384, 0, 0
0.01039444, 1, 0
0.01039717, 0, 0
0.01039777, 0, 1
0.01040052, 0, 0
0.01040112, 1, 0
0.01040385, 0, 0
0.01040445, 0, 1
0.01040720, 0, 0
0.01040779, 1, 0
0.01041053, 0, 0
0.01041113, 0, 1
0.01041387, 0, 0
0.01041447, 1, 0
0.01041721, 0, 0
0.01041781, 0, 1
0.01042055, 0, 0
0.01042115, 1, 0
0.01042389, 0, 0
0.01042448, 0, 1
0.01042723, 0, 0
0.01042783, 1, 0
0.01043057, 0, 0
0.01043116, 0, 1
0.01043391, 0, 0
0.01043451, 1, 0
0.01043725, 0, 0
0.01043784, 0, 1
0.01044059, 0, 0
0.01044119, 1, 0
0.01044393, 0, 0
0.01044452, 0, 1
0.01044727, 0, 0
0.01044787, 1, 0
0.01045061, 0, 0
0.01045120, 0, 1
0.01045395, 0, 0
0.01045455, 1, 0
0.01045729, 0, 0
0.01045788, 0, 1
0.01046063, 0, 0
0.01046123, 1, 0
0.01046397, 0, 0
0.01046456, 0, 1
0.01046731, 0, 0
0.01046791, 1, 0
0.01047065, 0, 0
0.01047124, 0, 1
0.01047399, 0, 0
0.01047459, 1, 0
0.01047733, 0, 0
0.01047792, 0, 1
0.01048067, 0, 0
0.01048127, 1, 0
0.01048400, 0, 0
0.01048460, 0, 1
0.01048735, 0, 0
0.01048795, 1, 0
0.01049068, 0, 0
0.01049128, 0, 1
0.01049403, 0, 0
0.01049463, 1, 0
0.01049736, 0, 0
0.01049796, 0, 1
0.01050071, 0, 0
0.01050131, 1, 0
0.01050404, 0, 0
0.01050464, 0, 1
0.01050739, 0, 0
0.01050799, 1, 0
0.01051072, 0, 0
0.01051132, 0, 1
0.01051407, 0, 0
0.01051467, 1, 0
0.01051740, 0, 0
0.01051800, 0, 1
0.01052075, 0, 0
0.01052135, 1, 0
0.01052408, 0, 0
0.01052468, 0, 1
0.01052743, 0, 0
0.01052803, 1, 0
0.01053076, 0, 0
0.01053136, 0, 1
0.01053411, 0, 0
0.01053471, 1, 0
0.01053744, 0, 0
0.01053804, 0, 1
0.01054079, 0, 0
0.01054139, 1, 0
0.01054412, 0, 0
0.01054472, 0, 1
0.01054747, 0, 0
0.01054807, 1, 0
0.01055080, 0, 0
0.01055140, 0, 1
0.01055415, 0, 0
0.01055475, 1, 0
0.01055748, 0, 0
0.01055808, 0, 1
0.01056083, 0, 0
0.01056143, 1, 0
0.01056416, 0, 0
0.01056476, 0, 1
0.01056751, 0, 0
0.01056811, 1, 0
0.01057084, 0, 0
0.01057144, 0, 1
0.01057419, 0, 0
0.01057478, 1, 0
0.01057752, 0, 0
0.01057812, 0, 1
0.01058087, 0, 0
0.01058146, 1, 0
0.01058420, 0, 0
0.01058480, 0, 1
0.01058754, 0, 0
0.01058814, 1, 0
0.01059088, 0, 0
0.01059147, 0, 1
0.01059422, 0, 0
0.01059482, 1, 0
0.01059756, 0, 0
0.01059815, 0, 1
0.01060090, 0, 0
0.01060150, 1, 0
0.01060424, 0, 0
0.01060483, 0, 1
0.01060758, 0, 0
0.01060818, 1, 0
0.01061092, 0, 0
0.01061151, 0, 1
0.01061426, 0, 0
0.01061486, 1, 0
0.01061760, 0, 0
0.01061819, 0, 1
0.01062094, 0, 0
0.01062154, 1, 0
0.01062428, 0, 0
0.01062487, 0, 1
0.01062762, 0, 0
0.01062822, 1, 0
0.01063096, 0, 0
0.01063155, 0, 1
0.01063430, 0, 0
0.01063490, 1, 0
0.01063764, 0, 0
0.01063823, 0, 1
0.01064098, 0, 0
0.01064158, 1, 0
0.01064432, 0, 0
0.01064491, 0, 1
0.01064766, 0, 0
0.01064826, 1, 0
0.01065100, 0, 0
0.01065159, 0, 1
0.01065434, 0, 0
0.01065494, 1, 0
0.01065768, 0, 0
0.01065827, 0, 1
0.01066102, 0, 0
0.01066162, 1, 0
0.01066435, 0, 0
0.01066495, 0, 1
0.01066770, 0, 0
0.01066830, 1, 0
0.01067103, 0, 0
0.01067163, 0, 1
0.01067438, 0, 0
0.01067498, 1, 0
0.01067771, 0, 0
0.01067831, 0, 1
0.01068106, 0, 0
0.01068166, 1, 0
0.01068439, 0, 0
0.01068499, 0, 1
0.01068774, 0, 0
0.01068834, 1, 0
0.01069107, 0, 0
0.01069167, 0, 1
0.01069442, 0, 0
0.01069502, 1, 0
0.01069775, 0, 0
0.01069835, 0, 1
0.01070110, 0, 0
0.01070170, 1, 0
0.01070443, 0, 0
0.01070503, 0, 1
0.01070778, 0, 0
0.01070838, 1, 0
0.01071111, 0, 0
0.01071171, 0, 1
0.01071446, 0, 0
0.01071506, 1, 0
0.01071779, 0, 0
0.01071839, 0, 1
0.01072114, 0, 0
0.01072174, 1, 0
0.01072447, 0, 0
0.01072507, 0, 1
0.01072782, 0, 0
0.01072842, 1, 0
0.01073115, 0, 0
0.01073175, 0, 1
0.01073450, 0, 0
0.01073510, 1, 0
0.01073783, 0, 0
0.01073843, 0, 1
0.01074118, 0, 0
0.01074178, 1, 0
0.01074451, 0, 0
0.01074511, 0, 1
0.01074785, 0, 0
0.01074845, 1, 0
0.01075119, 0, 0
0.01075179, 0, 1
0.01075453, 0, 0
0.01075513, 1, 0
0.01075787, 0, 0
0.01075847, 0, 1
0.01076121, 0, 0
0.01076181, 1, 0
0.01076455, 0, 0
0.01076515, 0, 1
0.01076789, 0, 0
0.01076849, 1, 0
0.01077123, 0, 0
0.01077182, 0, 1
0.01077457, 0, 0
0.01077517, 1, 0
0.01077791, 0, 0
0.01077850, 0, 1
0.01078125, 0, 0
0.01078185, 1, 0
0.01078459, 0, 0
0.01078518, 0, 1
0.01078793, 0, 0
0.01078853, 1, 0
0.01079127, 0, 0
0.01079186, 0, 1
0.01079461, 0, 0
0.01079521, 1, 0
0.01079795, 0, 0
0.01079854, 0, 1
0.01080129, 0, 0
0.01080189, 1, 0
0.01080463, 0, 0
0.01080522, 0, 1
0.01080797, 0, 0
0.01080857, 1, 0
0.01081131, 0, 0
0.01081190, 0, 1
0.01081465, 0, 0
0.01081525, 1, 0
0.01081799, 0, 0
0.01081858, 0, 1
0.01082133, 0, 0
0.01082193, 1, 0
0.01082467, 0, 0
0.01082526, 0, 1
0.01082801, 0, 0
0.01082861, 1, 0
0.01083134, 0, 0
0.01083194, 0, 1
0.01083469, 0, 0
0.01083529, 1, 0
0.01083802, 0, 0
0.01083862, 0, 1
0.01084137, 0, 0
0.01084197, 1, 0
0.01084470, 0, 0
0.01084530, 0, 1
0.01084805, 0, 0
0.01084865, 1, 0
0.01085138, 0, 0
0.01085198, 0, 1
0.01085473, 0, 0
0.01085533, 1, 0
0.01085806, 0, 0
0.01085866, 0, 1
0.01086141, 0, 0
0.01086201, 1, 0
0.01086474, 0, 0
0.01086534, 0, 1
0.01086809, 0, 0
0.01086869, 1, 0
0.01087142, 0, 0
0.01087202, 0, 1
0.01087477, 0, 0
0.01087537, 1, 0
0.01087810, 0, 0
0.01087870, 0, 1
0.01088145, 0, 0
0.01088205, 1, 0
0.01088478, 0, 0
0.01088538, 0, 1
0.01088813, 0, 0
0.01088873, 1, 0
0.01089146, 0, 0
0.01089206, 0, 1
0.01089481, 0, 0
0.01089541, 1, 0
0.01089814, 0, 0
0.01089874, 0, 1
0.01090149, 0, 0
0.01090209, 1, 0
0.01090482, 0, 0
0.01090542, 0, 1
0.01090817, 0, 0
0.01090876, 1, 0
0.01091150, 0, 0
0.01091210, 0, 1
0.01091485, 0, 0
0.01091544, 1, 0
0.01091818, 0, 0
0.01091878, 0, 1
0.01092153, 0, 0
0.01092212, 1, 0
0.01092486, 0, 0
0.01092546, 0, 1
0.01092820, 0, 0
0.01092880, 1, 0
0.01093154, 0, 0
0.01093214, 0, 1
0.01093488, 0, 0
0.01093548, 1, 0
0.01093822, 0, 0
0.01093881, 0, 1
0.01094156, 0, 0
0.01094216, 1, 0
0.01094490, 0, 0
0.01094549, 0, 1
0.01094824, 0, 0
0.01094884, 1, 0
0.01095158, 0, 0
0.01095217, 0, 1
0.01095492, 0, 0
0.01095552, 1, 0
0.01095826, 0, 0
0.01095885, 0, 1
0.01096160, 0, 0
0.01096220, 1, 0
0.01096494, 0, 0
0.01096553, 0, 1
0.01096828, 0, 0
0.01096888, 1, 0
0.01097162, 0, 0
0.01097221, 0, 1
0.01097496, 0, 0
0.01097556, 1, 0
0.01097830, 0, 0
0.01097889, 0, 1
0.01098164, 0, 0
0.01098224, 1, 0
0.01098498, 0, 0
0.01098557, 0, 1
0.01098832, 0, 0
0.01098892, 1, 0
0.01099166, 0, 0
0.01099225, 0, 1
0.01099500, 0, 0
0.01099560, 1, 0
0.01099834, 0, 0
0.01099893, 0, 1
0.01100168, 0, 0
0.01100228, 1, 0
0.01100502, 0, 0
0.01100561, 0, 1
0.01100836, 0, 0
0.01100896, 1, 0
0.01101169, 0, 0
0.01101229, 0, 1
0.01101504, 0, 0
0.01101564, 1, 0
0.01101837, 0, 0
0.01101897, 0, 1
0.01102172, 0, 0
0.01102232, 1, 0
0.01102505, 0, 0
0.01102565, 0, 1
0.01102840, 0, 0
0.01102900, 1, 0
0.01103173, 0, 0
0.01103233, 0, 1
0.01103508, 0, 0
0.01103568, 1, 0
0.01103841, 0, 0
0.01103901, 0, 1
0.01104176, 0, 0
0.01104236, 1, 0
0.01104509, 0, 0
0.01104569, 0, 1
0.01104844, 0, 0
0.01104904, 1, 0
0.01105177, 0, 0
0.01105237, 0, 1
0.01105512, 0, 0
0.01105572, 1, 0
0.01105845, 0, 0
0.01105905, 0, 1
0.01106180, 0, 0
0.01106240, 1, 0
0.01106513, 0, 0
0.01106573, 0, 1
0.01106848, 0, 0
0.01106908, 1, 0
0.01107181, 0, 0
0.01107241, 0, 1
0.01107516, 0, 0
0.01107576, 1, 0
0.01107849, 0, 0
0.01107909, 0, 1
0.01108184, 0, 0
0.01108243, 1, 0
0.01108517, 0, 0
0.01108577, 0, 1
0.01108852, 0, 0
0.01108911, 1, 0
0.01109185, 0, 0
0.01109245, 0, 1
0.01109520, 0, 0
0.01109579, 1, 0
0.01109853, 0, 0
0.01109913, 0, 1
0.01110188, 0, 0
0.01110247, 1, 0
0.01110521, 0, 0
0.01110581, 0, 1
0.01110855, 0, 0
0.01110915, 1, 0
0.01111189, 0, 0
0.01111248, 0, 1
0.01111523, 0, 0
0.01111583, 1, 0
0.01111857, 0, 0
0.01111916, 0, 1
0.01112191, 0, 0
0.01112251, 1, 0
0.01112525, 0, 0
0.01112584, 0, 1
0.01112859, 0, 0
0.01112919, 1, 0
0.01113193, 0, 0
0.01113252, 0, 1
0.01113527, 0, 0
0.01113587, 1, 0
0.01113861, 0, 0
0.01113920, 0, 1
0.01114195, 0, 0
0.01114255, 1, 0
0.01114529, 0, 0
0.01114588, 0, 1
0.01114863, 0, 0
0.01114923, 1, 0
0.01115197, 0, 0
0.01115256, 0, 1
0.01115531, 0, 0
0.01115591, 1, 0
0.01115865, 0, 0
0.01115924, 0, 1
0.01116199, 0, 0
0.01116259, 1, 0
0.01116533, 0, 0
0.01116592, 0, 1
0.01116867, 0, 0
0.01116927, 1, 0
0.01117201, 0, 0
0.01117260, 0, 1
0.01117535, 0, 0
0.01117595, 1, 0
0.01117868, 0, 0
0.01117928, 0, 1
0.01118203, 0, 0
0.01118263, 1, 0
0.01118536, 0, 0
0.01118596, 0, 1
0.01118871, 0, 0
0.01118931, 1, 0
0.01119204, 0, 0
0.01119264, 0, 1
0.01119539, 0, 0
0.01119599, 1, 0
0.01119872, 0, 0
0.01119932, 0, 1
0.01120207, 0, 0
0.01120267, 1, 0
0.01120540, 0, 0
0.01120600, 0, 1
0.01120875, 0, 0
0.01120935, 1, 0
0.01121208, 0, 0
0.01121268, 0, 1
0.01121543, 0, 0
0.01121603, 1, 0
0.01121876, 0, 0
0.01121936, 0, 1
0.01122211, 0, 0
0.01122271, 1, 0
0.01122544, 0, 0
0.01122604, 0, 1
0.01122879, 0, 0
0.01122939, 1, 0
0.01123212, 0, 0
0.01123272, 0, 1
0.01123547, 0, 0
0.01123607, 1, 0
0.01123880, 0, 0
0.01123940, 0, 1
0.01124215, 0, 0
0.01124275, 1, 0
0.01124548, 0, 0
0.01124608, 0, 1
0.01124883, 0, 0
0.01124943, 1, 0
0.01125216, 0, 0
0.01125276, 0, 1
0.01125551, 0, 0
0.01125610, 1, 0
0.01125884, 0, 0
0.01125944, 0, 1
0.01126218, 0, 0
0.01126278, 1, 0
0.01126552, 0, 0
0.01126612, 0, 1
0.01126886, 0, 0
0.01126946, 1, 0
0.01127220, 0, 0
0.01127280, 0, 1
0.01127554, 0, 0
0.01127614, 1, 0
0.01127888, 0, 0
0.01127948, 0, 1
0.01128222, 0, 0
0.01128282, 1, 0
0.01128556, 0, 0
0.01128615, 0, 1
0.01128890, 0, 0
0.01128950, 1, 0
0.01129224, 0, 0
0.01129283, 0, 1
0.01129558, 0, 0
0.01129618, 1, 0
0.01129892, 0, 0
0.01129951, 0, 1
0.01130226, 0, 0
0.01130286, 1, 0
0.01130560, 0, 0
0.01130619, 0, 1
0.01130894, 0, 0
0.01130954, 1, 0
0.01131228, 0, 0
0.01131287, 0, 1
0.01131562, 0, 0
0.01131622, 1, 0
0.01131896, 0, 0
0.01131955, 0, 1
0.01132230, 0, 0
0.01132290, 1, 0
0.01132564, 0, 0
0.01132623, 0, 1
0.01132898, 0, 0
0.01132958, 1, 0
0.01133232, 0, 0
0.01133291, 0, 1
0.01133566, 0, 0
0.01133626, 1, 0
0.01133900, 0, 0
0.01133959, 0, 1
0.01134234, 0, 0
0.01134294, 1, 0
0.01134568, 0, 0
0.01134627, 0, 1
0.01134902, 0, 0
0.01134962, 1, 0
0.01135235, 0, 0
0.01135295, 0, 1
0.01135570, 0, 0
0.01135630, 1, 0
0.01135903, 0, 0
0.01135963, 0, 1
0.01136238, 0, 0
0.01136298, 1, 0
0.01136571, 0, 0
0.01136631, 0, 1
0.01136906, 0, 0
0.01136966, 1, 0
0.01137239, 0, 0
0.01137299, 0, 1
0.01137574, 0, 0
0.01137634, 1, 0
0.01137907, 0, 0
0.01137967, 0, 1
0.01138242, 0, 0
0.01138302, 1, 0
0.01138575, 0, 0
0.01138635, 0, 1
0.01138910, 0, 0
0.01138970, 1, 0
0.01139243, 0, 0
0.01139303, 0, 1
0.01139578, 0, 0
0.01139638, 1, 0
0.01139911, 0, 0
0.01139971, 0, 1
0.01140246, 0, 0
0.01140306, 1, 0
0.01140579, 0, 0
0.01140639, 0, 1
0.01140914, 0, 0
0.01140974, 1, 0
0.01141247, 0, 0
0.01141307, 0, 1
0.01141582, 0, 0
0.01141642, 1, 0
0.01141915, 0, 0
0.01141975, 0, 1
0.01142250, 0, 0
0.01142310, 1, 0
0.01142583, 0, 0
0.01142643, 0, 1
0.01142918, 0, 0
0.01142977, 1, 0
0.01143251, 0, 0
0.01143311, 0, 1
0.01143586, 0, 0
0.01143645, 1, 0
0.01143919, 0, 0
0.01143979, 0, 1
0.01144254, 0, 0
0.01144313, 1, 0
0.01144587, 0, 0
0.01144647, 0, 1
0.01144921, 0, 0
0.01144981, 1, 0
0.01145255, 0, 0
0.01145314, 0, 1
0.01145589, 0, 0
0.01145649, 1, 0
0.01145923, 0, 0
0.01145982, 0, 1
0.01146257, 0, 0
0.01146317, 1, 0
0.01146591, 0, 0
0.01146650, 0, 1
0.01146925, 0, 0
0.01146985, 1, 0
0.01147259, 0, 0
0.01147318, 0, 1
0.01147593, 0, 0
0.01147653, 1, 0
0.01147927, 0, 0
0.01147986, 0, 1
0.01148261, 0, 0
0.01148321, 1, 0
0.01148595, 0, 0
0.01148654, 0, 1
0.01148929, 0, 0
0.01148989, 1, 0
0.01149263, 0, 0
0.01149322, 0, 1
0.01149597, 0, 0
0.01149657, 1, 0
0.01149931, 0, 0
0.01149990, 0, 1
0.01150265, 0, 0
0.01150325, 1, 0
0.01150599, 0, 0
0.01150658, 0, 1
0.01150933, 0, 0
0.01150993, 1, 0
0.01151266, 0, 0
0.01151326, 0, 1
0.01151601, 0, 0
0.01151661, 1, 0
0.01151934, 0, 0
0.01151994, 0, 1
0.01152269, 0, 0
0.01152329, 1, 0
0.01152602, 0, 0
0.01152662, 0, 1
0.01152937, 0, 0
0.01152997, 1, 0
0.01153270, 0, 0
0.01153330, 0, 1
0.01153605, 0, 0
0.01153665, 1, 0
0.01153938, 0, 0
0.01153998, 0, 1
0.01154273, 0, 0
0.01154333, 1, 0
0.01154606, 0, 0
0.01154666, 0, 1
0.01154941, 0, 0
0.01155001, 1, 0
0.01155274, 0, 0
0.01155334, 0, 1
0.01155609, 0, 0
0.01155669, 1, 0
0.01155942, 0, 0
0.01156002, 0, 1
0.01156277, 0, 0
0.01156337, 1, 0
0.01156610, 0, 0
0.01156670, 0, 1
0.01156945, 0, 0
0.01157005, 1, 0
0.01157278, 0, 0
0.01157338, 0, 1
0.01157613, 0, 0
0.01157673, 1, 0
0.01157946, 0, 0
0.01158006, 0, 1
0.01158281, 0, 0
0.01158341, 1, 0
0.01158614, 0, 0
0.01158674, 0, 1
0.01158949, 0, 0
0.01159008, 1, 0
0.01159282, 0, 0
0.01159342, 0, 1
0.01159617, 0, 0
0.01159676, 1, 0
0.01159950, 0, 0
0.01160010, 0, 1
0.01160285, 0, 0
0.01160344, 1, 0
0.01160618, 0, 0
0.01160678, 0, 1
0.01160952, 0, 0
0.01161012, 1, 0
0.01161286, 0, 0
0.01161346, 0, 1
0.01161620, 0, 0
0.01161680, 1, 0
0.01161954, 0, 0
0.01162014, 0, 1
0.01162288, 0, 0
0.01162348, 1, 0
0.01162622, 0, 0
0.01162681, 0, 1
0.01162956, 0, 0
0.01163016, 1, 0
0.01163290, 0, 0
0.01163349, 0, 1
0.01163624, 0, 0
0.01163684, 1, 0
0.01163958, 0, 0
0.01164017, 0, 1
0.01164292, 0, 0
0.01164352, 1, 0
0.01164626, 0, 0
0.01164685, 0, 1
0.01164960, 0, 0
0.01165020, 1, 0
0.01165294, 0, 0
0.01165353, 0, 1
0.01165628, 0, 0
0.01165688, 1, 0
0.01165962, 0, 0
0.01166021, 0, 1
0.01166296, 0, 0
0.01166356, 1, 0
0.01166630, 0, 0
0.01166689, 0, 1
0.01166964, 0, 0
0.01167024, 1, 0
0.01167298, 0, 0
0.01167357, 0, 1
0.01167632, 0, 0
0.01167692, 1, 0
0.01167965, 0, 0
0.01168025, 0, 1
0.01168300, 0, 0
0.01168360, 1, 0
0.01168633, 0, 0
0.01168693, 0, 1
0.01168968, 0, 0
0.01169028, 1, 0
0.01169301, 0, 0
0.01169361, 0, 1
0.01169636, 0, 0
0.01169696, 1, 0
0.01169969, 0, 0
0.01170029, 0, 1
0.01170304, 0, 0
0.01170364, 1, 0
0.01170637, 0, 0
0.01170697, 0, 1
0.01170972, 0, 0
0.01171032, 1, 0
0.01171305, 0, 0
0.01171365, 0, 1
0.01171640, 0, 0
0.01171700, 1, 0
0.01171973, 0, 0
0.01172033, 0, 1
0.01172308, 0, 0
0.01172368, 1, 0
0.01172641, 0, 0
0.01172701, 0, 1
0.01172976, 0, 0
0.01173036, 1, 0
0.01173309, 0, 0
0.01173369, 0, 1
0.01173644, 0, 0
0.01173704, 1, 0
0.01173977, 0, 0
0.01174037, 0, 1
0.01174312, 0, 0
0.01174372, 1, 0
0.01174645, 0, 0
0.01174705, 0, 1
0.01174980, 0, 0
0.01175040, 1, 0
0.01175313, 0, 0
0.01175373, 0, 1
0.01175648, 0, 0
0.01175708, 1, 0
0.01175981, 0, 0
0.01176041, 0, 1
0.01176316, 0, 0
0.01176376, 1, 0
0.01176649, 0, 0
0.01176709, 0, 1
0.01176984, 0, 0
0.01177043, 1, 0
0.01177317, 0, 0
0.01177377, 0, 1
0.01177651, 0, 0
0.01177711, 1, 0
0.01177985, 0, 0
0.01178045, 0, 1
0.01178319, 0, 0
0.01178379, 1, 0
0.01178653, 0, 0
0.01178712, 0, 1
0.01178987, 0, 0
0.01179047, 1, 0
0.01179321, 0, 0
0.01179380, 0, 1
0.01179655, 0, 0
0.01179715, 1, 0
0.01179989, 0, 0
0.01180048, 0, 1
0.01180323, 0, 0
0.01180383, 1, 0
0.01180657, 0, 0
0.01180716, 0, 1
0.01180991, 0, 0
0.01181051, 1, 0
0.01181325, 0, 0
0.01181384, 0, 1
0.01181659, 0, 0
0.01181719, 1, 0
0.01181993, 0, 0
0.01182052, 0, 1
0.01182327, 0, 0
0.01182387, 1, 0
0.01182661, 0, 0
0.01182720, 0, 1
0.01182995, 0, 0
0.01183055, 1, 0
0.01183329, 0, 0
0.01183388, 0, 1
0.01183663, 0, 0
0.01183723, 1, 0
0.01183997, 0, 0
0.01184056, 0, 1
0.01184331, 0, 0
0.01184391, 1, 0
0.01184664, 0, 0
0.01184724, 0, 1
0.01184999, 0, 0
0.01185059, 1, 0
0.01185332, 0, 0
0.01185392, 0, 1
0.01185667, 0, 0
0.01185727, 1, 0
0.01186000, 0, 0
0.01186060, 0, 1
0.01186335, 0, 0
0.01186395, 1, 0
0.01186668, 0, 0
0.01186728, 0, 1
0.01187003, 0, 0
0.01187063, 1, 0
0.01187336, 0, 0
0.01187396, 0, 1
0.01187671, 0, 0
0.01187731, 1, 0
0.01188004, 0, 0
0.01188064, 0, 1
0.01188339, 0, 0
0.01188399, 1, 0
0.01188672, 0, 0
0.01188732, 0, 1
0.01189007, 0, 0
0.01189067, 1, 0
0.01189340, 0, 0
0.01189400, 0, 1
0.01189675, 0, 0
0.01189735, 1, 0
0.01190008, 0, 0
0.01190068, 0, 1
0.01190343, 0, 0
0.01190403, 1, 0
0.01190676, 0, 0
0.01190736, 0, 1
0.01191011, 0, 0
0.01191071, 1, 0
0.01191344, 0, 0
0.01191404, 0, 1
0.01191679, 0, 0
0.01191739, 1, 0
0.01192012, 0, 0
0.01192072, 0, 1
0.01192347, 0, 0
0.01192407, 1, 0
0.01192680, 0, 0
0.01192740, 0, 1
0.01193015, 0, 0
0.01193075, 1, 0
0.01193348, 0, 0
0.01193408, 0, 1
0.01193683, 0, 0
0.01193742, 1, 0
0.01194016, 0, 0
0.01194076, 0, 1
0.01194351, 0, 0
0.01194410, 1, 0
0.01194684, 0, 0
0.01194744, 0, 1
0.01195019, 0, 0
0.01195078, 1, 0
0.01195352, 0, 0
0.01195412, 0, 1
0.01195686, 0, 0
0.01195746, 1, 0
0.01196020, 0, 0
0.01196080, 0, 1
0.01196354, 0, 0
0.01196414, 1, 0
0.01196688, 0, 0
0.01196747, 0, 1
0.01197022, 0, 0
0.01197082, 1, 0
0.01197356, 0, 0
0.01197415, 0, 1
0.01197690, 0, 0
0.01197750, 1, 0
0.01198024, 0, 0
0.01198083, 0, 1
0.01198358, 0, 0
0.01198418, 1, 0
0.01198692, 0, 0
0.01198751, 0, 1
0.01199026, 0, 0
0.01199086, 1, 0
0.01199360, 0, 0
0.01199419, 0, 1
0.01199694, 0, 0
0.01199754, 1, 0
0.01200028, 0, 0
0.01200087, 0, 1
0.01200362, 0, 0
0.01200422, 1, 0
0.01200696, 0, 0
0.01200755, 0, 1
0.01201030, 0, 0
0.01201090, 1, 0
0.01201364, 0, 0
0.01201423, 0, 1
0.01201698, 0, 0
0.01201758, 1, 0
0.01202031, 0, 0
0.01202091, 0, 1
0.01202366, 0, 0
0.01202426, 1, 0
0.01202699, 0, 0
0.01202759, 0, 1
0.01203034, 0, 0
0.01203094, 1, 0
0.01203367, 0, 0
0.01203427, 0, 1
0.01203702, 0, 0
0.01203762, 1, 0
0.01204035, 0, 0
0.01204095, 0, 1
0.01204370, 0, 0
0.01204430, 1, 0
0.01204703, 0, 0
0.01204763, 0, 1
0.01205038, 0, 0
0.01205098, 1, 0
0.01205371, 0, 0
0.01205431, 0, 1
0.01205706, 0, 0
0.01205766, 1, 0
0.01206039, 0, 0
0.01206099, 0, 1
0.01206374, 0, 0
0.01206434, 1, 0
0.01206707, 0, 0
0.01206767, 0, 1
0.01207042, 0, 0
0.01207102, 1, 0
0.01207375, 0, 0
0.01207435, 0, 1
0.01207710, 0, 0
0.01207770, 1, 0
0.01208043, 0, 0
0.01208103, 0, 1
0.01208378, 0, 0
0.01208438, 1, 0
0.01208711, 0, 0
0.01208771, 0, 1
0.01209046, 0, 0
0.01209106, 1, 0
0.01209379, 0, 0
0.01209439, 0, 1
0.01209714, 0, 0
0.01209774, 1, 0
0.01210047, 0, 0
0.01210107, 0, 1
0.01210382, 0, 0
0.01210441, 1, 0
0.01210715, 0, 0
0.01210775, 0, 1
0.01211050, 0, 0
0.01211109, 1, 0
0.01211383, 0, 0
0.01211443, 0, 1
0.01211718, 0, 0
0.01211777, 1, 0
0.01212051, 0, 0
0.01212111, 0, 1
0.01212386, 0, 0
0.01212445, 1, 0
0.01212719, 0, 0
0.01212779, 0, 1
0.01213053, 0, 0
0.01213113, 1, 0
0.01213387, 0, 0
0.01213447, 0, 1
0.01213721, 0, 0
0.01213781, 1, 0
0.01214055, 0, 0
0.01214114, 0, 1
0.01214389, 0, 0
0.01214449, 1, 0
0.01214723, 0, 0
0.01214782, 0, 1
0.01215057, 0, 0
0.01215117, 1, 0
0.01215391, 0, 0
0.01215450, 0, 1
0.01215725, 0, 0
0.01215785, 1, 0
0.01216059, 0, 0
0.01216118, 0, 1
0.01216393, 0, 0
0.01216453, 1, 0
0.01216727, 0, 0
0.01216786, 0, 1
0.01217061, 0, 0
0.01217121, 1, 0
0.01217395, 0, 0
0.01217454, 0, 1
0.01217729, 0, 0
0.01217789, 1, 0
0.01218063, 0, 0
0.01218122, 0, 1
0.01218397, 0, 0
0.01218457, 1, 0
0.01218731, 0, 0
0.01218790, 0, 1
0.01219065, 0, 0
0.01219125, 1, 0
0.01219398, 0, 0
0.01219458, 0, 1
0.01219733, 0, 0
0.01219793, 1, 0
0.01220066, 0, 0
0.01220126, 0, 1
0.01220401, 0, 0
0.01220461, 1, 0
0.01220734, 0, 0
0.01220794, 0, 1
0.01221069, 0, 0
0.01221129, 1, 0
0.01221402, 0, 0
0.01221462, 0, 1
0.01221737, 0, 0
0.01221797, 1, 0
0.01222070, 0, 0
0.01222130, 0, 1
0.01222405, 0, 0
0.01222465, 1, 0
0.01222738, 0, 0
0.01222798, 0, 1
0.01223073, 0, 0
0.01223133, 1, 0
0.01223406, 0, 0
0.01223466, 0, 1
0.01223741, 0, 0
0.01223801, 1, 0
0.01224074, 0, 0
0.01224134, 0, 1
0.01224409, 0, 0
0.01224469, 1, 0
0.01224742, 0, 0
0.01224802, 0, 1
0.01225077, 0, 0
0.01225137, 1, 0
0.01225410, 0, 0
0.01225470, 0, 1
0.01225745, 0, 0
0.01225805, 1, 0
0.01226078, 0, 0
0.01226138, 0, 1
0.01226413, 0, 0
0.01226473, 1, 0
0.01226746, 0, 0
0.01226806, 0, 1
0.01227081, 0, 0
0.01227141, 1, 0
0.01227414, 0, 0
0.01227474, 0, 1
0.01227749, 0, 0
0.01227809, 1, 0
0.01228082, 0, 0
0.01228142, 0, 1
0.01228417, 0, 0
0.01228476, 1, 0
0.01228750, 0, 0
0.01228810, 0, 1
0.01229084, 0, 0
0.01229144, 1, 0
0.01229418, 0, 0
0.01229478, 0, 1
0.01229752, 0, 0
0.01229812, 1, 0
0.01230086, 0, 0
0.01230146, 0, 1
0.01230420, 0, 0
0.01230480, 1, 0
0.01230754, 0, 0
0.01230814, 0, 1
0.01231088, 0, 0
0.01231148, 1, 0
0.01231422, 0, 0
0.01231481, 0, 1
0.01231756, 0, 0
0.01231816, 1, 0
0.01232090, 0, 0
0.01232149, 0, 1
0.01232424, 0, 0
0.01232484, 1, 0
0.01232758, 0, 0
0.01232817, 0, 1
0.01233092, 0, 0
0.01233152, 1, 0
0.01233426, 0, 0
0.01233485, 0, 1
0.01233760, 0, 0
0.01233820, 1, 0
0.01234094, 0, 0
0.01234153, 0, 1
0.01234428, 0, 0
0.01234488, 1, 0
0.01234762, 0, 0
0.01234821, 0, 1
0.01235096, 0, 0
0.01235156, 1, 0
0.01235430, 0, 0
0.01235489, 0, 1
0.01235764, 0, 0
0.01235824, 1, 0
0.01236098, 0, 0
0.01236157, 0, 1
0.01236432, 0, 0
0.01236492, 1, 0
0.01236766, 0, 0
0.01236825, 0, 1
0.01237100, 0, 0
0.01237160, 1, 0
0.01237433, 0, 0
0.01237493, 0, 1
0.01237768, 0, 0
0.01237828, 1, 0
0.01238101, 0, 0
0.01238161, 0, 1
0.01238436, 0, 0
0.01238496, 1, 0
0.01238769, 0, 0
0.01238829, 0, 1
0.01239104, 0, 0
0.01239164, 1, 0
0.01239437, 0, 0
0.01239497, 0, 1
0.01239772, 0, 0
0.01239832, 1, 0
0.01240105, 0, 0
0.01240165, 0, 1
0.01240440, 0, 0
0.01240500, 1, 0
0.01240773, 0, 0
0.01240833, 0, 1
0.01241108, 0, 0
0.01241168, 1, 0
0.01241441, 0, 0
0.01241501, 0, 1
0.01241776, 0, 0
0.01241836, 1, 0
0.01242109, 0, 0
0.01242169, 0, 1
0.01242444, 0, 0
0.01242504, 1, 0
0.01242777, 0, 0
0.01242837, 0, 1
0.01243112, 0, 0
0.01243172, 1, 0
0.01243445, 0, 0
0.01243505, 0, 1
0.01243780, 0, 0
0.01243840, 1, 0
0.01244113, 0, 0
0.01244173, 0, 1
0.01244448, 0, 0
0.01244507, 1, 0
0.01244781, 0, 0
0.01244841, 0, 1
0.01245116, 0, 0
0.01245175, 1, 0
0.01245449, 0, 0
0.01245509, 0, 1
0.01245784, 0, 0
0.01245843, 1, 0
0.01246117, 0, 0
0.01246177, 0, 1
0.01246452, 0, 0
0.01246511, 1, 0
0.01246785, 0, 0
0.01246845, 0, 1
0.01247119, 0, 0
0.01247179, 1, 0
0.01247453, 0, 0
0.01247513, 0, 1
0.01247787, 0, 0
0.01247847, 1, 0
0.01248121, 0, 0
0.01248181, 0, 1
0.01248455, 0, 0
0.01248515, 1, 0
0.01248789, 0, 0
0.01248848, 0, 1
0.01249123, 0, 0
0.01249183, 1, 0
0.01249457, 0, 0
0.01249516, 0, 1
0.01249791, 0, 0
0.01249851, 1, 0
0.01250125, 0, 0
0.01250184, 0, 1
0.01250459, 0, 0
0.01250519, 1, 0
0.01250793, 0, 0
0.01250852, 0, 1
0.01251127, 0, 0
0.01251187, 1, 0
0.01251461, 0, 0
0.01251520, 0, 1
0.01251795, 0, 0
0.01251855, 1, 0
0.01252129, 0, 0
0.01252188, 0, 1
0.01252463, 0, 0
0.01252523, 1, 0
0.01252797, 0, 0
0.01252856, 0, 1
0.01253131, 0, 0
0.01253191, 1, 0
0.01253464, 0, 0
0.01253524, 0, 1
0.01253799, 0, 0
0.01253859, 1, 0
0.01254132, 0, 0
0.01254192, 0, 1
0.01254467, 0, 0
0.01254527, 1, 0
0.01254800, 0, 0
0.01254860, 0, 1
0.01255135, 0, 0
0.01255195, 1, 0
0.01255468, 0, 0
0.01255528, 0, 1
0.01255803, 0, 0
0.01255863, 1, 0
0.01256136, 0, 0
0.01256196, 0, 1
0.01256471, 0, 0
0.01256531, 1, 0
0.01256804, 0, 0
0.01256864, 0, 1
0.01257139, 0, 0
0.01257199, 1, 0
0.01257472, 0, 0
0.01257532, 0, 1
0.01257807, 0, 0
0.01257867, 1, 0
0.01258140, 0, 0
0.01258200, 0, 1
0.01258475, 0, 0
0.01258535, 1, 0
0.01258808, 0, 0
0.01258868, 0, 1
0.01259143, 0, 0
0.01259203, 1, 0
0.01259476, 0, 0
0.01259536, 0, 1
0.01259811, 0, 0
0.01259871, 1, 0
0.01260144, 0, 0
0.01260204, 0, 1
0.01260479, 0, 0
0.01260539, 1, 0
0.01260812, 0, 0
0.01260872, 0, 1
0.01261147, 0, 0
0.01261207, 1, 0
0.01261480, 0, 0
0.01261540, 0, 1
0.01261815, 0, 0
0.01261875, 1, 0
0.01262148, 0, 0
0.01262208, 0, 1
0.01262483, 0, 0
0.01262542, 1, 0
0.01262816, 0, 0
0.01262876, 0, 1
0.01263150, 0, 0
0.01263210, 1, 0
0.01263484, 0, 0
0.01263544, 0, 1
0.01263818, 0, 0
0.01263878, 1, 0
0.01264152, 0, 0
0.01264211, 0, 1
0.01264486, 0, 0
0.01264546, 1, 0
0.01264820, 0, 0
0.01264879, 0, 1
0.01265154, 0, 0
0.01265214, 1, 0
0.01265488, 0, 0
0.01265547, 0, 1
0.01265822, 0, 0
0.01265882, 1, 0
0.01266156, 0, 0
0.01266215, 0, 1
0.01266490, 0, 0
0.01266550, 1, 0
0.01266824, 0, 0
0.01266883, 0, 1
0.01267158, 0, 0
0.01267218, 1, 0
0.01267492, 0, 0
0.01267551, 0, 1
0.01267826, 0, 0
0.01267886, 1, 0
0.01268160, 0, 0
0.01268219, 0, 1
0.01268494, 0, 0
0.01268554, 1, 0
0.01268828, 0, 0
0.01268887, 0, 1
0.01269162, 0, 0
0.01269222, 1, 0
0.01269496, 0, 0
0.01269555, 0, 1
0.01269830, 0, 0
0.01269890, 1, 0
0.01270164, 0, 0
0.01270223, 0, 1
0.01270498, 0, 0
0.01270558, 1, 0
0.01270831, 0, 0
0.01270891, 0, 1
0.01271166, 0, 0
0.01271226, 1, 0
0.01271499, 0, 0
0.01271559, 0, 1
0.01271834, 0, 0
0.01271894, 1, 0
0.01272167, 0, 0
0.01272227, 0, 1
0.01272502, 0, 0
0.01272562, 1, 0
0.01272835, 0, 0
0.01272895, 0, 1
0.01273170, 0, 0
0.01273230, 1, 0
0.01273503, 0, 0
0.01273563, 0, 1
0.01273838, 0, 0
0.01273898, 1, 0
0.01274171, 0, 0
0.01274231, 0, 1
0.01274506, 0, 0
0.01274566, 1, 0
0.01274839, 0, 0
0.01274899, 0, 1
0.01275174, 0, 0
0.01275234, 1, 0
0.01275507, 0, 0
0.01275567, 0, 1
0.01275842, 0, 0
0.01275902, 1, 0
0.01276175, 0, 0
0.01276235, 0, 1
0.01276510, 0, 0
0.01276570, 1, 0
0.01276843, 0, 0
0.01276903, 0, 1
0.01277178, 0, 0
0.01277238, 1, 0
0.01277511, 0, 0
0.01277571, 0, 1
0.01277846, 0, 0
0.01277906, 1, 0
0.01278179, 0, 0
0.01278239, 0, 1
0.01278514, 0, 0
0.01278573, 1, 0
0.01278847, 0, 0
0.01278907, 0, 1
0.01279182, 0, 0
0.01279241, 1, 0
0.01279515, 0, 0
0.01279575, 0, 1
0.01279850, 0, 0
0.01279909, 1, 0
0.01280183, 0, 0
0.01280243, 0, 1
0.01280518, 0, 0
0.01280577, 1, 0
0.01280851, 0, 0
0.01280911, 0, 1
0.01281185, 0, 0
0.01281245, 1, 0
0.01281519, 0, 0
0.01281579, 0, 1
0.01281853, 0, 0
0.01281913, 1, 0
0.01282187, 0, 0
0.01282246, 0, 1
0.01282521, 0, 0
0.01282581, 1, 0
0.01282855, 0, 0
0.01282914, 0, 1
0.01283189, 0, 0
0.01283249, 1, 0
0.01283523, 0, 0
0.01283582, 0, 1
0.01283857, 0, 0
0.01283917, 1, 0
0.01284191, 0, 0
0.01284250, 0, 1
0.01284525, 0, 0
0.01284585, 1, 0
0.01284859, 0, 0
0.01284918, 0, 1
0.01285193, 0, 0
0.01285253, 1, 0
0.01285527, 0, 0
0.01285586, 0, 1
0.01285861, 0, 0
0.01285921, 1, 0
0.01286195, 0, 0
0.01286254, 0, 1
0.01286529, 0, 0
0.01286589, 1, 0
0.01286863, 0, 0
0.01286922, 0, 1
0.01287197, 0, 0
0.01287257, 1, 0
0.01287531, 0, 0
0.01287590, 0, 1
0.01287865, 0, 0
0.01287925, 1, 0
0.01288198, 0, 0
0.01288258, 0, 1
0.01288533, 0, 0
0.01288593, 1, 0
0.01288866, 0, 0
0.01288926, 0, 1
0.01289201, 0, 0
0.01289261, 1, 0
0.01289534, 0, 0
0.01289594, 0, 1
0.01289869, 0, 0
0.01289929, 1, 0
0.01290202, 0, 0
0.01290262, 0, 1
0.01290537, 0, 0
0.01290597, 1, 0
0.01290870, 0, 0
0.01290930, 0, 1
0.01291205, 0, 0
0.01291265, 1, 0
0.01291538, 0, 0
0.01291598, 0, 1
0.01291873, 0, 0
0.01291933, 1, 0
0.01292206, 0, 0
0.01292266, 0, 1
0.01292541, 0, 0
0.01292601, 1, 0
0.01292874, 0, 0
0.01292934, 0, 1
0.01293209, 0, 0
0.01293269, 1, 0
0.01293542, 0, 0
0.01293602, 0, 1
0.01293877, 0, 0
0.01293937, 1, 0
0.01294210, 0, 0
0.01294270, 0, 1
0.01294545, 0, 0
0.01294605, 1, 0
0.01294878, 0, 0
0.01294938, 0, 1
0.01295213, 0, 0
0.01295273, 1, 0
0.01295546, 0, 0
0.01295606, 0, 1
0.01295881, 0, 0
0.01295940, 1, 0
0.01296214, 0, 0
0.01296274, 0, 1
0.01296548, 0, 0
0.01296608, 1, 0
0.01296882, 0, 0
0.01296942, 0, 1
0.01297217, 0, 0
0.01297276, 1, 0
0.01297550, 0, 0
0.01297610, 0, 1
0.01297885, 0, 0
0.01297944, 1, 0
0.01298218, 0, 0
0.01298278, 0, 1
0.01298552, 0, 0
0.01298612, 1, 0
0.01298886, 0, 0
0.01298946, 0, 1
0.01299220, 0, 0
0.01299280, 1, 0
0.01299554, 0, 0
0.01299613, 0, 1
0.01299888, 0, 0
0.01299948, 1, 0
0.01300222, 0, 0
0.01300281, 0, 1
0.01300556, 0, 0
0.01300616, 1, 0
0.01300890, 0, 0
0.01300949, 0, 1
0.01301224, 0, 0
0.01301284, 1, 0
0.01301558, 0, 0
0.01301617, 0, 1
0.01301892, 0, 0
0.01301952, 1, 0
0.01302226, 0, 0
0.01302285, 0, 1
0.01302560, 0, 0
0.01302620, 1, 0
0.01302894, 0, 0
0.01302953, 0, 1
0.01303228, 0, 0
0.01303288, 1, 0
0.01303562, 0, 0
0.01303621, 0, 1
0.01303896, 0, 0
0.01303956, 1, 0
0.01304230, 0, 0
0.01304289, 0, 1
0.01304564, 0, 0
0.01304624, 1, 0
0.01304898, 0, 0
0.01304957, 0, 1
0.01305232, 0, 0
0.01305292, 1, 0
0.01305565, 0, 0
0.01305625, 0, 1
0.01305900, 0, 0
0.01305960, 1, 0
0.01306233, 0, 0
0.01306293, 0, 1
0.01306568, 0, 0
0.01306628, 1, 0
0.01306901, 0, 0
0.01306961, 0, 1
0.01307236, 0, 0
0.01307296, 1, 0
0.01307569, 0, 0
0.01307629, 0, 1
0.01307904, 0, 0
0.01307964, 1, 0
0.01308237, 0, 0
0.01308297, 0, 1
0.01308572, 0, 0
0.01308632, 1, 0
0.01308905, 0, 0
0.01308965, 0, 1
0.01309240, 0, 0
0.01309300, 1, 0
0.01309573, 0, 0
0.01309633, 0, 1
0.01309908, 0, 0
0.01309968, 1, 0
0.01310241, 0, 0
0.01310301, 0, 1
0.01310576, 0, 0
0.01310636, 1, 0
0.01310909, 0, 0
0.01310969, 0, 1
0.01311244, 0, 0
0.01311304, 1, 0
0.01311577, 0, 0
0.01311637, 0, 1
0.01311912, 0, 0
0.01311972, 1, 0
0.01312245, 0, 0
0.01312305, 0, 1
0.01312580, 0, 0
0.01312640, 1, 0
0.01312913, 0, 0
0.01312973, 0, 1
0.01313248, 0, 0
0.01313308, 1, 0
0.01313581, 0, 0
0.01313641, 0, 1
0.01313916, 0, 0
0.01313975, 1, 0
0.01314249, 0, 0
0.01314309, 0, 1
0.01314583, 0, 0
0.01314643, 1, 0
0.01314917, 0, 0
0.01314977, 0, 1
0.01315251, 0, 0
0.01315311, 1, 0
0.01315585, 0, 0
0.01315644, 0, 1
0.01315919, 0, 0
0.01315979, 1, 0
0.01316253, 0, 0
0.01316312, 0, 1
0.01316587, 0, 0
0.01316647, 1, 0
0.01316921, 0, 0
0.01316980, 0, 1
0.01317255, 0, 0
0.01317315, 1, 0
0.01317589, 0, 0
0.01317648, 0, 1
0.01317923, 0, 0
0.01317983, 1, 0
0.01318257, 0, 0
0.01318316, 0, 1
0.01318591, 0, 0
0.01318651, 1, 0
0.01318925, 0, 0
0.01318984, 0, 1
0.01319259, 0, 0
0.01319319, 1, 0
0.01319593, 0, 0
0.01319652, 0, 1
0.01319927, 0, 0
0.01319987, 1, 0
0.01320261, 0, 0
0.01320320, 0, 1
0.01320595, 0, 0
0.01320655, 1, 0
0.01320929, 0, 0
0.01320988, 0, 1
0.01321263, 0, 0
0.01321323, 1, 0
0.01321597, 0, 0
0.01321656, 0, 1
0.01321931, 0, 0
0.01321991, 1, 0
0.01322265, 0, 0
0.01322324, 0, 1
0.01322599, 0, 0
0.01322659, 1, 0
0.01322932, 0, 0
0.01322992, 0, 1
0.01323267, 0, 0
0.01323327, 1, 0
0.01323600, 0, 0
0.01323660, 0, 1
0.01323935, 0, 0
0.01323995, 1, 0
0.01324268, 0, 0
0.01324328, 0, 1
0.01324603, 0, 0
0.01324663, 1, 0
0.01324936, 0, 0
0.01324996, 0, 1
0.01325271, 0, 0
0.01325331, 1, 0
0.01325604, 0, 0
0.01325664, 0, 1
0.01325939, 0, 0
0.01325999, 1, 0
0.01326272, 0, 0
0.01326332, 0, 1
0.01326607, 0, 0
0.01326667, 1, 0
0.01326940, 0, 0
0.01327000, 0, 1
0.01327275, 0, 0
0.01327335, 1, 0
0.01327608, 0, 0
0.01327668, 0, 1
0.01327943, 0, 0
0.01328003, 1, 0
0.01328276, 0, 0
0.01328336, 0, 1
0.01328611, 0, 0
0.01328671, 1, 0
0.01328944, 0, 0
0.01329004, 0, 1
0.01329279, 0, 0
0.01329339, 1, 0
0.01329612, 0, 0
0.01329672, 0, 1
0.01329947, 0, 0
0.01330007, 1, 0
0.01330280, 0, 0
0.01330340, 0, 1
0.01330615, 0, 0
0.01330674, 1, 0
0.01330948, 0, 0
0.01331008, 0, 1
0.01331283, 0, 0
0.01331342, 1, 0
0.01331616, 0, 0
0.01331676, 0, 1
0.01331950, 0, 0
0.01332010, 1, 0
0.01332284, 0, 0
0.01332344, 0, 1
0.01332618, 0, 0
0.01332678, 1, 0
0.01332952, 0, 0
0.01333011, 0, 1
0.01333286, 0, 0
0.01333346, 1, 0
0.01333620, 0, 0
0.01333679, 0, 1
0.01333954, 0, 0
0.01334014, 1, 0
0.01334288, 0, 0
0.01334347, 0, 1
0.01334622, 0, 0
0.01334682, 1, 0
0.01334956, 0, 0
0.01335015, 0, 1
0.01335290, 0, 0
0.01335350, 1, 0
0.01335624, 0, 0
0.01335683, 0, 1
0.01335958, 0, 0
0.01336018, 1, 0
0.01336292, 0, 0
0.01336351, 0, 1
0.01336626, 0, 0
0.01336686, 1, 0
0.01336960, 0, 0
0.01337019, 0, 1
0.01337294, 0, 0
0.01337354, 1, 0
0.01337628, 0, 0
0.01337687, 0, 1
0.01337962, 0, 0
0.01338022, 1, 0
0.01338296, 0, 0
0.01338355, 0, 1
0.01338630, 0, 0
0.01338690, 1, 0
0.01338964, 0, 0
0.01339023, 0, 1
0.01339298, 0, 0
0.01339358, 1, 0
0.01339631, 0, 0
0.01339691, 0, 1
0.01339966, 0, 0
0.01340026, 1, 0
0.01340299, 0, 0
0.01340359, 0, 1
0.01340634, 0, 0
0.01340694, 1, 0
0.01340967, 0, 0
0.01341027, 0, 1
0.01341302, 0, 0
0.01341362, 1, 0
0.01341635, 0, 0
0.01341695, 0, 1
0.01341970, 0, 0
0.01342030, 1, 0
0.01342303, 0, 0
0.01342363, 0, 1
0.01342638, 0, 0
0.01342698, 1, 0
0.01342971, 0, 0
0.01343031, 0, 1
0.01343306, 0, 0
0.01343366, 1, 0
0.01343639, 0, 0
0.01343699, 0, 1
0.01343974, 0, 0
0.01344034, 1, 0
0.01344307, 0, 0
0.01344367, 0, 1
0.01344642, 0, 0
0.01344702, 1, 0
0.01344975, 0, 0
0.01345035, 0, 1
0.01345310, 0, 0
0.01345370, 1, 0
0.01345643, 0, 0
0.01345703, 0, 1
0.01345978, 0, 0
0.01346038, 1, 0
0.01346311, 0, 0
0.01346371, 0, 1
0.01346646, 0, 0
0.01346706, 1, 0
0.01346979, 0, 0
0.01347039, 0, 1
0.01347314, 0, 0
0.01347374, 1, 0
0.01347647, 0, 0
0.01347707, 0, 1
0.01347982, 0, 0
0.01348041, 1, 0
0.01348315, 0, 0
0.01348375, 0, 1
0.01348650, 0, 0
0.01348709, 1, 0
0.01348983, 0, 0
0.01349043, 0, 1
0.01349317, 0, 0
0.01349377, 1, 0
0.01349651, 0, 0
0.01349711, 0, 1
0.01349985, 0, 0
0.01350045, 1, 0
0.01350319, 0, 0
0.01350378, 0, 1
0.01350653, 0, 0
0.01350713, 1, 0
0.01350987, 0, 0
0.01351046, 0, 1
0.01351321, 0, 0
0.01351381, 1, 0
0.01351655, 0, 0
0.01351714, 0, 1
0.01351989, 0, 0
0.01352049, 1, 0
0.01352323, 0, 0
0.01352382, 0, 1
0.01352657, 0, 0
0.01352717, 1, 0
0.01352991, 0, 0
0.01353050, 0, 1
0.01353325, 0, 0
0.01353385, 1, 0
0.01353659, 0, 0
0.01353718, 0, 1
0.01353993, 0, 0
0.01354053, 1, 0
0.01354327, 0, 0
0.01354386, 0, 1
0.01354661, 0, 0
0.01354721, 1, 0
0.01354995, 0, 0
0.01355054, 0, 1
0.01355329, 0, 0
0.01355389, 1, 0
0.01355663, 0, 0
0.01355722, 0, 1
0.01355997, 0, 0
0.01356057, 1, 0
0.01356331, 0, 0
0.01356390, 0, 1
0.01356665, 0, 0
0.01356725, 1, 0
0.01356998, 0, 0
0.01357058, 0, 1
0.01357333, 0, 0
0.01357393, 1, 0
0.01357666, 0, 0
0.01357726, 0, 1
0.01358001, 0, 0
0.01358061, 1, 0
0.01358334, 0, 0
0.01358394, 0, 1
0.01358669, 0, 0
0.01358729, 1, 0
0.01359002, 0, 0
0.01359062, 0, 1
0.01359337, 0, 0
0.01359397, 1, 0
0.01359670, 0, 0
0.01359730, 0, 1
0.01360005, 0, 0
0.01360065, 1, 0
0.01360338, 0, 0
0.01360398, 0, 1
0.01360673, 0, 0
0.01360733, 1, 0
0.01361006, 0, 0
0.01361066, 0, 1
0.01361341, 0, 0
0.01361401, 1, 0
0.01361674, 0, 0
0.01361734, 0, 1
0.01362009, 0, 0
0.01362069, 1, 0
0.01362342, 0, 0
0.01362402, 0, 1
0.01362677, 0, 0
0.01362737, 1, 0
0.01363010, 0, 0
0.01363070, 0, 1
0.01363345, 0, 0
0.01363405, 1, 0
0.01363678, 0, 0
0.01363738, 0, 1
0.01364013, 0, 0
0.01364073, 1, 0
0.01364346, 0, 0
0.01364406, 0, 1
0.01364681, 0, 0
0.01364741, 1, 0
0.01365014, 0, 0
0.01365074, 0, 1
0.01365349, 0, 0
0.01365408, 1, 0
0.01365682, 0, 0
0.01365742, 0, 1
0.01366016, 0, 0
0.01366076, 1, 0
0.01366350, 0, 0
0.01366410, 0, 1
0.01366684, 0, 0
0.01366744, 1, 0
0.01367018, 0, 0
0.01367077, 0, 1
0.01367352, 0, 0
0.01367412, 1, 0
0.01367686, 0, 0
0.01367745, 0, 1
0.01368020, 0, 0
0.01368080, 1, 0
0.01368354, 0, 0
0.01368413, 0, 1
0.01368688, 0, 0
0.01368748, 1, 0
0.01369022, 0, 0
0.01369081, 0, 1
0.01369356, 0, 0
0.01369416, 1, 0
0.01369690, 0, 0
0.01369749, 0, 1
0.01370024, 0, 0
0.01370084, 1, 0
0.01370358, 0, 0
0.01370417, 0, 1
0.01370692, 0, 0
0.01370752, 1, 0
0.01371026, 0, 0
0.01371085, 0, 1
0.01371360, 0, 0
0.01371420, 1, 0
0.01371694, 0, 0
0.01371753, 0, 1
0.01372028, 0, 0
0.01372088, 1, 0
0.01372362, 0, 0
0.01372421, 0, 1
0.01372696, 0, 0
0.01372756, 1, 0
0.01373029, 0, 0
0.01373089, 0, 1
0.01373364, 0, 0
0.01373424, 1, 0
0.01373698, 0, 0
0.01373757, 0, 1
0.01374032, 0, 0
0.01374092, 1, 0
0.01374365, 0, 0
0.01374425, 0, 1
0.01374700, 0, 0
0.01374760, 1, 0
0.01375033, 0, 0
0.01375093, 0, 1
0.01375368, 0, 0
0.01375428, 1, 0
0.01375701, 0, 0
0.01375761, 0, 1
0.01376036, 0, 0
0.01376096, 1, 0
0.01376369, 0, 0
0.01376429, 0, 1
0.01376704, 0, 0
0.01376764, 1, 0
0.01377037, 0, 0
0.01377097, 0, 1
0.01377372, 0, 0
0.01377432, 1, 0
0.01377705, 0, 0
0.01377765, 0, 1
0.01378040, 0, 0
0.01378100, 1, 0
0.01378373, 0, 0
0.01378433, 0, 1
0.01378708, 0, 0
0.01378768, 1, 0
0.01379041, 0, 0
0.01379101, 0, 1
0.01379376, 0, 0
0.01379436, 1, 0
0.01379709, 0, 0
0.01379769, 0, 1
0.01380044, 0, 0
0.01380104, 1, 0
0.01380377, 0, 0
0.01380437, 0, 1
0.01380712, 0, 0
0.01380772, 1, 0
0.01381045, 0, 0
0.01381105, 0, 1
0.01381380, 0, 0
0.01381439, 1, 0
0.01381713, 0, 0
0.01381773, 0, 1
0.01382048, 0, 0
0.01382107, 1, 0
0.01382381, 0, 0
0.01382441, 0, 1
0.01382716, 0, 0
0.01382775, 1, 0
0.01383049, 0, 0
0.01383109, 0, 1
0.01383384, 0, 0
0.01383443, 1, 0
0.01383717, 0, 0
0.01383777, 0, 1
0.01384051, 0, 0
0.01384111, 1, 0
0.01384385, 0, 0
0.01384445, 0, 1
0.01384719, 0, 0
0.01384779, 1, 0
0.01385053, 0, 0
0.01385112, 0, 1
0.01385387, 0, 0
0.01385447, 1, 0
0.01385721, 0, 0
0.01385780, 0, 1
0.01386055, 0, 0
0.01386115, 1, 0
0.01386389, 0, 0
0.01386448, 0, 1
0.01386723, 0, 0
0.01386783, 1, 0
0.01387057, 0, 0
0.01387116, 0, 1
0.01387391, 0, 0
0.01387451, 1, 0
0.01387725, 0, 0
0.01387784, 0, 1
0.01388059, 0, 0
0.01388119, 1, 0
0.01388393, 0, 0
0.01388452, 0, 1
0.01388727, 0, 0
0.01388787, 1, 0
0.01389061, 0, 0
0.01389120, 0, 1
0.01389395, 0, 0
0.01389455, 1, 0
0.01389729, 0, 0
0.01389788, 0, 1
0.01390063, 0, 0
0.01390123, 1, 0
0.01390397, 0, 0
0.01390456, 0, 1
0.01390731, 0, 0
0.01390791, 1, 0
0.01391064, 0, 0
0.01391124, 0, 1
0.01391399, 0, 0
0.01391459, 1, 0
0.01391732, 0, 0
0.01391792, 0, 1
0.01392067, 0, 0
0.01392127, 1, 0
0.01392400, 0, 0
0.01392460, 0, 1
0.01392735, 0, 0
0.01392795, 1, 0
0.01393068, 0, 0
0.01393128, 0, 1
0.01393403, 0, 0
0.01393463, 1, 0
0.01393736, 0, 0
0.01393796, 0, 1
0.01394071, 0, 0
0.01394131, 1, 0
0.01394404, 0, 0
0.01394464, 0, 1
0.01394739, 0, 0
0.01394799, 1, 0
0.01395072, 0, 0
0.01395132, 0, 1
0.01395407, 0, 0
0.01395467, 1, 0
0.01395740, 0, 0
0.01395800, 0, 1
0.01396075, 0, 0
0.01396135, 1, 0
0.01396408, 0, 0
0.01396468, 0, 1
0.01396743, 0, 0
0.01396803, 1, 0
0.01397076, 0, 0
0.01397136, 0, 1
0.01397411, 0, 0
0.01397471, 1, 0
0.01397744, 0, 0
0.01397804, 0, 1
0.01398079, 0, 0
0.01398138, 1, 0
0.01398412, 0, 0
0.01398472, 0, 1
0.01398747, 0, 0
0.01398806, 1, 0
0.01399080, 0, 0
0.01399140, 0, 1
0.01399415, 0, 0
0.01399474, 1, 0
0.01399748, 0, 0
0.01399808, 0, 1
0.01400082, 0, 0
0.01400142, 1, 0
0.01400416, 0, 0
0.01400476, 0, 1
0.01400750, 0, 0
0.01400810, 1, 0
0.01401084, 0, 0
0.01401143, 0, 1
0.01401418, 0, 0
0.01401478, 1, 0
0.01401752, 0, 0
0.01401811, 0, 1
0.01402086, 0, 0
0.01402146, 1, 0
0.01402420, 0, 0
0.01402479, 0, 1
0.01402754, 0, 0
0.01402814, 1, 0
0.01403088, 0, 0
0.01403147, 0, 1
0.01403422, 0, 0
0.01403482, 1, 0
0.01403756, 0, 0
0.01403815, 0, 1
0.01404090, 0, 0
0.01404150, 1, 0
0.01404424, 0, 0
0.01404483, 0, 1
0.01404758, 0, 0
0.01404818, 1, 0
0.01405092, 0, 0
0.01405151, 0, 1
0.01405426, 0, 0
0.01405486, 1, 0
0.01405760, 0, 0
0.01405819, 0, 1
0.01406094, 0, 0
0.01406154, 1, 0
0.01406428, 0, 0
0.01406487, 0, 1
0.01406762, 0, 0
0.01406822, 1, 0
0.01407096, 0, 0
0.01407155, 0, 1
0.01407430, 0, 0
0.01407490, 1, 0
0.01407763, 0, 0
0.01407823, 0, 1
0.01408098, 0, 0
0.01408158, 1, 0
0.01408431, 0, 0
0.01408491, 0, 1
0.01408766, 0, 0
0.01408826, 1, 0
0.01409099, 0, 0
0.01409159, 0, 1
0.01409434, 0, 0
0.01409494, 1, 0
0.01409767, 0, 0
0.01409827, 0, 1
0.01410102, 0, 0
0.01410162, 1, 0
0.01410435, 0, 0
0.01410495, 0, 1
0.01410770, 0, 0
0.01410830, 1, 0
0.01411103, 0, 0
0.01411163, 0, 1
0.01411438, 0, 0
0.01411498, 1, 0
0.01411771, 0, 0
0.01411831, 0, 1
0.01412106, 0, 0
0.01412166, 1, 0
0.01412439, 0, 0
0.01412499, 0, 1
0.01412774, 0, 0
0.01412834, 1, 0
0.01413107, 0, 0
0.01413167, 0, 1
0.01413442, 0, 0
0.01413502, 1, 0
0.01413775, 0, 0
0.01413835, 0, 1
0.01414110, 0, 0
0.01414170, 1, 0
0.01414443, 0, 0
0.01414503, 0, 1
0.01414778, 0, 0
0.01414838, 1, 0
0.01415111, 0, 0
0.01415171, 0, 1
0.01415446, 0, 0
0.01415505, 1, 0
0.01415779, 0, 0
0.01415839, 0, 1
0.01416114, 0, 0
0.01416173, 1, 0
0.01416447, 0, 0
0.01416507, 0, 1
0.01416782, 0, 0
0.01416841, 1, 0
0.01417115, 0, 0
0.01417175, 0, 1
0.01417450, 0, 0
0.01417509, 1, 0
0.01417783, 0, 0
0.01417843, 0, 1
0.01418117, 0, 0
0.01418177, 1, 0
0.01418451, 0, 0
0.01418511, 0, 1
0.01418785, 0, 0
0.01418845, 1, 0
0.01419119, 0, 0
0.01419178, 0, 1
0.01419453, 0, 0
0.01419513, 1, 0
0.01419787, 0, 0
0.01419846, 0, 1
0.01420121, 0, 0
0.01420181, 1, 0
0.01420455, 0, 0
0.01420514, 0, 1
0.01420789, 0, 0
0.01420849, 1, 0
0.01421123, 0, 0
0.01421182, 0, 1
0.01421457, 0, 0
0.01421517, 1, 0
0.01421791, 0, 0
0.01421850, 0, 1
0.01422125, 0, 0
0.01422185, 1, 0
0.01422459, 0, 0
0.01422518, 0, 1
0.01422793, 0, 0
0.01422853, 1, 0
0.01423127, 0, 0
0.01423186, 0, 1
0.01423461, 0, 0
0.01423521, 1, 0
0.01423795, 0, 0
0.01423854, 0, 1
0.01424129, 0, 0
0.01424189, 1, 0
0.01424462, 0, 0
0.01424522, 0, 1
0.01424797, 0, 0
0.01424857, 1, 0
0.01425131, 0, 0
0.01425190, 0, 1
0.01425465, 0, 0
0.01425525, 1, 0
0.01425798, 0, 0
0.01425858, 0, 1
0.01426133, 0, 0
0.01426193, 1, 0
0.01426466, 0, 0
0.01426526, 0, 1
0.01426801, 0, 0
0.01426861, 1, 0
0.01427134, 0, 0
0.01427194, 0, 1
0.01427469, 0, 0
0.01427529, 1, 0
0.01427802, 0, 0
0.01427862, 0, 1
0.01428137, 0, 0
0.01428197, 1, 0
0.01428470, 0, 0
0.01428530, 0, 1
0.01428805, 0, 0
0.01428865, 1, 0
0.01429138, 0, 0
0.01429198, 0, 1
0.01429473, 0, 0
0.01429533, 1, 0
0.01429806, 0, 0
0.01429866, 0, 1
0.01430141, 0, 0
0.01430201, 1, 0
0.01430474, 0, 0
0.01430534, 0, 1
0.01430809, 0, 0
0.01430869, 1, 0
0.01431142, 0, 0
0.01431202, 0, 1
0.01431477, 0, 0
0.01431537, 1, 0
0.01431810, 0, 0
0.01431870, 0, 1
0.01432145, 0, 0
0.01432205, 1, 0
0.01432478, 0, 0
0.01432538, 0, 1
0.01432813, 0, 0
0.01432873, 1, 0
0.01433146, 0, 0
0.01433206, 0, 1
0.01433481, 0, 0
0.01433540, 1, 0
0.01433814, 0, 0
0.01433874, 0, 1
0.01434148, 0, 0
0.01434208, 1, 0
0.01434482, 0, 0
0.01434542, 0, 1
0.01434816, 0, 0
0.01434876, 1, 0
0.01435150, 0, 0
0.01435210, 0, 1
0.01435484, 0, 0
0.01435544, 1, 0
0.01435818, 0, 0
0.01435877, 0, 1
0.01436152, 0, 0
0.01436212, 1, 0
0.01436486, 0, 0
0.01436545, 0, 1
0.01436820, 0, 0
0.01436880, 1, 0
0.01437154, 0, 0
0.01437213, 0, 1
0.01437488, 0, 0
0.01437548, 1, 0
0.01437822, 0, 0
0.01437881, 0, 1
0.01438156, 0, 0
0.01438216, 1, 0
0.01438490, 0, 0
0.01438549, 0, 1
0.01438824, 0, 0
0.01438884, 1, 0
0.01439158, 0, 0
0.01439217, 0, 1
0.01439492, 0, 0
0.01439552, 1, 0
0.01439826, 0, 0
0.01439885, 0, 1
0.01440160, 0, 0
0.01440220, 1, 0
0.01440494, 0, 0
0.01440553, 0, 1
0.01440828, 0, 0
0.01440888, 1, 0
0.01441162, 0, 0
0.01441221, 0, 1
0.01441496, 0, 0
0.01441556, 1, 0
0.01441830, 0, 0
0.01441889, 0, 1
0.01442164, 0, 0
0.01442224, 1, 0
0.01442497, 0, 0
0.01442557, 0, 1
0.01442832, 0, 0
0.01442892, 1, 0
0.01443165, 0, 0
0.01443225, 0, 1
0.01443500, 0, 0
0.01443560, 1, 0
0.01443833, 0, 0
0.01443893, 0, 1
0.01444168, 0, 0
0.01444228, 1, 0
0.01444501, 0, 0
0.01444561, 0, 1
0.01444836, 0, 0
0.01444896, 1, 0
0.01445169, 0, 0
0.01445229, 0, 1
0.01445504, 0, 0
0.01445564, 1, 0
0.01445837, 0, 0
0.01445897, 0, 1
0.01446172, 0, 0
0.01446232, 1, 0
0.01446505, 0, 0
0.01446565, 0, 1
0.01446840, 0, 0
0.01446900, 1, 0
0.01447173, 0, 0
0.01447233, 0, 1
0.01447508, 0, 0
0.01447568, 1, 0
0.01447841, 0, 0
0.01447901, 0, 1
0.01448176, 0, 0
0.01448236, 1, 0
0.01448509, 0, 0
0.01448569, 0, 1
0.01448844, 0, 0
0.01448904, 1, 0
0.01449177, 0, 0
0.01449237, 0, 1
0.01449512, 0, 0
0.01449572, 1, 0
0.01449845, 0, 0
0.01449905, 0, 1
0.01450180, 0, 0
0.01450239, 1, 0
0.01450513, 0, 0
0.01450573, 0, 1
0.01450848, 0, 0
0.01450907, 1, 0
0.01451181, 0, 0
0.01451241, 0, 1
0.01451516, 0, 0
0.01451575, 1, 0
0.01451849, 0, 0
0.01451909, 0, 1
0.01452184, 0, 0
0.01452243, 1, 0
0.01452517, 0, 0
0.01452577, 0, 1
0.01452851, 0, 0
0.01452911, 1, 0
0.01453185, 0, 0
0.01453244, 0, 1
0.01453519, 0, 0
0.01453579, 1, 0
0.01453853, 0, 0
0.01453912, 0, 1
0.01454187, 0, 0
0.01454247, 1, 0
0.01454521, 0, 0
0.01454580, 0, 1
0.01454855, 0, 0
0.01454915, 1, 0
0.01455189, 0, 0
0.01455248, 0, 1
0.01455523, 0, 0
0.01455583, 1, 0
0.01455857, 0, 0
0.01455916, 0, 1
0.01456191, 0, 0
0.01456251, 1, 0
0.01456525, 0, 0
0.01456584, 0, 1
0.01456859, 0, 0
0.01456919, 1, 0
0.01457193, 0, 0
0.01457252, 0, 1
0.01457527, 0, 0
0.01457587, 1, 0
0.01457861, 0, 0
0.01457920, 0, 1
0.01458195, 0, 0
0.01458255, 1, 0
0.01458529, 0, 0
0.01458588, 0, 1
0.01458863, 0, 0
0.01458923, 1, 0
0.01459196, 0, 0
0.01459256, 0, 1
0.01459531, 0, 0
0.01459591, 1, 0
0.01459864, 0, 0
0.01459924, 0, 1
0.01460199, 0, 0
0.01460259, 1, 0
0.01460532, 0, 0
0.01460592, 0, 1
0.01460867, 0, 0
0.01460927, 1, 0
0.01461200, 0, 0
0.01461260, 0, 1
0.01461535, 0, 0
0.01461595, 1, 0
0.01461868, 0, 0
0.01461928, 0, 1
0.01462203, 0, 0
0.01462263, 1, 0
0.01462536, 0, 0
0.01462596, 0, 1
0.01462871, 0, 0
0.01462931, 1, 0
0.01463204, 0, 0
0.01463264, 0, 1
0.01463539, 0, 0
0.01463599, 1, 0
0.01463872, 0, 0
0.01463932, 0, 1
0.01464207, 0, 0
0.01464267, 1, 0
0.01464540, 0, 0
0.01464600, 0, 1
0.01464875, 0, 0
0.01464935, 1, 0
0.01465208, 0, 0
0.01465268, 0, 1
0.01465543, 0, 0
0.01465603, 1, 0
0.01465876, 0, 0
0.01465936, 0, 1
0.01466211, 0, 0
0.01466271, 1, 0
0.01466544, 0, 0
0.01466604, 0, 1
0.01466879, 0, 0
0.01466939, 1, 0
0.01467212, 0, 0
0.01467272, 0, 1
0.01467547, 0, 0
0.01467606, 1, 0
0.01467880, 0, 0
0.01467940, 0, 1
0.01468215, 0, 0
0.01468274, 1, 0
0.01468548, 0, 0
0.01468608, 0, 1
0.01468882, 0, 0
0.01468942, 1, 0
0.01469216, 0, 0
0.01469275, 0, 1
0.01469550, 0, 0
0.01469610, 1, 0
0.01469884, 0, 0
0.01469943, 0, 1
0.01470218, 0, 0
0.01470278, 1, 0
0.01470552, 0, 0
0.01470611, 0, 1
0.01470886, 0, 0
0.01470946, 1, 0
0.01471220, 0, 0
0.01471279, 0, 1
0.01471554, 0, 0
0.01471614, 1, 0
0.01471888, 0, 0
0.01471947, 0, 1
0.01472222, 0, 0
0.01472282, 1, 0
0.01472556, 0, 0
0.01472615, 0, 1
0.01472890, 0, 0
0.01472950, 1, 0
0.01473224, 0, 0
0.01473283, 0, 1
0.01473558, 0, 0
0.01473618, 1, 0
0.01473892, 0, 0
0.01473951, 0, 1
0.01474226, 0, 0
0.01474286, 1, 0
0.01474560, 0, 0
0.01474619, 0, 1
0.01474894, 0, 0
0.01474954, 1, 0
0.01475227, 0, 0
0.01475287, 0, 1
0.01475562, 0, 0
0.01475622, 1, 0
0.01475895, 0, 0
0.01475955, 0, 1
0.01476230, 0, 0
0.01476290, 1, 0
0.01476563, 0, 0
0.01476623, 0, 1
0.01476898, 0, 0
0.01476958, 1, 0
0.01477231, 0, 0
0.01477291, 0, 1
0.01477566, 0, 0
0.01477626, 1, 0
0.01477899, 0, 0
0.01477959, 0, 1
0.01478234, 0, 0
0.01478294, 1, 0
0.01478567, 0, 0
0.01478627, 0, 1
0.01478902, 0, 0
0.01478962, 1, 0
0.01479235, 0, 0
0.01479295, 0, 1
0.01479570, 0, 0
0.01479630, 1, 0
0.01479903, 0, 0
0.01479963, 0, 1
0.01480238, 0, 0
0.01480298, 1, 0
0.01480571, 0, 0
0.01480631, 0, 1
0.01480906, 0, 0
0.01480966, 1, 0
0.01481239, 0, 0
0.01481299, 0, 1
0.01481574, 0, 0
0.01481634, 1, 0
0.01481907, 0, 0
0.01481967, 0, 1
0.01482242, 0, 0
0.01482302, 1, 0
0.01482575, 0, 0
0.01482635, 0, 1
0.01482910, 0, 0
0.01482970, 1, 0
0.01483243, 0, 0
0.01483303, 0, 1
0.01483578, 0, 0
0.01483638, 1, 0
0.01483911, 0, 0
0.01483971, 0, 1
0.01484246, 0, 0
0.01484305, 1, 0
0.01484579, 0, 0
0.01484639, 0, 1
0.01484914, 0, 0
0.01484973, 1, 0
0.01485247, 0, 0
0.01485307, 0, 1
0.01485582, 0, 0
0.01485641, 1, 0
0.01485915, 0, 0
0.01485975, 0, 1
0.01486250, 0, 0
0.01486309, 1, 0
0.01486583, 0, 0
0.01486643, 0, 1
0.01486917, 0, 0
0.01486977, 1, 0
0.01487251, 0, 0
0.01487310, 0, 1
0.01487585, 0, 0
0.01487645, 1, 0
0.01487919, 0, 0
0.01487978, 0, 1
0.01488253, 0, 0
0.01488313, 1, 0
0.01488587, 0, 0
0.01488646, 0, 1
0.01488921, 0, 0
0.01488981, 1, 0
0.01489255, 0, 0
0.01489314, 0, 1
0.01489589, 0, 0
0.01489649, 1, 0
0.01489923, 0, 0
0.01489982, 0, 1
0.01490257, 0, 0
0.01490317, 1, 0
0.01490591, 0, 0
0.01490650, 0, 1
0.01490925, 0, 0
0.01490985, 1, 0
0.01491259, 0, 0
0.01491318, 0, 1
0.01491593, 0, 0
0.01491653, 1, 0
0.01491927, 0, 0
0.01491986, 0, 1
0.01492261, 0, 0
0.01492321, 1, 0
0.01492595, 0, 0
0.01492654, 0, 1
0.01492929, 0, 0
0.01492989, 1, 0
0.01493263, 0, 0
0.01493322, 0, 1
0.01493597, 0, 0
0.01493657, 1, 0
0.01493930, 0, 0
0.01493990, 0, 1
0.01494265, 0, 0
0.01494325, 1, 0
0.01494598, 0, 0
0.01494658, 0, 1
0.01494933, 0, 0
0.01494993, 1, 0
0.01495266, 0, 0
0.01495326, 0, 1
0.01495601, 0, 0
0.01495661, 1, 0
0.01495934, 0, 0
0.01495994, 0, 1
0.01496269, 0, 0
0.01496329, 1, 0
0.01496602, 0, 0
0.01496662, 0, 1
0.01496937, 0, 0
0.01496997, 1, 0
0.01497270, 0, 0
0.01497330, 0, 1
0.01497605, 0, 0
0.01497665, 1, 0
0.01497938, 0, 0
0.01497998, 0, 1
0.01498273, 0, 0
0.01498333, 1, 0
0.01498606, 0, 0
0.01498666, 0, 1
0.01498941, 0, 0
0.01499001, 1, 0
0.01499274, 0, 0
0.01499334, 0, 1
0.01499609, 0, 0
0.01499669, 1, 0
0.01499942, 0, 0
0.01500002, 0, 1
0.01500277, 0, 0
0.01500337, 1, 0
0.01500610, 0, 0
0.01500670, 0, 1
0.01500945, 0, 0
0.01501005, 1, 0
0.01501278, 0, 0
0.01501338, 0, 1
0.01501613, 0, 0
0.01501673, 1, 0
0.01501946, 0, 0
0.01502006, 0, 1
0.01502281, 0, 0
0.01502340, 1, 0
0.01502614, 0, 0
0.01502674, 0, 1
0.01502948, 0, 0
0.01503008, 1, 0
0.01503282, 0, 0
0.01503342, 0, 1
0.01503616, 0, 0
0.01503676, 1, 0
0.01503950, 0, 0
0.01504010, 0, 1
0.01504284, 0, 0
0.01504344, 1, 0
0.01504618, 0, 0
0.01504677, 0, 1
0.01504952, 0, 0
0.01505012, 1, 0
0.01505286, 0, 0
0.01505345, 0, 1
0.01505620, 0, 0
0.01505680, 1, 0
0.01505954, 0, 0
0.01506013, 0, 1
0.01506288, 0, 0
0.01506348, 1, 0
0.01506622, 0, 0
0.01506681, 0, 1
0.01506956, 0, 0
0.01507016, 1, 0
0.01507290, 0, 0
0.01507349, 0, 1
0.01507624, 0, 0
0.01507684, 1, 0
0.01507958, 0, 0
0.01508017, 0, 1
0.01508292, 0, 0
0.01508352, 1, 0
0.01508626, 0, 0
0.01508685, 0, 1
0.01508960, 0, 0
0.01509020, 1, 0
0.01509294, 0, 0
0.01509353, 0, 1
0.01509628, 0, 0
0.01509688, 1, 0
0.01509962, 0, 0
0.01510021, 0, 1
0.01510296, 0, 0
0.01510356, 1, 0
0.01510629, 0, 0
0.01510689, 0, 1
0.01510964, 0, 0
0.01511024, 1, 0
0.01511297, 0, 0
0.01511357, 0, 1
0.01511632, 0, 0
0.01511692, 1, 0
0.01511965, 0, 0
0.01512025, 0, 1
0.01512300, 0, 0
0.01512360, 1, 0
0.01512633, 0, 0
0.01512693, 0, 1
0.01512968, 0, 0
0.01513028, 1, 0
0.01513301, 0, 0
0.01513361, 0, 1
0.01513636, 0, 0
0.01513696, 1, 0
0.01513969, 0, 0
0.01514029, 0, 1
0.01514304, 0, 0
0.01514364, 1, 0
0.01514637, 0, 0
0.01514697, 0, 1
0.01514972, 0, 0
0.01515032, 1, 0
0.01515305, 0, 0
0.01515365, 0, 1
0.01515640, 0, 0
0.01515700, 1, 0
0.01515973, 0, 0
0.01516033, 0, 1
0.01516308, 0, 0
0.01516368, 1, 0
0.01516641, 0, 0
0.01516701, 0, 1
0.01516976, 0, 0
0.01517036, 1, 0
0.01517309, 0, 0
0.01517369, 0, 1
0.01517644, 0, 0
0.01517704, 1, 0
0.01517977, 0, 0
0.01518037, 0, 1
0.01518312, 0, 0
0.01518371, 1, 0
0.01518645, 0, 0
0.01518705, 0, 1
0.01518980, 0, 0
0.01519039, 1, 0
0.01519313, 0, 0
0.01519373, 0, 1
0.01519648, 0, 0
0.01519707, 1, 0
0.01519981, 0, 0
0.01520041, 0, 1
0.01520315, 0, 0
0.01520375, 1, 0
0.01520649, 0, 0
0.01520709, 0, 1
0.01520983, 0, 0
0.01521043, 1, 0
0.01521317, 0, 0
0.01521376, 0, 1
0.01521651, 0, 0
0.01521711, 1, 0
0.01521985, 0, 0
0.01522044, 0, 1
0.01522319, 0, 0
0.01522379, 1, 0
0.01522653, 0, 0
0.01522712, 0, 1
0.01522987, 0, 0
0.01523047, 1, 0
0.01523321, 0, 0
0.01523380, 0, 1
0.01523655, 0, 0
0.01523715, 1, 0
0.01523989, 0, 0
0.01524048, 0, 1
0.01524323, 0, 0
0.01524383, 1, 0
0.01524657, 0, 0
0.01524716, 0, 1
0.01524991, 0, 0
0.01525051, 1, 0
0.01525325, 0, 0
0.01525384, 0, 1
0.01525659, 0, 0
0.01525719, 1, 0
0.01525993, 0, 0
0.01526052, 0, 1
0.01526327, 0, 0
0.01526387, 1, 0
0.01526660, 0, 0
0.01526720, 0, 1
0.01526995, 0, 0
0.01527055, 1, 0
0.01527328, 0, 0
0.01527388, 0, 1
0.01527663, 0, 0
0.01527723, 1, 0
0.01527996, 0, 0
0.01528056, 0, 1
0.01528331, 0, 0
0.01528391, 1, 0
0.01528664, 0, 0
0.01528724, 0, 1
0.01528999, 0, 0
0.01529059, 1, 0
0.01529332, 0, 0
0.01529392, 0, 1
0.01529667, 0, 0
0.01529727, 1, 0
0.01530000, 0, 0
0.01530060, 0, 1
0.01530335, 0, 0
0.01530395, 1, 0
0.01530668, 0, 0
0.01530728, 0, 1
0.01531003, 0, 0
0.01531063, 1, 0
0.01531336, 0, 0
0.01531396, 0, 1
0.01531671, 0, 0
0.01531731, 1, 0
0.01532004, 0, 0
0.01532064, 0, 1
0.01532339, 0, 0
0.01532399, 1, 0
0.01532672, 0, 0
0.01532732, 0, 1
0.01533007, 0, 0
0.01533067, 1, 0
0.01533340, 0, 0
0.01533400, 0, 1
0.01533675, 0, 0
0.01533735, 1, 0
0.01534008, 0, 0
0.01534068, 0, 1
0.01534343, 0, 0
0.01534403, 1, 0
0.01534676, 0, 0
0.01534736, 0, 1
0.01535011, 0, 0
0.01535071, 1, 0
0.01535344, 0, 0
0.01535404, 0, 1
0.01535679, 0, 0
0.01535738, 1, 0
0.01536012, 0, 0
0.01536072, 0, 1
0.01536347, 0, 0
0.01536406, 1, 0
0.01536680, 0, 0
0.01536740, 0, 1
0.01537015, 0, 0
0.01537074, 1, 0
0.01537348, 0, 0
0.01537408, 0, 1
0.01537682, 0, 0
0.01537742, 1, 0
0.01538016, 0, 0
0.01538075, 0, 1
0.01538350, 0, 0
0.01538410, 1, 0
0.01538684, 0, 0
0.01538743, 0, 1
0.01539018, 0, 0
0.01539078, 1, 0
0.01539352, 0, 0
0.01539411, 0, 1
0.01539686, 0, 0
0.01539746, 1, 0
0.01540020, 0, 0
0.01540079, 0, 1
0.01540354, 0, 0
0.01540414, 1, 0
0.01540688, 0, 0
0.01540747, 0, 1
0.01541022, 0, 0
0.01541082, 1, 0
0.01541356, 0, 0
0.01541415, 0, 1
0.01541690, 0, 0
0.01541750, 1, 0
0.01542024, 0, 0
0.01542083, 0, 1
0.01542358, 0, 0
0.01542418, 1, 0
0.01542692, 0, 0
0.01542751, 0, 1
0.01543026, 0, 0
0.01543086, 1, 0
0.01543360, 0, 0
0.01543419, 0, 1
0.01543694, 0, 0
0.01543754, 1, 0
0.01544028, 0, 0
0.01544087, 0, 1
0.01544362, 0, 0
0.01544422, 1, 0
0.01544695, 0, 0
0.01544755, 0, 1
0.01545030, 0, 0
0.01545090, 1, 0
0.01545363, 0, 0
0.01545423, 0, 1
0.01545698, 0, 0
0.01545758, 1, 0
0.01546031, 0, 0
0.01546091, 0, 1
0.01546366, 0, 0
0.01546426, 1, 0
0.01546699, 0, 0
0.01546759, 0, 1
0.01547034, 0, 0
0.01547094, 1, 0
0.01547367, 0, 0
0.01547427, 0, 1
0.01547702, 0, 0
0.01547762, 1, 0
0.01548035, 0, 0
0.01548095, 0, 1
0.01548370, 0, 0
0.01548430, 1, 0
0.01548703, 0, 0
0.01548763, 0, 1
0.01549038, 0, 0
0.01549098, 1, 0
0.01549371, 0, 0
0.01549431, 0, 1
0.01549706, 0, 0
0.01549766, 1, 0
0.01550039, 0, 0
0.01550099, 0, 1
0.01550374, 0, 0
0.01550434, 1, 0
0.01550707, 0, 0
0.01550767, 0, 1
0.01551042, 0, 0
0.01551102, 1, 0
0.01551375, 0, 0
0.01551435, 0, 1
0.01551710, 0, 0
0.01551770, 1, 0
0.01552043, 0, 0
0.01552103, 0, 1
0.01552378, 0, 0
0.01552437, 1, 0
0.01552711, 0, 0
0.01552771, 0, 1
0.01553046, 0, 0
0.01553105, 1, 0
0.01553379, 0, 0
0.01553439, 0, 1
0.01553713, 0, 0
0.01553773, 1, 0
0.01554047, 0, 0
0.01554107, 0, 1
0.01554381, 0, 0
0.01554441, 1, 0
0.01554715, 0, 0
0.01554775, 0, 1
0.01555049, 0, 0
0.01555109, 1, 0
0.01555383, 0, 0
0.01555443, 0, 1
0.01555717, 0, 0
0.01555777, 1, 0
0.01556051, 0, 0
0.01556110, 0, 1
0.01556385, 0, 0
0.01556445, 1, 0
0.01556719, 0, 0
0.01556778, 0, 1
0.01557053, 0, 0
0.01557113, 1, 0
0.01557387, 0, 0
0.01557446, 0, 1
0.01557721, 0, 0
0.01557781, 1, 0
0.01558055, 0, 0
0.01558114, 0, 1
0.01558389, 0, 0
0.01558449, 1, 0
0.01558723, 0, 0
0.01558782, 0, 1
0.01559057, 0, 0
0.01559117, 1, 0
0.01559391, 0, 0
0.01559450, 0, 1
0.01559725, 0, 0
0.01559785, 1, 0
0.01560059, 0, 0
0.01560118, 0, 1
0.01560393, 0, 0
0.01560453, 1, 0
0.01560726, 0, 0
0.01560786, 0, 1
0.01561061, 0, 0
0.01561121, 1, 0
0.01561395, 0, 0
0.01561454, 0, 1
0.01561729, 0, 0
0.01561789, 1, 0
0.01562062, 0, 0
0.01562122, 0, 1
0.01562397, 0, 0
0.01562457, 1, 0
0.01562730, 0, 0
0.01562790, 0, 1
0.01563065, 0, 0
0.01563125, 1, 0
0.01563398, 0, 0
0.01563458, 0, 1
0.01563733, 0, 0
0.01563793, 1, 0
0.01564066, 0, 0
0.01564126, 0, 1
0.01564401, 0, 0
0.01564461, 1, 0
0.01564734, 0, 0
0.01564794, 0, 1
0.01565069, 0, 0
0.01565129, 1, 0
0.01565402, 0, 0
0.01565462, 0, 1
0.01565737, 0, 0
0.01565797, 1, 0
0.01566070, 0, 0
0.01566130, 0, 1
0.01566405, 0, 0
0.01566465, 1, 0
0.01566738, 0, 0
0.01566798, 0, 1
0.01567073, 0, 0
0.01567133, 1, 0
0.01567406, 0, 0
0.01567466, 0, 1
0.01567741, 0, 0
0.01567801, 1, 0
0.01568074, 0, 0
0.01568134, 0, 1
0.01568409, 0, 0
0.01568469, 1, 0
0.01568742, 0, 0
0.01568802, 0, 1
0.01569077, 0, 0
0.01569137, 1, 0
0.01569410, 0, 0
0.01569470, 0, 1
0.01569745, 0, 0
0.01569805, 1, 0
0.01570078, 0, 0
0.01570138, 0, 1
0.01570413, 0, 0
0.01570472, 1, 0
0.01570746, 0, 0
0.01570806, 0, 1
0.01571080, 0, 0
0.01571140, 1, 0
0.01571414, 0, 0
0.01571474, 0, 1
0.01571748, 0, 0
0.01571808, 1, 0
0.01572082, 0, 0
0.01572141, 0, 1
0.01572416, 0, 0
0.01572476, 1, 0
0.01572750, 0, 0
0.01572809, 0, 1
0.01573084, 0, 0
0.01573144, 1, 0
0.01573418, 0, 0
0.01573477, 0, 1
0.01573752, 0, 0
0.01573812, 1, 0
0.01574086, 0, 0
0.01574145, 0, 1
0.01574420, 0, 0
0.01574480, 1, 0
0.01574754, 0, 0
0.01574813, 0, 1
0.01575088, 0, 0
0.01575148, 1, 0
0.01575422, 0, 0
0.01575481, 0, 1
0.01575756, 0, 0
0.01575816, 1, 0
0.01576090, 0, 0
0.01576149, 0, 1
0.01576424, 0, 0
0.01576484, 1, 0
0.01576758, 0, 0
0.01576817, 0, 1
0.01577092, 0, 0
0.01577152, 1, 0
0.01577426, 0, 0
0.01577485, 0, 1
0.01577760, 0, 0
0.01577820, 1, 0
0.01578094, 0, 0
0.01578153, 0, 1
0.01578428, 0, 0
0.01578488, 1, 0
0.01578761, 0, 0
0.01578821, 0, 1
0.01579096, 0, 0
0.01579156, 1, 0
0.01579429, 0, 0
0.01579489, 0, 1
0.01579764, 0, 0
0.01579824, 1, 0
0.01580097, 0, 0
0.01580157, 0, 1
0.01580432, 0, 0
0.01580492, 1, 0
0.01580765, 0, 0
0.01580825, 0, 1
0.01581100, 0, 0
0.01581160, 1, 0
0.01581433, 0, 0
0.01581493, 0, 1
0.01581768, 0, 0
0.01581828, 1, 0
0.01582101, 0, 0
0.01582161, 0, 1
0.01582436, 0, 0
0.01582496, 1, 0
0.01582769, 0, 0
0.01582829, 0, 1
0.01583104, 0, 0
0.01583164, 1, 0
0.01583437, 0, 0
0.01583497, 0, 1
0.01583772, 0, 0
0.01583832, 1, 0
0.01584105, 0, 0
0.01584165, 0, 1
0.01584440, 0, 0
0.01584500, 1, 0
0.01584773, 0, 0
0.01584833, 0, 1
0.01585108, 0, 0
0.01585168, 1, 0
0.01585441, 0, 0
0.01585501, 0, 1
0.01585776, 0, 0
0.01585836, 1, 0
0.01586109, 0, 0
0.01586169, 0, 1
0.01586444, 0, 0
0.01586504, 1, 0
0.01586777, 0, 0
0.01586837, 0, 1
0.01587112, 0, 0
0.01587172, 1, 0
0.01587445, 0, 0
0.01587505, 0, 1
0.01587779, 0, 0
0.01587839, 1, 0
0.01588113, 0, 0
0.01588173, 0, 1
0.01588447, 0, 0
0.01588507, 1, 0
0.01588781, 0, 0
0.01588840, 0, 1
0.01589115, 0, 0
0.01589175, 1, 0
0.01589449, 0, 0
0.01589509, 0, 1
0.01589783, 0, 0
0.01589843, 1, 0
0.01590117, 0, 0
0.01590177, 0, 1
0.01590451, 0, 0
0.01590511, 1, 0
0.01590785, 0, 0
0.01590844, 0, 1
0.01591119, 0, 0
0.01591179, 1, 0
0.01591453, 0, 0
0.01591512, 0, 1
0.01591787, 0, 0
0.01591847, 1, 0
0.01592121, 0, 0
0.01592180, 0, 1
0.01592455, 0, 0
0.01592515, 1, 0
0.01592789, 0, 0
0.01592848, 0, 1
0.01593123, 0, 0
0.01593183, 1, 0
0.01593457, 0, 0
0.01593516, 0, 1
0.01593791, 0, 0
0.01593851, 1, 0
0.01594125, 0, 0
0.01594184, 0, 1
0.01594459, 0, 0
0.01594519, 1, 0
0.01594793, 0, 0
0.01594852, 0, 1
0.01595127, 0, 0
0.01595187, 1, 0
0.01595460, 0, 0
0.01595520, 0, 1
0.01595795, 0, 0
0.01595855, 1, 0
0.01596128, 0, 0
0.01596188, 0, 1
0.01596463, 0, 0
0.01596523, 1, 0
0.01596796, 0, 0
0.01596856, 0, 1
0.01597131, 0, 0
0.01597191, 1, 0
0.01597464, 0, 0
0.01597524, 0, 1
0.01597799, 0, 0
0.01597859, 1, 0
0.01598132, 0, 0
0.01598192, 0, 1
0.01598467, 0, 0
0.01598527, 1, 0
0.01598800, 0, 0
0.01598860, 0, 1
0.01599135, 0, 0
0.01599195, 1, 0
0.01599468, 0, 0
0.01599528, 0, 1
0.01599803, 0, 0
0.01599863, 1, 0
0.01600136, 0, 0
0.01600196, 0, 1
0.01600471, 0, 0
0.01600531, 1, 0
0.01600804, 0, 0
0.01600864, 0, 1
0.01601139, 0, 0
0.01601199, 1, 0
0.01601472, 0, 0
0.01601532, 0, 1
0.01601807, 0, 0
0.01601867, 1, 0
0.01602140, 0, 0
0.01602200, 0, 1
0.01602475, 0, 0
0.01602535, 1, 0
0.01602808, 0, 0
0.01602868, 0, 1
0.01603143, 0, 0
0.01603203, 1, 0
0.01603476, 0, 0
0.01603536, 0, 1
0.01603811, 0, 0
0.01603870, 1, 0
0.01604144, 0, 0
0.01604204, 0, 1
0.01604479, 0, 0
0.01604538, 1, 0
0.01604812, 0, 0
0.01604872, 0, 1
0.01605147, 0, 0
0.01605206, 1, 0
0.01605480, 0, 0
0.01605540, 0, 1
0.01605814, 0, 0
0.01605874, 1, 0
0.01606148, 0, 0
0.01606207, 0, 1
0.01606482, 0, 0
0.01606542, 1, 0
0.01606816, 0, 0
0.01606875, 0, 1
0.01607150, 0, 0
0.01607210, 1, 0
0.01607484, 0, 0
0.01607543, 0, 1
0.01607818, 0, 0
0.01607878, 1, 0
0.01608152, 0, 0
0.01608211, 0, 1
0.01608486, 0, 0
0.01608546, 1, 0
0.01608820, 0, 0
0.01608879, 0, 1
0.01609154, 0, 0
0.01609214, 1, 0
0.01609488, 0, 0
0.01609547, 0, 1
0.01609822, 0, 0
0.01609882, 1, 0
0.01610156, 0, 0
0.01610215, 0, 1
0.01610490, 0, 0
0.01610550, 1, 0
0.01610824, 0, 0
0.01610883, 0, 1
0.01611158, 0, 0
0.01611218, 1, 0
0.01611492, 0, 0
0.01611551, 0, 1
0.01611826, 0, 0
0.01611886, 1, 0
0.01612160, 0, 0
0.01612219, 0, 1
0.01612494, 0, 0
0.01612554, 1, 0
0.01612828, 0, 0
0.01612887, 0, 1
0.01613162, 0, 0
0.01613222, 1, 0
0.01613495, 0, 0
0.01613555, 0, 1
0.01613830, 0, 0
0.01613890, 1, 0
0.01614163, 0, 0
0.01614223, 0, 1
0.01614498, 0, 0
0.01614558, 1, 0
0.01614831, 0, 0
0.01614891, 0, 1
0.01615166, 0, 0
0.01615226, 1, 0
0.01615499, 0, 0
0.01615559, 0, 1
0.01615834, 0, 0
0.01615894, 1, 0
0.01616167, 0, 0
0.01616227, 0, 1
0.01616502, 0, 0
0.01616562, 1, 0
0.01616835, 0, 0
0.01616895, 0, 1
0.01617170, 0, 0
0.01617230, 1, 0
0.01617503, 0, 0
0.01617563, 0, 1
0.01617838, 0, 0
0.01617898, 1, 0
0.01618171, 0, 0
0.01618231, 0, 1
0.01618506, 0, 0
0.01618566, 1, 0
0.01618839, 0, 0
0.01618899, 0, 1
0.01619174, 0, 0
0.01619234, 1, 0
0.01619507, 0, 0
0.01619567, 0, 1
0.01619842, 0, 0
0.01619902, 1, 0
0.01620175, 0, 0
0.01620235, 0, 1
0.01620510, 0, 0
0.01620570, 1, 0
0.01620843, 0, 0
0.01620903, 0, 1
0.01621178, 0, 0
0.01621238, 1, 0
0.01621511, 0, 0
0.01621571, 0, 1
0.01621846, 0, 0
0.01621905, 1, 0
0.01622179, 0, 0
0.01622239, 0, 1
0.01622513, 0, 0
0.01622573, 1, 0
0.01622847, 0, 0
0.01622906, 0, 1
0.01623181, 0, 0
0.01623241, 1, 0
0.01623515, 0, 0
0.01623574, 0, 1
0.01623849, 0, 0
0.01623909, 1, 0
0.01624183, 0, 0
0.01624242, 0, 1
0.01624517, 0, 0
0.01624577, 1, 0
0.01624851, 0, 0
0.01624910, 0, 1
0.01625185, 0, 0
0.01625245, 1, 0
0.01625519, 0, 0
0.01625578, 0, 1
0.01625853, 0, 0
0.01625913, 1, 0
0.01626187, 0, 0
0.01626246, 0, 1
0.01626521, 0, 0
0.01626581, 1, 0
0.01626855, 0, 0
0.01626914, 0, 1
0.01627189, 0, 0
0.01627249, 1, 0
0.01627523, 0, 0
0.01627582, 0, 1
0.01627857, 0, 0
0.01627917, 1, 0
0.01628191, 0, 0
0.01628250, 0, 1
0.01628525, 0, 0
0.01628585, 1, 0
0.01628859, 0, 0
0.01628918, 0, 1
0.01629193, 0, 0
0.01629253, 1, 0
0.01629527, 0, 0
0.01629586, 0, 1
0.01629861, 0, 0
0.01629921, 1, 0
0.01630194, 0, 0
0.01630254, 0, 1
0.01630529, 0, 0
0.01630589, 1, 0
0.01630862, 0, 0
0.01630922, 0, 1
0.01631197, 0, 0
0.01631257, 1, 0
0.01631530, 0, 0
0.01631590, 0, 1
0.01631865, 0, 0
0.01631925, 1, 0
0.01632198, 0, 0
0.01632258, 0, 1
0.01632533, 0, 0
0.01632593, 1, 0
0.01632866, 0, 0
0.01632926, 0, 1
0.01633201, 0, 0
0.01633261, 1, 0
0.01633534, 0, 0
0.01633594, 0, 1
0.01633869, 0, 0
0.01633929, 1, 0
0.01634202, 0, 0
0.01634262, 0, 1
0.01634537, 0, 0
0.01634597, 1, 0
0.01634870, 0, 0
0.01634930, 0, 1
0.01635205, 0, 0
0.01635265, 1, 0
0.01635538, 0, 0
0.01635598, 0, 1
0.01635873, 0, 0
0.01635933, 1, 0
0.01636206, 0, 0
0.01636266, 0, 1
0.01636541, 0, 0
0.01636601, 1, 0
0.01636874, 0, 0
0.01636934, 0, 1
0.01637209, 0, 0
0.01637269, 1, 0
0.01637542, 0, 0
0.01637602, 0, 1
0.01637877, 0, 0
0.01637936, 1, 0
0.01638210, 0, 0
0.01638270, 0, 1
0.01638545, 0, 0
0.01638604, 1, 0
0.01638878, 0, 0
0.01638938, 0, 1
0.01639212, 0, 0
0.01639272, 1, 0
0.01639546, 0, 0
0.01639606, 0, 1
0.01639880, 0, 0
0.01639940, 1, 0
0.01640214, 0, 0
0.01640274, 0, 1
0.01640548, 0, 0
0.01640608, 1, 0
0.01640882, 0, 0
0.01640941, 0, 1
0.01641216, 0, 0
0.01641276, 1, 0
0.01641550, 0, 0
0.01641609, 0, 1
0.01641884, 0, 0
0.01641944, 1, 0
0.01642218, 0, 0
0.01642277, 0, 1
0.01642552, 0, 0
0.01642612, 1, 0
0.01642886, 0, 0
0.01642945, 0, 1
0.01643220, 0, 0
0.01643280, 1, 0
0.01643554, 0, 0
0.01643613, 0, 1
0.01643888, 0, 0
0.01643948, 1, 0
0.01644222, 0, 0
0.01644281, 0, 1
0.01644556, 0, 0
0.01644616, 1, 0
0.01644890, 0, 0
0.01644949, 0, 1
0.01645224, 0, 0
0.01645284, 1, 0
0.01645558, 0, 0
0.01645617, 0, 1
0.01645892, 0, 0
0.01645952, 1, 0
0.01646226, 0, 0
0.01646285, 0, 1
0.01646560, 0, 0
0.01646620, 1, 0
0.01646893, 0, 0
0.01646953, 0, 1
0.01647228, 0, 0
0.01647288, 1, 0
0.01647561, 0, 0
0.01647621, 0, 1
0.01647896, 0, 0
0.01647956, 1, 0
0.01648229, 0, 0
0.01648289, 0, 1
0.01648564, 0, 0
0.01648624, 1, 0
0.01648897, 0, 0
0.01648957, 0, 1
0.01649232, 0, 0
0.01649292, 1, 0
0.01649565, 0, 0
0.01649625, 0, 1
0.01649900, 0, 0
0.01649960, 1, 0
0.01650233, 0, 0
0.01650293, 0, 1
0.01650568, 0, 0
0.01650628, 1, 0
0.01650901, 0, 0
0.01650961, 0, 1
0.01651236, 0, 0
0.01651296, 1, 0
0.01651569, 0, 0
0.01651629, 0, 1
0.01651904, 0, 0
0.01651964, 1, 0
0.01652237, 0, 0
0.01652297, 0, 1
0.01652572, 0, 0
0.01652632, 1, 0
0.01652905, 0, 0
0.01652965, 0, 1
0.01653240, 0, 0
0.01653300, 1, 0
0.01653573, 0, 0
0.01653633, 0, 1
0.01653908, 0, 0
0.01653968, 1, 0
0.01654241, 0, 0
0.01654301, 0, 1
0.01654576, 0, 0
0.01654636, 1, 0
0.01654909, 0, 0
0.01654969, 0, 1
0.01655244, 0, 0
0.01655303, 1, 0
0.01655577, 0, 0
0.01655637, 0, 1
0.01655912, 0, 0
0.01655971, 1, 0
0.01656245, 0, 0
0.01656305, 0, 1
0.01656579, 0, 0
0.01656639, 1, 0
0.01656913, 0, 0
0.01656973, 0, 1
0.01657247, 0, 0
0.01657307, 1, 0
0.01657581, 0, 0
0.01657640, 0, 1
0.01657915, 0, 0
0.01657975, 1, 0
0.01658249, 0, 0
0.01658309, 0, 1
0.01658583, 0, 0
0.01658643, 1, 0
0.01658917, 0, 0
0.01658976, 0, 1
0.01659251, 0, 0
0.01659311, 1, 0
0.01659585, 0, 0
0.01659644, 0, 1
0.01659919, 0, 0
0.01659979, 1, 0
0.01660253, 0, 0
0.01660312, 0, 1
0.01660587, 0, 0
0.01660647, 1, 0
0.01660921, 0, 0
0.01660980, 0, 1
0.01661255, 0, 0
0.01661315, 1, 0
0.01661589, 0, 0
0.01661648, 0, 1
0.01661923, 0, 0
0.01661983, 1, 0
0.01662257, 0, 0
0.01662316, 0, 1
0.01662591, 0, 0
0.01662651, 1, 0
0.01662925, 0, 0
0.01662984, 0, 1
0.01663259, 0, 0
0.01663319, 1, 0
0.01663593, 0, 0
0.01663652, 0, 1
0.01663927, 0, 0
0.01663987, 1, 0
0.01664260, 0, 0
0.01664320, 0, 1
0.01664595, 0, 0
0.01664655, 1, 0
0.01664928, 0, 0
0.01664988, 0, 1
0.01665263, 0, 0
0.01665323, 1, 0
0.01665596, 0, 0
0.01665656, 0, 1
0.01665931, 0, 0
0.01665991, 1, 0
0.01666264, 0, 0
0.01666324, 0, 1
0.01666599, 0, 0
0.01666659, 1, 0
0.01666932, 0, 0
0.01666992, 0, 1
0.01667267, 0, 0
0.01667327, 1, 0
0.01667600, 0, 0
0.01667660, 0, 1
0.01667935, 0, 0
0.01667995, 1, 0
0.01668268, 0, 0
0.01668328, 0, 1
0.01668603, 0, 0
0.01668663, 1, 0
0.01668936, 0, 0
0.01668996, 0, 1
0.01669271, 0, 0
0.01669331, 1, 0
0.01669604, 0, 0
0.01669664, 0, 1
0.01669939, 0, 0
0.01669999, 1, 0
0.01670272, 0, 0
0.01670332, 0, 1
0.01670607, 0, 0
0.01670667, 1, 0
0.01670940, 0, 0
0.01671000, 0, 1
0.01671275, 0, 0
0.01671335, 1, 0
0.01671608, 0, 0
0.01671668, 0, 1
0.01671943, 0, 0
0.01672003, 1, 0
0.01672276, 0, 0
0.01672336, 0, 1
0.01672611, 0, 0
0.01672670, 1, 0
0.01672944, 0, 0
0.01673004, 0, 1
0.01673278, 0, 0
0.01673338, 1, 0
0.01673612, 0, 0
0.01673672, 0, 1
0.01673946, 0, 0
0.01674006, 1, 0
0.01674280, 0, 0
0.01674340, 0, 1
0.01674614, 0, 0
0.01674674, 1, 0
0.01674948, 0, 0
0.01675007, 0, 1
0.01675282, 0, 0
0.01675342, 1, 0
0.01675616, 0, 0
0.01675675, 0, 1
0.01675950, 0, 0
0.01676010, 1, 0
0.01676284, 0, 0
0.01676343, 0, 1
0.01676618, 0, 0
0.01676678, 1, 0
0.01676952, 0, 0
0.01677011, 0, 1
0.01677286, 0, 0
0.01677346, 1, 0
0.01677620, 0, 0
0.01677679, 0, 1
0.01677954, 0, 0
0.01678014, 1, 0
0.01678288, 0, 0
0.01678347, 0, 1
0.01678622, 0, 0
0.01678682, 1, 0
0.01678956, 0, 0
0.01679015, 0, 1
0.01679290, 0, 0
0.01679350, 1, 0
0.01679624, 0, 0
0.01679683, 0, 1
0.01679958, 0, 0
0.01680018, 1, 0
0.01680292, 0, 0
0.01680351, 0, 1
0.01680626, 0, 0
0.01680686, 1, 0
0.01680959, 0, 0
0.01681019, 0, 1
0.01681294, 0, 0
0.01681354, 1, 0
0.01681627, 0, 0
0.01681687, 0, 1
0.01681962, 0, 0
0.01682022, 1, 0
0.01682295, 0, 0
0.01682355, 0, 1
0.01682630, 0, 0
0.01682690, 1, 0
0.01682963, 0, 0
0.01683023, 0, 1
0.01683298, 0, 0
0.01683358, 1, 0
0.01683631, 0, 0
0.01683691, 0, 1
0.01683966, 0, 0
0.01684026, 1, 0
0.01684299, 0, 0
0.01684359, 0, 1
0.01684634, 0, 0
0.01684694, 1, 0
0.01684967, 0, 0
0.01685027, 0, 1
0.01685302, 0, 0
0.01685362, 1, 0
0.01685635, 0, 0
0.01685695, 0, 1
0.01685970, 0, 0
0.01686030, 1, 0
0.01686303, 0, 0
0.01686363, 0, 1
0.01686638, 0, 0
0.01686698, 1, 0
0.01686971, 0, 0
0.01687031, 0, 1
0.01687306, 0, 0
0.01687366, 1, 0
0.01687639, 0, 0
0.01687699, 0, 1
0.01687974, 0, 0
0.01688034, 1, 0
0.01688307, 0, 0
0.01688367, 0, 1
0.01688642, 0, 0
0.01688702, 1, 0
0.01688975, 0, 0
0.01689035, 0, 1
0.01689310, 0, 0
0.01689370, 1, 0
0.01689643, 0, 0
0.01689703, 0, 1
0.01689978, 0, 0
0.01690037, 1, 0
0.01690311, 0, 0
0.01690371, 0, 1
0.01690646, 0, 0
0.01690705, 1, 0
0.01690979, 0, 0
0.01691039, 0, 1
0.01691313, 0, 0
0.01691373, 1, 0
0.01691647, 0, 0
0.01691707, 0, 1
0.01691981, 0, 0
0.01692041, 1, 0
0.01692315, 0, 0
0.01692374, 0, 1
0.01692649, 0, 0
0.01692709, 1, 0
0.01692983, 0, 0
0.01693042, 0, 1
0.01693317, 0, 0
0.01693377, 1, 0
0.01693651, 0, 0
0.01693710, 0, 1
0.01693985, 0, 0
0.01694045, 1, 0
0.01694319, 0, 0
0.01694378, 0, 1
0.01694653, 0, 0
0.01694713, 1, 0
0.01694987, 0, 0
0.01695046, 0, 1
0.01695321, 0, 0
0.01695381, 1, 0
0.01695655, 0, 0
0.01695714, 0, 1
0.01695989, 0, 0
0.01696049, 1, 0
0.01696323, 0, 0
0.01696382, 0, 1
0.01696657, 0, 0
0.01696717, 1, 0
0.01696991, 0, 0
0.01697050, 0, 1
0.01697325, 0, 0
0.01697385, 1, 0
0.01697658, 0, 0
0.01697718, 0, 1
0.01697993, 0, 0
0.01698053, 1, 0
0.01698326, 0, 0
0.01698386, 0, 1
0.01698661, 0, 0
0.01698721, 1, 0
0.01698994, 0, 0
0.01699054, 0, 1
0.01699329, 0, 0
0.01699389, 1, 0
0.01699662, 0, 0
0.01699722, 0, 1
0.01699997, 0, 0
0.01700057, 1, 0
0.01700330, 0, 0
0.01700390, 0, 1
0.01700665, 0, 0
0.01700725, 1, 0
0.01700998, 0, 0
0.01701058, 0, 1
0.01701333, 0, 0
0.01701393, 1, 0
0.01701666, 0, 0
0.01701726, 0, 1
0.01702001, 0, 0
0.01702061, 1, 0
0.01702334, 0, 0
0.01702394, 0, 1
0.01702669, 0, 0
0.01702729, 1, 0
0.01703002, 0, 0
0.01703062, 0, 1
0.01703337, 0, 0
0.01703397, 1, 0
0.01703670, 0, 0
0.01703730, 0, 1
0.01704005, 0, 0
0.01704065, 1, 0
0.01704338, 0, 0
0.01704398, 0, 1
0.01704673, 0, 0
0.01704733, 1, 0
0.01705006, 0, 0
0.01705066, 0, 1
0.01705341, 0, 0
0.01705401, 1, 0
0.01705674, 0, 0
0.01705734, 0, 1
0.01706009, 0, 0
0.01706068, 1, 0
0.01706342, 0, 0
0.01706402, 0, 1
0.01706677, 0, 0
0.01706736, 1, 0
0.01707010, 0, 0
0.01707070, 0, 1
0.01707345, 0, 0
0.01707404, 1, 0
0.01707678, 0, 0
0.01707738, 0, 1
0.01708012, 0, 0
0.01708072, 1, 0
0.01708346, 0, 0
0.01708406, 0, 1
0.01708680, 0, 0
0.01708740, 1, 0
0.01709014, 0, 0
0.01709074, 0, 1
0.01709348, 0, 0
0.01709408, 1, 0
0.01709682, 0, 0
0.01709741, 0, 1
0.01710016, 0, 0
0.01710076, 1, 0
0.01710350, 0, 0
0.01710409, 0, 1
0.01710684, 0, 0
0.01710744, 1, 0
0.01711018, 0, 0
0.01711077, 0, 1
0.01711352, 0, 0
0.01711412, 1, 0
0.01711686, 0, 0
0.01711745, 0, 1
0.01712020, 0, 0
0.01712080, 1, 0
0.01712354, 0, 0
0.01712413, 0, 1
0.01712688, 0, 0
0.01712748, 1, 0
0.01713022, 0, 0
0.01713081, 0, 1
0.01713356, 0, 0
0.01713416, 1, 0
0.01713690, 0, 0
0.01713749, 0, 1
0.01714024, 0, 0
0.01714084, 1, 0
0.01714358, 0, 0
0.01714417, 0, 1
0.01714692, 0, 0
0.01714752, 1, 0
0.01715026, 0, 0
0.01715085, 0, 1
0.01715360, 0, 0
0.01715420, 1, 0
0.01715694, 0, 0
0.01715753, 0, 1
0.01716028, 0, 0
0.01716088, 1, 0
0.01716361, 0, 0
0.01716421, 0, 1
0.01716696, 0, 0
0.01716756, 1, 0
0.01717029, 0, 0
0.01717089, 0, 1
0.01717364, 0, 0
0.01717424, 1, 0
0.01717697, 0, 0
0.01717757, 0, 1
0.01718032, 0, 0
0.01718092, 1, 0
0.01718365, 0, 0
0.01718425, 0, 1
0.01718700, 0, 0
0.01718760, 1, 0
0.01719033, 0, 0
0.01719093, 0, 1
0.01719368, 0, 0
0.01719428, 1, 0
0.01719701, 0, 0
0.01719761, 0, 1
0.01720036, 0, 0
0.01720096, 1, 0
0.01720369, 0, 0
0.01720429, 0, 1
0.01720704, 0, 0
0.01720764, 1, 0
0.01721037, 0, 0
0.01721097, 0, 1
0.01721372, 0, 0
0.01721432, 1, 0
0.01721705, 0, 0
0.01721765, 0, 1
0.01722040, 0, 0
0.01722100, 1, 0
0.01722373, 0, 0
0.01722433, 0, 1
0.01722708, 0, 0
0.01722768, 1, 0
0.01723041, 0, 0
0.01723101, 0, 1
0.01723376, 0, 0
0.01723436, 1, 0
0.01723709, 0, 0
0.01723769, 0, 1
0.01724044, 0, 0
0.01724103, 1, 0
0.01724377, 0, 0
0.01724437, 0, 1
0.01724711, 0, 0
0.01724771, 1, 0
0.01725045, 0, 0
0.01725105, 0, 1
0.01725380, 0, 0
0.01725439, 1, 0
0.01725713, 0, 0
0.01725773, 0, 1
0.01726047, 0, 0
0.01726107, 1, 0
0.01726381, 0, 0
0.01726440, 0, 1
0.01726715, 0, 0
0.01726775, 1, 0
0.01727049, 0, 0
0.01727108, 0, 1
0.01727383, 0, 0
0.01727443, 1, 0
0.01727717, 0, 0
0.01727776, 0, 1
0.01728051, 0, 0
0.01728111, 1, 0
0.01728385, 0, 0
0.01728444, 0, 1
0.01728719, 0, 0
0.01728779, 1, 0
0.01729053, 0, 0
0.01729112, 0, 1
0.01729387, 0, 0
0.01729447, 1, 0
0.01729721, 0, 0
0.01729780, 0, 1
0.01730055, 0, 0
0.01730115, 1, 0
0.01730389, 0, 0
0.01730448, 0, 1
0.01730723, 0, 0
0.01730783, 1, 0
0.01731057, 0, 0
0.01731116, 0, 1
0.01731391, 0, 0
0.01731451, 1, 0
0.01731725, 0, 0
0.01731784, 0, 1
0.01732059, 0, 0
0.01732119, 1, 0
0.01732393, 0, 0
0.01732452, 0, 1
0.01732727, 0, 0
0.01732787, 1, 0
0.01733060, 0, 0
0.01733120, 0, 1
0.01733395, 0, 0
0.01733455, 1, 0
0.01733728, 0, 0
0.01733788, 0, 1
0.01734063, 0, 0
0.01734123, 1, 0
0.01734396, 0, 0
0.01734456, 0, 1
0.01734731, 0, 0
0.01734791, 1, 0
0.01735064, 0, 0
0.01735124, 0, 1
0.01735399, 0, 0
0.01735459, 1, 0
0.01735732, 0, 0
0.01735792, 0, 1
0.01736067, 0, 0
0.01736127, 1, 0
0.01736400, 0, 0
0.01736460, 0, 1
0.01736735, 0, 0
0.01736795, 1, 0
0.01737068, 0, 0
0.01737128, 0, 1
0.01737403, 0, 0
0.01737463, 1, 0
0.01737736, 0, 0
0.01737796, 0, 1
0.01738071, 0, 0
0.01738131, 1, 0
0.01738404, 0, 0
0.01738464, 0, 1
0.01738739, 0, 0
0.01738799, 1, 0
0.01739072, 0, 0
0.01739132, 0, 1
0.01739407, 0, 0
0.01739467, 1, 0
0.01739740, 0, 0
0.01739800, 0, 1
0.01740075, 0, 0
0.01740135, 1, 0
0.01740408, 0, 0
0.01740468, 0, 1
0.01740743, 0, 0
0.01740802, 1, 0
0.01741076, 0, 0
0.01741136, 0, 1
0.01741410, 0, 0
0.01741470, 1, 0
0.01741744, 0, 0
0.01741804, 0, 1
0.01742079, 0, 0
0.01742138, 1, 0
0.01742412, 0, 0
0.01742472, 0, 1
0.01742747, 0, 0
0.01742806, 1, 0
0.01743080, 0, 0
0.01743140, 0, 1
0.01743414, 0, 0
0.01743474, 1, 0
0.01743748, 0, 0
0.01743807, 0, 1
0.01744082, 0, 0
0.01744142, 1, 0
0.01744416, 0, 0
0.01744475, 0, 1
0.01744750, 0, 0
0.01744810, 1, 0
0.01745084, 0, 0
0.01745143, 0, 1
0.01745418, 0, 0
0.01745478, 1, 0
0.01745752, 0, 0
0.01745811, 0, 1
0.01746086, 0, 0
0.01746146, 1, 0
0.01746420, 0, 0
0.01746479, 0, 1
0.01746754, 0, 0
0.01746814, 1, 0
0.01747088, 0, 0
0.01747147, 0, 1
0.01747422, 0, 0
0.01747482, 1, 0
0.01747756, 0, 0
0.01747815, 0, 1
0.01748090, 0, 0
0.01748150, 1, 0
0.01748424, 0, 0
0.01748483, 0, 1
0.01748758, 0, 0
0.01748818, 1, 0
0.01749092, 0, 0
0.01749151, 0, 1
0.01749426, 0, 0
0.01749486, 1, 0
0.01749760, 0, 0
0.01749819, 0, 1
0.01750094, 0, 0
0.01750154, 1, 0
0.01750427, 0, 0
0.01750487, 0, 1
0.01750762, 0, 0
0.01750822, 1, 0
0.01751095, 0, 0
0.01751155, 0, 1
0.01751430, 0, 0
0.01751490, 1, 0
0.01751763, 0, 0
0.01751823, 0, 1
0.01752098, 0, 0
0.01752158, 1, 0
0.01752431, 0, 0
0.01752491, 0, 1
0.01752766, 0, 0
0.01752826, 1, 0
0.01753099, 0, 0
0.01753159, 0, 1
0.01753434, 0, 0
0.01753494, 1, 0
0.01753767, 0, 0
0.01753827, 0, 1
0.01754102, 0, 0
0.01754162, 1, 0
0.01754435, 0, 0
0.01754495, 0, 1
0.01754770, 0, 0
0.01754830, 1, 0
0.01755103, 0, 0
0.01755163, 0, 1
0.01755438, 0, 0
0.01755498, 1, 0
0.01755771, 0, 0
0.01755831, 0, 1
0.01756106, 0, 0
0.01756166, 1, 0
0.01756439, 0, 0
0.01756499, 0, 1
0.01756774, 0, 0
0.01756834, 1, 0
0.01757107, 0, 0
0.01757167, 0, 1
0.01757442, 0, 0
0.01757502, 1, 0
0.01757775, 0, 0
0.01757835, 0, 1
0.01758110, 0, 0
0.01758169, 1, 0
0.01758443, 0, 0
0.01758503, 0, 1
0.01758778, 0, 0
0.01758837, 1, 0
0.01759111, 0, 0
0.01759171, 0, 1
0.01759445, 0, 0
0.01759505, 1, 0
0.01759779, 0, 0
0.01759838, 0, 1
0.01760113, 0, 0
0.01760173, 1, 0
0.01760447, 0, 0
0.01760506, 0, 1
0.01760781, 0, 0
0.01760841, 1, 0
0.01761115, 0, 0
0.01761174, 0, 1
0.01761449, 0, 0
0.01761509, 1, 0
0.01761783, 0, 0
0.01761842, 0, 1
0.01762117, 0, 0
0.01762177, 1, 0
0.01762451, 0, 0
0.01762510, 0, 1
0.01762785, 0, 0
0.01762845, 1, 0
0.01763119, 0, 0
0.01763178, 0, 1
0.01763453, 0, 0
0.01763513, 1, 0
0.01763787, 0, 0
0.01763846, 0, 1
0.01764121, 0, 0
0.01764181, 1, 0
0.01764455, 0, 0
0.01764514, 0, 1
0.01764789, 0, 0
0.01764849, 1, 0
0.01765123, 0, 0
0.01765182, 0, 1
0.01765457, 0, 0
0.01765517, 1, 0
0.01765791, 0, 0
0.01765850, 0, 1
0.01766125, 0, 0
0.01766185, 1, 0
0.01766458, 0, 0
0.01766518, 0, 1
0.01766793, 0, 0
0.01766853, 1, 0
0.01767126, 0, 0
0.01767186, 0, 1
0.01767461, 0, 0
0.01767521, 1, 0
0.01767794, 0, 0
0.01767854, 0, 1
0.01768129, 0, 0
0.01768189, 1, 0
0.01768462, 0, 0
0.01768522, 0, 1
0.01768797, 0, 0
0.01768857, 1, 0
0.01769130, 0, 0
0.01769190, 0, 1
0.01769465, 0, 0
0.01769525, 1, 0
0.01769798, 0, 0
0.01769858, 0, 1
0.01770133, 0, 0
0.01770193, 1, 0
0.01770466, 0, 0
0.01770526, 0, 1
0.01770801, 0, 0
0.01770861, 1, 0
0.01771134, 0, 0
0.01771194, 0, 1
0.01771469, 0, 0
0.01771529, 1, 0
0.01771802, 0, 0
0.01771862, 0, 1
0.01772137, 0, 0
0.01772197, 1, 0
0.01772470, 0, 0
0.01772530, 0, 1
0.01772805, 0, 0
0.01772865, 1, 0
0.01773138, 0, 0
0.01773198, 0, 1
0.01773473, 0, 0
0.01773533, 1, 0
0.01773806, 0, 0
0.01773866, 0, 1
0.01774141, 0, 0
0.01774201, 1, 0
0.01774474, 0, 0
0.01774534, 0, 1
0.01774809, 0, 0
0.01774868, 1, 0
0.01775142, 0, 0
0.01775202, 0, 1
0.01775477, 0, 0
0.01775536, 1, 0
0.01775810, 0, 0
0.01775870, 0, 1
0.01776144, 0, 0
0.01776204, 1, 0
0.01776478, 0, 0
0.01776538, 0, 1
0.01776812, 0, 0
0.01776872, 1, 0
0.01777146, 0, 0
0.01777206, 0, 1
0.01777480, 0, 0
0.01777540, 1, 0
0.01777814, 0, 0
0.01777873, 0, 1
0.01778148, 0, 0
0.01778208, 1, 0
0.01778482, 0, 0
0.01778541, 0, 1
0.01778816, 0, 0
0.01778876, 1, 0
0.01779150, 0, 0
0.01779209, 0, 1
0.01779484, 0, 0
0.01779544, 1, 0
0.01779818, 0, 0
0.01779877, 0, 1
0.01780152, 0, 0
0.01780212, 1, 0
0.01780486, 0, 0
0.01780545, 0, 1
0.01780820, 0, 0
0.01780880, 1, 0
0.01781154, 0, 0
0.01781213, 0, 1
0.01781488, 0, 0
0.01781548, 1, 0
0.01781822, 0, 0
0.01781881, 0, 1
0.01782156, 0, 0
0.01782216, 1, 0
0.01782490, 0, 0
0.01782549, 0, 1
0.01782824, 0, 0
0.01782884, 1, 0
0.01783158, 0, 0
0.01783217, 0, 1
0.01783492, 0, 0
0.01783552, 1, 0
0.01783825, 0, 0
0.01783885, 0, 1
0.01784160, 0, 0
0.01784220, 1, 0
0.01784493, 0, 0
0.01784553, 0, 1
0.01784828, 0, 0
0.01784888, 1, 0
0.01785161, 0, 0
0.01785221, 0, 1
0.01785496, 0, 0
0.01785556, 1, 0
0.01785829, 0, 0
0.01785889, 0, 1
0.01786164, 0, 0
0.01786224, 1, 0
0.01786497, 0, 0
0.01786557, 0, 1
0.01786832, 0, 0
0.01786892, 1, 0
0.01787165, 0, 0
0.01787225, 0, 1
0.01787500, 0, 0
0.01787560, 1, 0
0.01787833, 0, 0
0.01787893, 0, 1
0.01788168, 0, 0
0.01788228, 1, 0
0.01788501, 0, 0
0.01788561, 0, 1
0.01788836, 0, 0
0.01788896, 1, 0
0.01789169, 0, 0
0.01789229, 0, 1
0.01789504, 0, 0
0.01789564, 1, 0
0.01789837, 0, 0
0.01789897, 0, 1
0.01790172, 0, 0
0.01790232, 1, 0
0.01790505, 0, 0
0.01790565, 0, 1
0.01790840, 0, 0
0.01790900, 1, 0
0.01791173, 0, 0
0.01791233, 0, 1
0.01791508, 0, 0
0.01791568, 1, 0
0.01791841, 0, 0
0.01791901, 0, 1
0.01792176, 0, 0
0.01792235, 1, 0
0.01792509, 0, 0
0.01792569, 0, 1
0.01792843, 0, 0
0.01792903, 1, 0
0.01793177, 0, 0
0.01793237, 0, 1
0.01793511, 0, 0
0.01793571, 1, 0
0.01793845, 0, 0
0.01793905, 0, 1
0.01794179, 0, 0
0.01794239, 1, 0
0.01794513, 0, 0
0.01794572, 0, 1
0.01794847, 0, 0
0.01794907, 1, 0
0.01795181, 0, 0
0.01795240, 0, 1
0.01795515, 0, 0
0.01795575, 1, 0
0.01795849, 0, 0
0.01795908, 0, 1
0.01796183, 0, 0
0.01796243, 1, 0
0.01796517, 0, 0
0.01796576, 0, 1
0.01796851, 0, 0
0.01796911, 1, 0
0.01797185, 0, 0
0.01797244, 0, 1
0.01797519, 0, 0
0.01797579, 1, 0
0.01797853, 0, 0
0.01797912, 0, 1
0.01798187, 0, 0
0.01798247, 1, 0
0.01798521, 0, 0
0.01798580, 0, 1
0.01798855, 0, 0
0.01798915, 1, 0
0.01799189, 0, 0
0.01799248, 0, 1
0.01799523, 0, 0
0.01799583, 1, 0
0.01799857, 0, 0
0.01799916, 0, 1
0.01800191, 0, 0
0.01800251, 1, 0
0.01800525, 0, 0
0.01800584, 0, 1
0.01800859, 0, 0
0.01800919, 1, 0
0.01801193, 0, 0
0.01801252, 0, 1
0.01801527, 0, 0
0.01801587, 1, 0
0.01801860, 0, 0
0.01801920, 0, 1
0.01802195, 0, 0
0.01802255, 1, 0
0.01802528, 0, 0
0.01802588, 0, 1
0.01802863, 0, 0
0.01802923, 1, 0
0.01803196, 0, 0
0.01803256, 0, 1
0.01803531, 0, 0
0.01803591, 1, 0
0.01803864, 0, 0
0.01803924, 0, 1
0.01804199, 0, 0
0.01804259, 1, 0
0.01804532, 0, 0
0.01804592, 0, 1
0.01804867, 0, 0
0.01804927, 1, 0
0.01805200, 0, 0
0.01805260, 0, 1
0.01805535, 0, 0
0.01805595, 1, 0
0.01805868, 0, 0
0.01805928, 0, 1
0.01806203, 0, 0
0.01806263, 1, 0
0.01806536, 0, 0
0.01806596, 0, 1
0.01806871, 0, 0
0.01806931, 1, 0
0.01807204, 0, 0
0.01807264, 0, 1
0.01807539, 0, 0
0.01807599, 1, 0
0.01807872, 0, 0
0.01807932, 0, 1
0.01808207, 0, 0
0.01808267, 1, 0
0.01808540, 0, 0
0.01808600, 0, 1
0.01808875, 0, 0
0.01808934, 1, 0
0.01809208, 0, 0
0.01809268, 0, 1
0.01809543, 0, 0
0.01809602, 1, 0
0.01809876, 0, 0
0.01809936, 0, 1
0.01810211, 0, 0
0.01810270, 1, 0
0.01810544, 0, 0
0.01810604, 0, 1
0.01810879, 0, 0
0.01810938, 1, 0
0.01811212, 0, 0
0.01811272, 0, 1
0.01811546, 0, 0
0.01811606, 1, 0
0.01811880, 0, 0
0.01811939, 0, 1
0.01812214, 0, 0
0.01812274, 1, 0
0.01812548, 0, 0
0.01812607, 0, 1
0.01812882, 0, 0
0.01812942, 1, 0
0.01813216, 0, 0
0.01813275, 0, 1
0.01813550, 0, 0
0.01813610, 1, 0
0.01813884, 0, 0
0.01813943, 0, 1
0.01814218, 0, 0
0.01814278, 1, 0
0.01814552, 0, 0
0.01814611, 0, 1
0.01814886, 0, 0
0.01814946, 1, 0
0.01815220, 0, 0
0.01815279, 0, 1
0.01815554, 0, 0
0.01815614, 1, 0
0.01815888, 0, 0
0.01815947, 0, 1
0.01816222, 0, 0
0.01816282, 1, 0
0.01816556, 0, 0
0.01816615, 0, 1
0.01816890, 0, 0
0.01816950, 1, 0
0.01817224, 0, 0
0.01817283, 0, 1
0.01817558, 0, 0
0.01817618, 1, 0
0.01817891, 0, 0
0.01817951, 0, 1
0.01818226, 0, 0
0.01818286, 1, 0
0.01818559, 0, 0
0.01818619, 0, 1
0.01818894, 0, 0
0.01818954, 1, 0
0.01819227, 0, 0
0.01819287, 0, 1
0.01819562, 0, 0
0.01819622, 1, 0
0.01819895, 0, 0
0.01819955, 0, 1
0.01820230, 0, 0
0.01820290, 1, 0
0.01820563, 0, 0
0.01820623, 0, 1
0.01820898, 0, 0
0.01820958, 1, 0
0.01821231, 0, 0
0.01821291, 0, 1
0.01821566, 0, 0
0.01821626, 1, 0
0.01821899, 0, 0
0.01821959, 0, 1
0.01822234, 0, 0
0.01822294, 1, 0
0.01822567, 0, 0
0.01822627, 0, 1
0.01822902, 0, 0
0.01822962, 1, 0
0.01823235, 0, 0
0.01823295, 0, 1
0.01823570, 0, 0
0.01823630, 1, 0
0.01823903, 0, 0
0.01823963, 0, 1
0.01824238, 0, 0
0.01824298, 1, 0
0.01824571, 0, 0
0.01824631, 0, 1
0.01824906, 0, 0
0.01824966, 1, 0
0.01825239, 0, 0
0.01825299, 0, 1
0.01825574, 0, 0
0.01825633, 1, 0
0.01825907, 0, 0
0.01825967, 0, 1
0.01826242, 0, 0
0.01826301, 1, 0
0.01826575, 0, 0
0.01826635, 0, 1
0.01826910, 0, 0
0.01826969, 1, 0
0.01827243, 0, 0
0.01827303, 0, 1
0.01827578, 0, 0
0.01827637, 1, 0
0.01827911, 0, 0
0.01827971, 0, 1
0.01828245, 0, 0
0.01828305, 1, 0
0.01828579, 0, 0
0.01828638, 0, 1
0.01828913, 0, 0
0.01828973, 1, 0
0.01829247, 0, 0
0.01829306, 0, 1
0.01829581, 0, 0
0.01829641, 1, 0
0.01829915, 0, 0
0.01829974, 0, 1
0.01830249, 0, 0
0.01830309, 1, 0
0.01830583, 0, 0
0.01830642, 0, 1
0.01830917, 0, 0
0.01830977, 1, 0
0.01831251, 0, 0
0.01831310, 0, 1
0.01831585, 0, 0
0.01831645, 1, 0
0.01831919, 0, 0
0.01831978, 0, 1
0.01832253, 0, 0
0.01832313, 1, 0
0.01832587, 0, 0
0.01832646, 0, 1
0.01832921, 0, 0
0.01832981, 1, 0
0.01833255, 0, 0
0.01833314, 0, 1
0.01833589, 0, 0
0.01833649, 1, 0
0.01833923, 0, 0
0.01833982, 0, 1
0.01834257, 0, 0
0.01834317, 1, 0
0.01834590, 0, 0
0.01834650, 0, 1
0.01834925, 0, 0
0.01834985, 1, 0
0.01835258, 0, 0
0.01835318, 0, 1
0.01835593, 0, 0
0.01835653, 1, 0
0.01835926, 0, 0
0.01835986, 0, 1
0.01836261, 0, 0
0.01836321, 1, 0
0.01836594, 0, 0
0.01836654, 0, 1
0.01836929, 0, 0
0.01836989, 1, 0
0.01837262, 0, 0
0.01837322, 0, 1
0.01837597, 0, 0
0.01837657, 1, 0
0.01837930, 0, 0
0.01837990, 0, 1
0.01838265, 0, 0
0.01838325, 1, 0
0.01838598, 0, 0
0.01838658, 0, 1
0.01838933, 0, 0
0.01838993, 1, 0
0.01839266, 0, 0
0.01839326, 0, 1
0.01839601, 0, 0
0.01839661, 1, 0
0.01839934, 0, 0
0.01839994, 0, 1
0.01840269, 0, 0
0.01840329, 1, 0
0.01840602, 0, 0
0.01840662, 0, 1
0.01840937, 0, 0
0.01840997, 1, 0
0.01841270, 0, 0
0.01841330, 0, 1
0.01841605, 0, 0
0.01841665, 1, 0
0.01841938, 0, 0
0.01841998, 0, 1
0.01842273, 0, 0
0.01842333, 1, 0
0.01842606, 0, 0
0.01842666, 0, 1
0.01842941, 0, 0
0.01843001, 1, 0
0.01843274, 0, 0
0.01843334, 0, 1
0.01843609, 0, 0
0.01843668, 1, 0
0.01843942, 0, 0
0.01844002, 0, 1
0.01844276, 0, 0
0.01844336, 1, 0
0.01844610, 0, 0
0.01844670, 0, 1
0.01844944, 0, 0
0.01845004, 1, 0
0.01845278, 0, 0
0.01845337, 0, 1
0.01845612, 0, 0
0.01845672, 1, 0
0.01845946, 0, 0
0.01846005, 0, 1
0.01846280, 0, 0
0.01846340, 1, 0
0.01846614, 0, 0
0.01846673, 0, 1
0.01846948, 0, 0
0.01847008, 1, 0
0.01847282, 0, 0
0.01847341, 0, 1
0.01847616, 0, 0
0.01847676, 1, 0
0.01847950, 0, 0
0.01848009, 0, 1
0.01848284, 0, 0
0.01848344, 1, 0
0.01848618, 0, 0
0.01848677, 0, 1
0.01848952, 0, 0
0.01849012, 1, 0
0.01849286, 0, 0
0.01849345, 0, 1
0.01849620, 0, 0
0.01849680, 1, 0
0.01849954, 0, 0
0.01850013, 0, 1
0.01850288, 0, 0
0.01850348, 1, 0
0.01850622, 0, 0
0.01850681, 0, 1
0.01850956, 0, 0
0.01851016, 1, 0
0.01851290, 0, 0
0.01851349, 0, 1
0.01851624, 0, 0
0.01851684, 1, 0
0.01851958, 0, 0
0.01852017, 0, 1
0.01852292, 0, 0
0.01852352, 1, 0
0.01852625, 0, 0
0.01852685, 0, 1
0.01852960, 0, 0
0.01853020, 1, 0
0.01853293, 0, 0
0.01853353, 0, 1
0.01853628, 0, 0
0.01853688, 1, 0
0.01853961, 0, 0
0.01854021, 0, 1
0.01854296, 0, 0
0.01854356, 1, 0
0.01854629, 0, 0
0.01854689, 0, 1
0.01854964, 0, 0
0.01855024, 1, 0
0.01855297, 0, 0
0.01855357, 0, 1
0.01855632, 0, 0
0.01855692, 1, 0
0.01855965, 0, 0
0.01856025, 0, 1
0.01856300, 0, 0
0.01856360, 1, 0
0.01856633, 0, 0
0.01856693, 0, 1
0.01856968, 0, 0
0.01857028, 1, 0
0.01857301, 0, 0
0.01857361, 0, 1
0.01857636, 0, 0
0.01857696, 1, 0
0.01857969, 0, 0
0.01858029, 0, 1
0.01858304, 0, 0
0.01858364, 1, 0
0.01858637, 0, 0
0.01858697, 0, 1
0.01858972, 0, 0
0.01859032, 1, 0
0.01859305, 0, 0
0.01859365, 0, 1
0.01859640, 0, 0
0.01859699, 1, 0
0.01859973, 0, 0
0.01860033, 0, 1
0.01860308, 0, 0
0.01860367, 1, 0
0.01860641, 0, 0
0.01860701, 0, 1
0.01860976, 0, 0
0.01861035, 1, 0
0.01861309, 0, 0
0.01861369, 0, 1
0.01861644, 0, 0
0.01861703, 1, 0
0.01861977, 0, 0
0.01862037, 0, 1
0.01862311, 0, 0
0.01862371, 1, 0
0.01862645, 0, 0
0.01862704, 0, 1
0.01862979, 0, 0
0.01863039, 1, 0
0.01863313, 0, 0
0.01863372, 0, 1
0.01863647, 0, 0
0.01863707, 1, 0
0.01863981, 0, 0
0.01864040, 0, 1
0.01864315, 0, 0
0.01864375, 1, 0
0.01864649, 0, 0
0.01864708, 0, 1
0.01864983, 0, 0
0.01865043, 1, 0
0.01865317, 0, 0
0.01865376, 0, 1
0.01865651, 0, 0
0.01865711, 1, 0
0.01865985, 0, 0
0.01866044, 0, 1
0.01866319, 0, 0
0.01866379, 1, 0
0.01866653, 0, 0
0.01866712, 0, 1
0.01866987, 0, 0
0.01867047, 1, 0
0.01867321, 0, 0
0.01867380, 0, 1
0.01867655, 0, 0
0.01867715, 1, 0
0.01867989, 0, 0
0.01868048, 0, 1
0.01868323, 0, 0
0.01868383, 1, 0
0.01868656, 0, 0
0.01868716, 0, 1
0.01868991, 0, 0
0.01869051, 1, 0
0.01869324, 0, 0
0.01869384, 0, 1
0.01869659, 0, 0
0.01869719, 1, 0
0.01869992, 0, 0
0.01870052, 0, 1
0.01870327, 0, 0
0.01870387, 1, 0
0.01870660, 0, 0
0.01870720, 0, 1
0.01870995, 0, 0
0.01871055, 1, 0
0.01871328, 0, 0
0.01871388, 0, 1
0.01871663, 0, 0
0.01871723, 1, 0
0.01871996, 0, 0
0.01872056, 0, 1
0.01872331, 0, 0
0.01872391, 1, 0
0.01872664, 0, 0
0.01872724, 0, 1
0.01872999, 0, 0
0.01873059, 1, 0
0.01873332, 0, 0
0.01873392, 0, 1
0.01873667, 0, 0
0.01873727, 1, 0
0.01874000, 0, 0
0.01874060, 0, 1
0.01874335, 0, 0
0.01874395, 1, 0
0.01874668, 0, 0
0.01874728, 0, 1
0.01875003, 0, 0
0.01875063, 1, 0
0.01875336, 0, 0
0.01875396, 0, 1
0.01875671, 0, 0
0.01875731, 1, 0
0.01876004, 0, 0
0.01876064, 0, 1
0.01876339, 0, 0
0.01876398, 1, 0
0.01876672, 0, 0
0.01876732, 0, 1
0.01877007, 0, 0
0.01877066, 1, 0
0.01877340, 0, 0
0.01877400, 0, 1
0.01877675, 0, 0
0.01877735, 1, 0
0.01878008, 0, 0
0.01878068, 0, 1
0.01878342, 0, 0
0.01878402, 1, 0
0.01878676, 0, 0
0.01878736, 0, 1
0.01879010, 0, 0
0.01879070, 1, 0
0.01879344, 0, 0
0.01879404, 0, 1
0.01879678, 0, 0
0.01879738, 1, 0
0.01880012, 0, 0
0.01880071, 0, 1
0.01880346, 0, 0
0.01880406, 1, 0
0.01880680, 0, 0
0.01880739, 0, 1
0.01881014, 0, 0
0.01881074, 1, 0
0.01881348, 0, 0
0.01881407, 0, 1
0.01881682, 0, 0
0.01881742, 1, 0
0.01882016, 0, 0
0.01882075, 0, 1
0.01882350, 0, 0
0.01882410, 1, 0
0.01882684, 0, 0
0.01882743, 0, 1
0.01883018, 0, 0
0.01883078, 1, 0
0.01883352, 0, 0
0.01883411, 0, 1
0.01883686, 0, 0
0.01883746, 1, 0
0.01884020, 0, 0
0.01884079, 0, 1
0.01884354, 0, 0
0.01884414, 1, 0
0.01884688, 0, 0
0.01884747, 0, 1
0.01885022, 0, 0
0.01885082, 1, 0
0.01885356, 0, 0
0.01885415, 0, 1
0.01885690, 0, 0
0.01885750, 1, 0
0.01886023, 0, 0
0.01886083, 0, 1
0.01886358, 0, 0
0.01886418, 1, 0
0.01886691, 0, 0
0.01886751, 0, 1
0.01887026, 0, 0
0.01887086, 1, 0
0.01887359, 0, 0
0.01887419, 0, 1
0.01887694, 0, 0
0.01887754, 1, 0
0.01888027, 0, 0
0.01888087, 0, 1
0.01888362, 0, 0
0.01888422, 1, 0
0.01888695, 0, 0
0.01888755, 0, 1
0.01889030, 0, 0
0.01889090, 1, 0
0.01889363, 0, 0
0.01889423, 0, 1
0.01889698, 0, 0
0.01889758, 1, 0
0.01890031, 0, 0
0.01890091, 0, 1
0.01890366, 0, 0
0.01890426, 1, 0
0.01890699, 0, 0
0.01890759, 0, 1
0.01891034, 0, 0
0.01891094, 1, 0
0.01891367, 0, 0
0.01891427, 0, 1
0.01891702, 0, 0
0.01891762, 1, 0
0.01892035, 0, 0
0.01892095, 0, 1
0.01892370, 0, 0
0.01892430, 1, 0
0.01892703, 0, 0
0.01892763, 0, 1
0.01893038, 0, 0
0.01893098, 1, 0
0.01893371, 0, 0
0.01893431, 0, 1
0.01893706, 0, 0
0.01893766, 1, 0
0.01894039, 0, 0
0.01894099, 0, 1
0.01894374, 0, 0
0.01894433, 1, 0
0.01894707, 0, 0
0.01894767, 0, 1
0.01895042, 0, 0
0.01895101, 1, 0
0.01895375, 0, 0
0.01895435, 0, 1
0.01895709, 0, 0
0.01895769, 1, 0
0.01896043, 0, 0
0.01896103, 0, 1
0.01896377, 0, 0
0.01896437, 1, 0
0.01896711, 0, 0
0.01896770, 0, 1
0.01897045, 0, 0
0.01897105, 1, 0
0.01897379, 0, 0
0.01897439, 0, 1
0.01897713, 0, 0
0.01897773, 1, 0
0.01898047, 0, 0
0.01898106, 0, 1
0.01898381, 0, 0
0.01898441, 1, 0
0.01898715, 0, 0
0.01898774, 0, 1
0.01899049, 0, 0
0.01899109, 1, 0
0.01899383, 0, 0
0.01899442, 0, 1
0.01899717, 0, 0
0.01899777, 1, 0
0.01900051, 0, 0
0.01900110, 0, 1
0.01900385, 0, 0
0.01900445, 1, 0
0.01900719, 0, 0
0.01900778, 0, 1
0.01901053, 0, 0
0.01901113, 1, 0
0.01901387, 0, 0
0.01901446, 0, 1
0.01901721, 0, 0
0.01901781, 1, 0
0.01902055, 0, 0
0.01902114, 0, 1
0.01902389, 0, 0
0.01902449, 1, 0
0.01902723, 0, 0
0.01902782, 0, 1
0.01903057, 0, 0
0.01903117, 1, 0
0.01903390, 0, 0
0.01903450, 0, 1
0.01903725, 0, 0
0.01903785, 1, 0
0.01904058, 0, 0
0.01904118, 0, 1
0.01904393, 0, 0
0.01904453, 1, 0
0.01904726, 0, 0
0.01904786, 0, 1
0.01905061, 0, 0
0.01905121, 1, 0
0.01905394, 0, 0
0.01905454, 0, 1
0.01905729, 0, 0
0.01905789, 1, 0
0.01906062, 0, 0
0.01906122, 0, 1
0.01906397, 0, 0
0.01906457, 1, 0
0.01906730, 0, 0
0.01906790, 0, 1
0.01907065, 0, 0
0.01907125, 1, 0
0.01907398, 0, 0
0.01907458, 0, 1
0.01907733, 0, 0
0.01907793, 1, 0
0.01908066, 0, 0
0.01908126, 0, 1
0.01908401, 0, 0
0.01908461, 1, 0
0.01908734, 0, 0
0.01908794, 0, 1
0.01909069, 0, 0
0.01909129, 1, 0
0.01909402, 0, 0
0.01909462, 0, 1
0.01909737, 0, 0
0.01909797, 1, 0
0.01910070, 0, 0
0.01910130, 0, 1
0.01910405, 0, 0
0.01910465, 1, 0
0.01910738, 0, 0
0.01910798, 0, 1
0.01911073, 0, 0
0.01911133, 1, 0
0.01911406, 0, 0
0.01911466, 0, 1
0.01911741, 0, 0
0.01911800, 1, 0
0.01912074, 0, 0
0.01912134, 0, 1
0.01912408, 0, 0
0.01912468, 1, 0
0.01912742, 0, 0
0.01912802, 0, 1
0.01913076, 0, 0
0.01913136, 1, 0
0.01913410, 0, 0
0.01913470, 0, 1
0.01913744, 0, 0
0.01913804, 1, 0
0.01914078, 0, 0
0.01914138, 0, 1
0.01914412, 0, 0
0.01914472, 1, 0
0.01914746, 0, 0
0.01914805, 0, 1
0.01915080, 0, 0
0.01915140, 1, 0
0.01915414, 0, 0
0.01915473, 0, 1
0.01915748, 0, 0
0.01915808, 1, 0
0.01916082, 0, 0
0.01916141, 0, 1
0.01916416, 0, 0
0.01916476, 1, 0
0.01916750, 0, 0
0.01916809, 0, 1
0.01917084, 0, 0
0.01917144, 1, 0
0.01917418, 0, 0
0.01917477, 0, 1
0.01917752, 0, 0
0.01917812, 1, 0
0.01918086, 0, 0
0.01918145, 0, 1
0.01918420, 0, 0
0.01918480, 1, 0
0.01918754, 0, 0
0.01918813, 0, 1
0.01919088, 0, 0
0.01919148, 1, 0
0.01919422, 0, 0
0.01919481, 0, 1
0.01919756, 0, 0
0.01919816, 1, 0
0.01920090, 0, 0
0.01920149, 0, 1
0.01920424, 0, 0
0.01920484, 1, 0
0.01920757, 0, 0
0.01920817, 0, 1
0.01921092, 0, 0
0.01921152, 1, 0
0.01921425, 0, 0
0.01921485, 0, 1
0.01921760, 0, 0
0.01921820, 1, 0
0.01922093, 0, 0
0.01922153, 0, 1
0.01922428, 0, 0
0.01922488, 1, 0
0.01922761, 0, 0
0.01922821, 0, 1
0.01923096, 0, 0
0.01923156, 1, 0
0.01923429, 0, 0
0.01923489, 0, 1
0.01923764, 0, 0
0.01923824, 1, 0
0.01924097, 0, 0
0.01924157, 0, 1
0.01924432, 0, 0
0.01924492, 1, 0
0.01924765, 0, 0
0.01924825, 0, 1
0.01925100, 0, 0
0.01925160, 1, 0
0.01925433, 0, 0
0.01925493, 0, 1
0.01925768, 0, 0
0.01925828, 1, 0
0.01926101, 0, 0
0.01926161, 0, 1
0.01926436, 0, 0
0.01926496, 1, 0
0.01926769, 0, 0
0.01926829, 0, 1
0.01927104, 0, 0
0.01927164, 1, 0
0.01927437, 0, 0
0.01927497, 0, 1
0.01927772, 0, 0
0.01927832, 1, 0
0.01928105, 0, 0
0.01928165, 0, 1
0.01928440, 0, 0
0.01928499, 1, 0
0.01928773, 0, 0
0.01928833, 0, 1
0.01929108, 0, 0
0.01929167, 1, 0
0.01929441, 0, 0
0.01929501, 0, 1
0.01929775, 0, 0
0.01929835, 1, 0
0.01930109, 0, 0
0.01930169, 0, 1
0.01930443, 0, 0
0.01930503, 1, 0
0.01930777, 0, 0
0.01930837, 0, 1
0.01931111, 0, 0
0.01931171, 1, 0
0.01931445, 0, 0
0.01931505, 0, 1
0.01931779, 0, 0
0.01931839, 1, 0
0.01932113, 0, 0
0.01932172, 0, 1
0.01932447, 0, 0
0.01932507, 1, 0
0.01932781, 0, 0
0.01932840, 0, 1
0.01933115, 0, 0
0.01933175, 1, 0
0.01933449, 0, 0
0.01933508, 0, 1
0.01933783, 0, 0
0.01933843, 1, 0
0.01934117, 0, 0
0.01934176, 0, 1
0.01934451, 0, 0
0.01934511, 1, 0
0.01934785, 0, 0
0.01934844, 0, 1
0.01935119, 0, 0
0.01935179, 1, 0
0.01935453, 0, 0
0.01935512, 0, 1
0.01935787, 0, 0
0.01935847, 1, 0
0.01936121, 0, 0
0.01936180, 0, 1
0.01936455, 0, 0
0.01936515, 1, 0
0.01936789, 0, 0
0.01936848, 0, 1
0.01937123, 0, 0
0.01937183, 1, 0
0.01937457, 0, 0
0.01937516, 0, 1
0.01937791, 0, 0
0.01937851, 1, 0
0.01938124, 0, 0
0.01938184, 0, 1
0.01938459, 0, 0
0.01938519, 1, 0
0.01938792, 0, 0
0.01938852, 0, 1
0.01939127, 0, 0
0.01939187, 1, 0
0.01939460, 0, 0
0.01939520, 0, 1
0.01939795, 0, 0
0.01939855, 1, 0
0.01940128, 0, 0
0.01940188, 0, 1
0.01940463, 0, 0
0.01940523, 1, 0
0.01940796, 0, 0
0.01940856, 0, 1
0.01941131, 0, 0
0.01941191, 1, 0
0.01941464, 0, 0
0.01941524, 0, 1
0.01941799, 0, 0
0.01941859, 1, 0
0.01942132, 0, 0
0.01942192, 0, 1
0.01942467, 0, 0
0.01942527, 1, 0
0.01942800, 0, 0
0.01942860, 0, 1
0.01943135, 0, 0
0.01943195, 1, 0
0.01943468, 0, 0
0.01943528, 0, 1
0.01943803, 0, 0
0.01943863, 1, 0
0.01944136, 0, 0
0.01944196, 0, 1
0.01944471, 0, 0
0.01944531, 1, 0
0.01944804, 0, 0
0.01944864, 0, 1
0.01945139, 0, 0
0.01945199, 1, 0
0.01945472, 0, 0
0.01945532, 0, 1
0.01945807, 0, 0
0.01945867, 1, 0
0.01946140, 0, 0
0.01946200, 0, 1
0.01946475, 0, 0
0.01946534, 1, 0
0.01946808, 0, 0
0.01946868, 0, 1
0.01947143, 0, 0
0.01947202, 1, 0
0.01947476, 0, 0
0.01947536, 0, 1
0.01947810, 0, 0
0.01947870, 1, 0
0.01948144, 0, 0
0.01948203, 0, 1
0.01948478, 0, 0
0.01948538, 1, 0
0.01948812, 0, 0
0.01948871, 0, 1
0.01949146, 0, 0
0.01949206, 1, 0
0.01949480, 0, 0
0.01949539, 0, 1
0.01949814, 0, 0
0.01949874, 1, 0
0.01950148, 0, 0
0.01950207, 0, 1
0.01950482, 0, 0
0.01950542, 1, 0
0.01950816, 0, 0
0.01950875, 0, 1
0.01951150, 0, 0
0.01951210, 1, 0
0.01951484, 0, 0
0.01951543, 0, 1
0.01951818, 0, 0
0.01951878, 1, 0
0.01952152, 0, 0
0.01952211, 0, 1
0.01952486, 0, 0
0.01952546, 1, 0
0.01952820, 0, 0
0.01952879, 0, 1
0.01953154, 0, 0
0.01953214, 1, 0
0.01953488, 0, 0
0.01953547, 0, 1
0.01953822, 0, 0
0.01953882, 1, 0
0.01954156, 0, 0
0.01954215, 0, 1
0.01954490, 0, 0
0.01954550, 1, 0
0.01954824, 0, 0
0.01954883, 0, 1
0.01955158, 0, 0
0.01955218, 1, 0
0.01955491, 0, 0
0.01955551, 0, 1
0.01955826, 0, 0
0.01955886, 1, 0
0.01956159, 0, 0
0.01956219, 0, 1
0.01956494, 0, 0
0.01956554, 1, 0
0.01956827, 0, 0
0.01956887, 0, 1
0.01957162, 0, 0
0.01957222, 1, 0
0.01957495, 0, 0
0.01957555, 0, 1
0.01957830, 0, 0
0.01957890, 1, 0
0.01958163, 0, 0
0.01958223, 0, 1
0.01958498, 0, 0
0.01958558, 1, 0
0.01958831, 0, 0
0.01958891, 0, 1
0.01959166, 0, 0
0.01959226, 1, 0
0.01959499, 0, 0
0.01959559, 0, 1
0.01959834, 0, 0
0.01959894, 1, 0
0.01960167, 0, 0
0.01960227, 0, 1
0.01960502, 0, 0
0.01960562, 1, 0
0.01960835, 0, 0
0.01960895, 0, 1
0.01961170, 0, 0
0.01961230, 1, 0
0.01961503, 0, 0
0.01961563, 0, 1
0.01961838, 0, 0
0.01961897, 1, 0
0.01962171, 0, 0
0.01962231, 0, 1
0.01962506, 0, 0
0.01962566, 1, 0
0.01962839, 0, 0
0.01962899, 0, 1
0.01963174, 0, 0
0.01963234, 1, 0
0.01963507, 0, 0
0.01963567, 0, 1
0.01963842, 0, 0
0.01963901, 1, 0
0.01964175, 0, 0
0.01964235, 0, 1
0.01964509, 0, 0
0.01964569, 1, 0
0.01964843, 0, 0
0.01964902, 0, 1
0.01965177, 0, 0
0.01965237, 1, 0
0.01965511, 0, 0
0.01965570, 0, 1
0.01965845, 0, 0
0.01965905, 1, 0
0.01966179, 0, 0
0.01966238, 0, 1
0.01966513, 0, 0
0.01966573, 1, 0
0.01966847, 0, 0
0.01966906, 0, 1
0.01967181, 0, 0
0.01967241, 1, 0
0.01967515, 0, 0
0.01967574, 0, 1
0.01967849, 0, 0
0.01967909, 1, 0
0.01968183, 0, 0
0.01968242, 0, 1
0.01968517, 0, 0
0.01968577, 1, 0
0.01968851, 0, 0
0.01968910, 0, 1
0.01969185, 0, 0
0.01969245, 1, 0
0.01969519, 0, 0
0.01969578, 0, 1
0.01969853, 0, 0
0.01969913, 1, 0
0.01970187, 0, 0
0.01970246, 0, 1
0.01970521, 0, 0
0.01970581, 1, 0
0.01970855, 0, 0
0.01970914, 0, 1
0.01971189, 0, 0
0.01971249, 1, 0
0.01971523, 0, 0
0.01971582, 0, 1
0.01971857, 0, 0
0.01971917, 1, 0
0.01972190, 0, 0
0.01972250, 0, 1
0.01972525, 0, 0
0.01972585, 1, 0
0.01972858, 0, 0
0.01972918, 0, 1
0.01973193, 0, 0
0.01973253, 1, 0
0.01973526, 0, 0
0.01973586, 0, 1
0.01973861, 0, 0
0.01973921, 1, 0
0.01974194, 0, 0
0.01974254, 0, 1
0.01974529, 0, 0
0.01974589, 1, 0
0.01974862, 0, 0
0.01974922, 0, 1
0.01975197, 0, 0
0.01975257, 1, 0
0.01975530, 0, 0
0.01975590, 0, 1
0.01975865, 0, 0
0.01975925, 1, 0
0.01976198, 0, 0
0.01976258, 0, 1
0.01976533, 0, 0
0.01976593, 1, 0
0.01976866, 0, 0
0.01976926, 0, 1
0.01977201, 0, 0
0.01977261, 1, 0
0.01977534, 0, 0
0.01977594, 0, 1
0.01977869, 0, 0
0.01977929, 1, 0
0.01978202, 0, 0
0.01978262, 0, 1
0.01978537, 0, 0
0.01978597, 1, 0
0.01978870, 0, 0
0.01978930, 0, 1
0.01979205, 0, 0
0.01979265, 1, 0
0.01979538, 0, 0
0.01979598, 0, 1
0.01979873, 0, 0
0.01979932, 1, 0
0.01980206, 0, 0
0.01980266, 0, 1
0.01980541, 0, 0
0.01980600, 1, 0
0.01980874, 0, 0
0.01980934, 0, 1
0.01981208, 0, 0
0.01981268, 1, 0
0.01981542, 0, 0
0.01981602, 0, 1
0.01981876, 0, 0
0.01981936, 1, 0
0.01982210, 0, 0
0.01982269, 0, 1
0.01982544, 0, 0
0.01982604, 1, 0
0.01982878, 0, 0
0.01982937, 0, 1
0.01983212, 0, 0
0.01983272, 1, 0
0.01983546, 0, 0
0.01983605, 0, 1
0.01983880, 0, 0
0.01983940, 1, 0
0.01984214, 0, 0
0.01984273, 0, 1
0.01984548, 0, 0
0.01984608, 1, 0
0.01984882, 0, 0
0.01984941, 0, 1
0.01985216, 0, 0
0.01985276, 1, 0
0.01985550, 0, 0
0.01985609, 0, 1
0.01985884, 0, 0
0.01985944, 1, 0
0.01986218, 0, 0
0.01986277, 0, 1
0.01986552, 0, 0
0.01986612, 1, 0
0.01986886, 0, 0
0.01986945, 0, 1
0.01987220, 0, 0
0.01987280, 1, 0
0.01987554, 0, 0
0.01987613, 0, 1
0.01987888, 0, 0
0.01987948, 1, 0
0.01988221, 0, 0
0.01988281, 0, 1
0.01988556, 0, 0
0.01988616, 1, 0
0.01988889, 0, 0
0.01988949, 0, 1
0.01989224, 0, 0
0.01989284, 1, 0
0.01989557, 0, 0
0.01989617, 0, 1
0.01989892, 0, 0
0.01989952, 1, 0
0.01990225, 0, 0
0.01990285, 0, 1
0.01990560, 0, 0
0.01990620, 1, 0
0.01990893, 0, 0
0.01990953, 0, 1
0.01991228, 0, 0
0.01991288, 1, 0
0.01991561, 0, 0
0.01991621, 0, 1
0.01991896, 0, 0
0.01991956, 1, 0
0.01992229, 0, 0
0.01992289, 0, 1
0.01992564, 0, 0
0.01992624, 1, 0
0.01992897, 0, 0
0.01992957, 0, 1
0.01993232, 0, 0
0.01993292, 1, 0
0.01993565, 0, 0
0.01993625, 0, 1
0.01993900, 0, 0
0.01993960, 1, 0
0.01994233, 0, 0
0.01994293, 0, 1
0.01994568, 0, 0
0.01994628, 1, 0
0.01994901, 0, 0
0.01994961, 0, 1
0.01995236, 0, 0
0.01995296, 1, 0
0.01995569, 0, 0
0.01995629, 0, 1
0.01995904, 0, 0
0.01995964, 1, 0
0.01996237, 0, 0
0.01996297, 0, 1
0.01996572, 0, 0
0.01996631, 1, 0
0.01996905, 0, 0
0.01996965, 0, 1
0.01997240, 0, 0
0.01997299, 1, 0
0.01997573, 0, 0
0.01997633, 0, 1
0.01997908, 0, 0
0.01997967, 1, 0
0.01998241, 0, 0
0.01998301, 0, 1
0.01998576, 0, 0
0.01998635, 1, 0
0.01998909, 0, 0
0.01998969, 0, 1
0.01999243, 0, 0
0.01999303, 1, 0
0.01999577, 0, 0
0.01999637, 0, 1
0.01999911, 0, 0
0.01999971, 1, 0
0.02000245, 0, 0
0.02000304, 0, 1
0.02000579, 0, 0
0.02000639, 1, 0
0.02000913, 0, 0
0.02000972, 0, 1
0.02001247, 0, 0
0.02001307, 1, 0
0.02001581, 0, 0
0.02001640, 0, 1
0.02001915, 0, 0
0.02001975, 1, 0
0.02002249, 0, 0
0.02002308, 0, 1
0.02002583, 0, 0
0.02002643, 1, 0
0.02002917, 0, 0
0.02002976, 0, 1
0.02003251, 0, 0
0.02003311, 1, 0
0.02003585, 0, 0
0.02003644, 0, 1
0.02003919, 0, 0
0.02003979, 1, 0
0.02004253, 0, 0
0.02004312, 0, 1
0.02004587, 0, 0
0.02004647, 1, 0
0.02004921, 0, 0
0.02004980, 0, 1
0.02005255, 0, 0
0.02005315, 1, 0
0.02005589, 0, 0
0.02005648, 0, 1
0.02005923, 0, 0
0.02005983, 1, 0
0.02006256, 0, 0
0.02006316, 0, 1
0.02006591, 0, 0
0.02006651, 1, 0
0.02006924, 0, 0
0.02006984, 0, 1
0.02007259, 0, 0
0.02007319, 1, 0
0.02007592, 0, 0
0.02007652, 0, 1
0.02007927, 0, 0
0.02007987, 1, 0
0.02008260, 0, 0
0.02008320, 0, 1
0.02008595, 0, 0
0.02008655, 1, 0
0.02008928, 0, 0
0.02008988, 0, 1
0.02009263, 0, 0
0.02009323, 1, 0
0.02009596, 0, 0
0.02009656, 0, 1
0.02009931, 0, 0
0.02009991, 1, 0
0.02010264, 0, 0
0.02010324, 0, 1
0.02010599, 0, 0
0.02010659, 1, 0
0.02010932, 0, 0
0.02010992, 0, 1
0.02011267, 0, 0
0.02011327, 1, 0
0.02011600, 0, 0
0.02011660, 0, 1
0.02011935, 0, 0
0.02011995, 1, 0
0.02012268, 0, 0
0.02012328, 0, 1
0.02012603, 0, 0
0.02012663, 1, 0
0.02012936, 0, 0
0.02012996, 0, 1
0.02013271, 0, 0
0.02013331, 1, 0
0.02013604, 0, 0
0.02013664, 0, 1
0.02013939, 0, 0
0.02013999, 1, 0
0.02014272, 0, 0
0.02014332, 0, 1
0.02014607, 0, 0
0.02014666, 1, 0
0.02014940, 0, 0
0.02015000, 0, 1
0.02015275, 0, 0
0.02015334, 1, 0
0.02015608, 0, 0
0.02015668, 0, 1
0.02015942, 0, 0
0.02016002, 1, 0
0.02016276, 0, 0
0.02016336, 0, 1
0.02016610, 0, 0
0.02016670, 1, 0
0.02016944, 0, 0
0.02017003, 0, 1
0.02017278, 0, 0
0.02017338, 1, 0
0.02017612, 0, 0
0.02017671, 0, 1
0.02017946, 0, 0
0.02018006, 1, 0
0.02018280, 0, 0
0.02018339, 0, 1
0.02018614, 0, 0
0.02018674, 1, 0
0.02018948, 0, 0
0.02019007, 0, 1
0.02019282, 0, 0
0.02019342, 1, 0
0.02019616, 0, 0
0.02019675, 0, 1
0.02019950, 0, 0
0.02020010, 1, 0
0.02020284, 0, 0
0.02020343, 0, 1
0.02020618, 0, 0
0.02020678, 1, 0
0.02020952, 0, 0
0.02021011, 0, 1
0.02021286, 0, 0
0.02021346, 1, 0
0.02021620, 0, 0
0.02021679, 0, 1
0.02021954, 0, 0
0.02022014, 1, 0
0.02022287, 0, 0
0.02022347, 0, 1
0.02022622, 0, 0
0.02022682, 1, 0
0.02022956, 0, 0
0.02023015, 0, 1
0.02023290, 0, 0
0.02023350, 1, 0
0.02023624, 0, 0
0.02023683, 0, 1
0.02023958, 0, 0
0.02024018, 1, 0
0.02024291, 0, 0
0.02024351, 0, 1
0.02024626, 0, 0
0.02024686, 1, 0
0.02024959, 0, 0
0.02025019, 0, 1
0.02025294, 0, 0
0.02025354, 1, 0
0.02025627, 0, 0
0.02025687, 0, 1
0.02025962, 0, 0
0.02026022, 1, 0
0.02026295, 0, 0
0.02026355, 0, 1
0.02026630, 0, 0
0.02026690, 1, 0
0.02026963, 0, 0
0.02027023, 0, 1
0.02027298, 0, 0
0.02027358, 1, 0
0.02027631, 0, 0
0.02027691, 0, 1
0.02027966, 0, 0
0.02028026, 1, 0
0.02028299, 0, 0
0.02028359, 0, 1
0.02028634, 0, 0
0.02028694, 1, 0
0.02028967, 0, 0
0.02029027, 0, 1
0.02029302, 0, 0
0.02029362, 1, 0
0.02029635, 0, 0
0.02029695, 0, 1
0.02029970, 0, 0
0.02030030, 1, 0
0.02030303, 0, 0
0.02030363, 0, 1
0.02030638, 0, 0
0.02030697, 1, 0
0.02030971, 0, 0
0.02031031, 0, 1
0.02031306, 0, 0
0.02031365, 1, 0
0.02031639, 0, 0
0.02031699, 0, 1
0.02031974, 0, 0
0.02032033, 1, 0
0.02032307, 0, 0
0.02032367, 0, 1
0.02032642, 0, 0
0.02032701, 1, 0
0.02032975, 0, 0
0.02033035, 0, 1
0.02033309, 0, 0
0.02033369, 1, 0
0.02033643, 0, 0
0.02033703, 0, 1
0.02033977, 0, 0
0.02034037, 1, 0
0.02034311, 0, 0
0.02034370, 0, 1
0.02034645, 0, 0
0.02034705, 1, 0
0.02034979, 0, 0
0.02035038, 0, 1
0.02035313, 0, 0
0.02035373, 1, 0
0.02035647, 0, 0
0.02035706, 0, 1
0.02035981, 0, 0
0.02036041, 1, 0
0.02036315, 0, 0
0.02036374, 0, 1
0.02036649, 0, 0
0.02036709, 1, 0
0.02036983, 0, 0
0.02037042, 0, 1
0.02037317, 0, 0
0.02037377, 1, 0
0.02037651, 0, 0
0.02037710, 0, 1
0.02037985, 0, 0
0.02038045, 1, 0
0.02038319, 0, 0
0.02038378, 0, 1
0.02038653, 0, 0
0.02038713, 1, 0
0.02038987, 0, 0
0.02039046, 0, 1
0.02039321, 0, 0
0.02039381, 1, 0
0.02039655, 0, 0
0.02039714, 0, 1
0.02039989, 0, 0
0.02040049, 1, 0
0.02040322, 0, 0
0.02040382, 0, 1
0.02040657, 0, 0
0.02040717, 1, 0
0.02040990, 0, 0
0.02041050, 0, 1
0.02041325, 0, 0
0.02041385, 1, 0
0.02041658, 0, 0
0.02041718, 0, 1
0.02041993, 0, 0
0.02042053, 1, 0
0.02042326, 0, 0
0.02042386, 0, 1
0.02042661, 0, 0
0.02042721, 1, 0
0.02042994, 0, 0
0.02043054, 0, 1
0.02043329, 0, 0
0.02043389, 1, 0
0.02043662, 0, 0
0.02043722, 0, 1
0.02043997, 0, 0
0.02044057, 1, 0
0.02044330, 0, 0
0.02044390, 0, 1
0.02044665, 0, 0
0.02044725, 1, 0
0.02044998, 0, 0
0.02045058, 0, 1
0.02045333, 0, 0
0.02045393, 1, 0
0.02045666, 0, 0
0.02045726, 0, 1
0.02046001, 0, 0
0.02046061, 1, 0
0.02046334, 0, 0
0.02046394, 0, 1
0.02046669, 0, 0
0.02046729, 1, 0
0.02047002, 0, 0
0.02047062, 0, 1
0.02047337, 0, 0
0.02047397, 1, 0
0.02047670, 0, 0
0.02047730, 0, 1
0.02048005, 0, 0
0.02048064, 1, 0
0.02048338, 0, 0
0.02048398, 0, 1
0.02048673, 0, 0
0.02048732, 1, 0
0.02049006, 0, 0
0.02049066, 0, 1
0.02049340, 0, 0
0.02049400, 1, 0
0.02049674, 0, 0
0.02049734, 0, 1
0.02050008, 0, 0
0.02050068, 1, 0
0.02050342, 0, 0
0.02050402, 0, 1
0.02050676, 0, 0
0.02050736, 1, 0
0.02051010, 0, 0
0.02051070, 0, 1
0.02051344, 0, 0
0.02051404, 1, 0
0.02051678, 0, 0
0.02051737, 0, 1
0.02052012, 0, 0
0.02052072, 1, 0
0.02052346, 0, 0
0.02052405, 0, 1
0.02052680, 0, 0
0.02052740, 1, 0
0.02053014, 0, 0
0.02053073, 0, 1
0.02053348, 0, 0
0.02053408, 1, 0
0.02053682, 0, 0
0.02053741, 0, 1
0.02054016, 0, 0
0.02054076, 1, 0
0.02054350, 0, 0
0.02054409, 0, 1
0.02054684, 0, 0
0.02054744, 1, 0
0.02055018, 0, 0
0.02055077, 0, 1
0.02055352, 0, 0
0.02055412, 1, 0
0.02055686, 0, 0
0.02055745, 0, 1
0.02056020, 0, 0
0.02056080, 1, 0
0.02056354, 0, 0
0.02056413, 0, 1
0.02056688, 0, 0
0.02056748, 1, 0
0.02057022, 0, 0
0.02057081, 0, 1
0.02057356, 0, 0
0.02057416, 1, 0
0.02057689, 0, 0
0.02057749, 0, 1
0.02058024, 0, 0
0.02058084, 1, 0
0.02058357, 0, 0
0.02058417, 0, 1
0.02058692, 0, 0
0.02058752, 1, 0
0.02059025, 0, 0
0.02059085, 0, 1
0.02059360, 0, 0
0.02059420, 1, 0
0.02059693, 0, 0
0.02059753, 0, 1
0.02060028, 0, 0
0.02060088, 1, 0
0.02060361, 0, 0
0.02060421, 0, 1
0.02060696, 0, 0
0.02060756, 1, 0
0.02061029, 0, 0
0.02061089, 0, 1
0.02061364, 0, 0
0.02061424, 1, 0
0.02061697, 0, 0
0.02061757, 0, 1
0.02062032, 0, 0
0.02062092, 1, 0
0.02062365, 0, 0
0.02062425, 0, 1
0.02062700, 0, 0
0.02062760, 1, 0
0.02063033, 0, 0
0.02063093, 0, 1
0.02063368, 0, 0
0.02063428, 1, 0
0.02063701, 0, 0
0.02063761, 0, 1
0.02064036, 0, 0
0.02064096, 1, 0
0.02064369, 0, 0
0.02064429, 0, 1
0.02064704, 0, 0
0.02064763, 1, 0
0.02065037, 0, 0
0.02065097, 0, 1
0.02065372, 0, 0
0.02065431, 1, 0
0.02065705, 0, 0
0.02065765, 0, 1
0.02066040, 0, 0
0.02066099, 1, 0
0.02066373, 0, 0
0.02066433, 0, 1
0.02066708, 0, 0
0.02066767, 1, 0
0.02067041, 0, 0
0.02067101, 0, 1
0.02067376, 0, 0
0.02067435, 1, 0
0.02067709, 0, 0
0.02067769, 0, 1
0.02068043, 0, 0
0.02068103, 1, 0
0.02068377, 0, 0
0.02068436, 0, 1
0.02068711, 0, 0
0.02068771, 1, 0
0.02069045, 0, 0
0.02069104, 0, 1
0.02069379, 0, 0
0.02069439, 1, 0
0.02069713, 0, 0
0.02069772, 0, 1
0.02070047, 0, 0
0.02070107, 1, 0
0.02070381, 0, 0
0.02070440, 0, 1
0.02070715, 0, 0
0.02070775, 1, 0
0.02071049, 0, 0
0.02071108, 0, 1
0.02071383, 0, 0
0.02071443, 1, 0
0.02071717, 0, 0
0.02071776, 0, 1
0.02072051, 0, 0
0.02072111, 1, 0
0.02072385, 0, 0
0.02072444, 0, 1
0.02072719, 0, 0
0.02072779, 1, 0
0.02073053, 0, 0
0.02073112, 0, 1
0.02073387, 0, 0
0.02073447, 1, 0
0.02073720, 0, 0
0.02073780, 0, 1
0.02074055, 0, 0
0.02074115, 1, 0
0.02074389, 0, 0
0.02074448, 0, 1
0.02074723, 0, 0
0.02074783, 1, 0
0.02075056, 0, 0
0.02075116, 0, 1
0.02075391, 0, 0
0.02075451, 1, 0
0.02075724, 0, 0
0.02075784, 0, 1
0.02076059, 0, 0
0.02076119, 1, 0
0.02076392, 0, 0
0.02076452, 0, 1
0.02076727, 0, 0
0.02076787, 1, 0
0.02077060, 0, 0
0.02077120, 0, 1
0.02077395, 0, 0
0.02077455, 1, 0
0.02077728, 0, 0
0.02077788, 0, 1
0.02078063, 0, 0
0.02078123, 1, 0
0.02078396, 0, 0
0.02078456, 0, 1
0.02078731, 0, 0
0.02078791, 1, 0
0.02079064, 0, 0
0.02079124, 0, 1
0.02079399, 0, 0
0.02079459, 1, 0
0.02079732, 0, 0
0.02079792, 0, 1
0.02080067, 0, 0
0.02080127, 1, 0
0.02080400, 0, 0
0.02080460, 0, 1
0.02080735, 0, 0
0.02080795, 1, 0
0.02081068, 0, 0
0.02081128, 0, 1
0.02081403, 0, 0
0.02081463, 1, 0
0.02081736, 0, 0
0.02081796, 0, 1
0.02082071, 0, 0
0.02082131, 1, 0
0.02082404, 0, 0
0.02082464, 0, 1
0.02082739, 0, 0
0.02082798, 1, 0
0.02083072, 0, 0
0.02083132, 0, 1
0.02083407, 0, 0
0.02083466, 1, 0
0.02083740, 0, 0
0.02083800, 0, 1
0.02084074, 0, 0
0.02084134, 1, 0
0.02084408, 0, 0
0.02084468, 0, 1
0.02084742, 0, 0
0.02084802, 1, 0
0.02085076, 0, 0
0.02085135, 0, 1
0.02085410, 0, 0
0.02085470, 1, 0
0.02085744, 0, 0
0.02085803, 0, 1
0.02086078, 0, 0
0.02086138, 1, 0
0.02086412, 0, 0
0.02086471, 0, 1
0.02086746, 0, 0
0.02086806, 1, 0
0.02087080, 0, 0
0.02087139, 0, 1
0.02087414, 0, 0
0.02087474, 1, 0
0.02087748, 0, 0
0.02087807, 0, 1
0.02088082, 0, 0
0.02088142, 1, 0
0.02088416, 0, 0
0.02088475, 0, 1
0.02088750, 0, 0
0.02088810, 1, 0
0.02089084, 0, 0
0.02089143, 0, 1
0.02089418, 0, 0
0.02089478, 1, 0
0.02089752, 0, 0
0.02089811, 0, 1
0.02090086, 0, 0
0.02090146, 1, 0
0.02090420, 0, 0
0.02090479, 0, 1
0.02090754, 0, 0
0.02090814, 1, 0
0.02091087, 0, 0
0.02091147, 0, 1
0.02091422, 0, 0
0.02091482, 1, 0
0.02091755, 0, 0
0.02091815, 0, 1
0.02092090, 0, 0
0.02092150, 1, 0
0.02092423, 0, 0
0.02092483, 0, 1
0.02092758, 0, 0
0.02092818, 1, 0
0.02093091, 0, 0
0.02093151, 0, 1
0.02093426, 0, 0
0.02093486, 1, 0
0.02093759, 0, 0
0.02093819, 0, 1
0.02094094, 0, 0
0.02094154, 1, 0
0.02094427, 0, 0
0.02094487, 0, 1
0.02094762, 0, 0
0.02094822, 1, 0
0.02095095, 0, 0
0.02095155, 0, 1
0.02095430, 0, 0
0.02095490, 1, 0
0.02095763, 0, 0
0.02095823, 0, 1
0.02096098, 0, 0
0.02096158, 1, 0
0.02096431, 0, 0
0.02096491, 0, 1
0.02096766, 0, 0
0.02096826, 1, 0
0.02097099, 0, 0
0.02097159, 0, 1
0.02097434, 0, 0
0.02097494, 1, 0
0.02097767, 0, 0
0.02097827, 0, 1
0.02098102, 0, 0
0.02098162, 1, 0
0.02098435, 0, 0
0.02098495, 0, 1
0.02098770, 0, 0
0.02098830, 1, 0
0.02099103, 0, 0
0.02099163, 0, 1
0.02099438, 0, 0
0.02099497, 1, 0
0.02099771, 0, 0
0.02099831, 0, 1
0.02100106, 0, 0
0.02100165, 1, 0
0.02100439, 0, 0
0.02100499, 0, 1
0.02100773, 0, 0
0.02100833, 1, 0
0.02101107, 0, 0
0.02101167, 0, 1
0.02101441, 0, 0
0.02101501, 1, 0
0.02101775, 0, 0
0.02101834, 0, 1
0.02102109, 0, 0
0.02102169, 1, 0
0.02102443, 0, 0
0.02102503, 0, 1
0.02102777, 0, 0
0.02102837, 1, 0
0.02103111, 0, 0
0.02103170, 0, 1
0.02103445, 0, 0
0.02103505, 1, 0
0.02103779, 0, 0
0.02103838, 0, 1
0.02104113, 0, 0
0.02104173, 1, 0
0.02104447, 0, 0
0.02104506, 0, 1
0.02104781, 0, 0
0.02104841, 1, 0
0.02105115, 0, 0
0.02105174, 0, 1
0.02105449, 0, 0
0.02105509, 1, 0
0.02105783, 0, 0
0.02105842, 0, 1
0.02106117, 0, 0
0.02106177, 1, 0
0.02106451, 0, 0
0.02106510, 0, 1
0.02106785, 0, 0
0.02106845, 1, 0
0.02107119, 0, 0
0.02107178, 0, 1
0.02107453, 0, 0
0.02107513, 1, 0
0.02107787, 0, 0
0.02107846, 0, 1
0.02108121, 0, 0
0.02108181, 1, 0
0.02108455, 0, 0
0.02108514, 0, 1
0.02108789, 0, 0
0.02108849, 1, 0
0.02109122, 0, 0
0.02109182, 0, 1
0.02109457, 0, 0
0.02109517, 1, 0
0.02109790, 0, 0
0.02109850, 0, 1
0.02110125, 0, 0
0.02110185, 1, 0
0.02110458, 0, 0
0.02110518, 0, 1
0.02110793, 0, 0
0.02110853, 1, 0
0.02111126, 0, 0
0.02111186, 0, 1
0.02111461, 0, 0
0.02111521, 1, 0
0.02111794, 0, 0
0.02111854, 0, 1
0.02112129, 0, 0
0.02112189, 1, 0
0.02112462, 0, 0
0.02112522, 0, 1
0.02112797, 0, 0
0.02112857, 1, 0
0.02113130, 0, 0
0.02113190, 0, 1
0.02113465, 0, 0
0.02113525, 1, 0
0.02113798, 0, 0
0.02113858, 0, 1
0.02114133, 0, 0
0.02114193, 1, 0
0.02114466, 0, 0
0.02114526, 0, 1
0.02114801, 0, 0
0.02114861, 1, 0
0.02115134, 0, 0
0.02115194, 0, 1
0.02115469, 0, 0
0.02115529, 1, 0
0.02115802, 0, 0
0.02115862, 0, 1
0.02116137, 0, 0
0.02116196, 1, 0
0.02116470, 0, 0
0.02116530, 0, 1
0.02116805, 0, 0
0.02116865, 1, 0
0.02117138, 0, 0
0.02117198, 0, 1
0.02117473, 0, 0
0.02117532, 1, 0
0.02117806, 0, 0
0.02117866, 0, 1
0.02118141, 0, 0
0.02118200, 1, 0
0.02118474, 0, 0
0.02118534, 0, 1
0.02118808, 0, 0
0.02118868, 1, 0
0.02119142, 0, 0
0.02119202, 0, 1
0.02119476, 0, 0
0.02119536, 1, 0
0.02119810, 0, 0
0.02119869, 0, 1
0.02120144, 0, 0
0.02120204, 1, 0
0.02120478, 0, 0
0.02120537, 0, 1
0.02120812, 0, 0
0.02120872, 1, 0
0.02121146, 0, 0
0.02121205, 0, 1
0.02121480, 0, 0
0.02121540, 1, 0
0.02121814, 0, 0
0.02121873, 0, 1
0.02122148, 0, 0
0.02122208, 1, 0
0.02122482, 0, 0
0.02122541, 0, 1
0.02122816, 0, 0
0.02122876, 1, 0
0.02123150, 0, 0
0.02123209, 0, 1
0.02123484, 0, 0
0.02123544, 1, 0
0.02123818, 0, 0
0.02123877, 0, 1
0.02124152, 0, 0
0.02124212, 1, 0
0.02124486, 0, 0
0.02124545, 0, 1
0.02124820, 0, 0
0.02124880, 1, 0
0.02125154, 0, 0
0.02125213, 0, 1
0.02125488, 0, 0
0.02125548, 1, 0
0.02125821, 0, 0
0.02125881, 0, 1
0.02126156, 0, 0
0.02126216, 1, 0
0.02126489, 0, 0
0.02126549, 0, 1
0.02126824, 0, 0
0.02126884, 1, 0
0.02127157, 0, 0
0.02127217, 0, 1
0.02127492, 0, 0
0.02127552, 1, 0
0.02127825, 0, 0
0.02127885, 0, 1
0.02128160, 0, 0
0.02128220, 1, 0
0.02128493, 0, 0
0.02128553, 0, 1
0.02128828, 0, 0
0.02128888, 1, 0
0.02129161, 0, 0
0.02129221, 0, 1
0.02129496, 0, 0
0.02129556, 1, 0
0.02129829, 0, 0
0.02129889, 0, 1
0.02130164, 0, 0
0.02130224, 1, 0
0.02130497, 0, 0
0.02130557, 0, 1
0.02130832, 0, 0
0.02130892, 1, 0
0.02131165, 0, 0
0.02131225, 0, 1
0.02131500, 0, 0
0.02131560, 1, 0
0.02131833, 0, 0
0.02131893, 0, 1
0.02132168, 0, 0
0.02132228, 1, 0
0.02132501, 0, 0
0.02132561, 0, 1
0.02132836, 0, 0
0.02132896, 1, 0
0.02133169, 0, 0
0.02133229, 0, 1
0.02133504, 0, 0
0.02133564, 1, 0
0.02133837, 0, 0
0.02133897, 0, 1
0.02134172, 0, 0
0.02134231, 1, 0
0.02134505, 0, 0
0.02134565, 0, 1
0.02134840, 0, 0
0.02134899, 1, 0
0.02135173, 0, 0
0.02135233, 0, 1
0.02135507, 0, 0
0.02135567, 1, 0
0.02135841, 0, 0
0.02135900, 0, 1
0.02136175, 0, 0
0.02136235, 1, 0
0.02136509, 0, 0
0.02136568, 0, 1
0.02136843, 0, 0
0.02136903, 1, 0
0.02137177, 0, 0
0.02137236, 0, 1
0.02137511, 0, 0
0.02137571, 1, 0
0.02137845, 0, 0
0.02137904, 0, 1
0.02138179, 0, 0
0.02138239, 1, 0
0.02138513, 0, 0
0.02138572, 0, 1
0.02138847, 0, 0
0.02138907, 1, 0
0.02139181, 0, 0
0.02139240, 0, 1
0.02139515, 0, 0
0.02139575, 1, 0
0.02139849, 0, 0
0.02139908, 0, 1
0.02140183, 0, 0
0.02140243, 1, 0
0.02140517, 0, 0
0.02140576, 0, 1
0.02140851, 0, 0
0.02140911, 1, 0
0.02141185, 0, 0
0.02141244, 0, 1
0.02141519, 0, 0
0.02141579, 1, 0
0.02141853, 0, 0
0.02141912, 0, 1
0.02142187, 0, 0
0.02142247, 1, 0
0.02142520, 0, 0
0.02142580, 0, 1
0.02142855, 0, 0
0.02142915, 1, 0
0.02143188, 0, 0
0.02143248, 0, 1
0.02143523, 0, 0
0.02143583, 1, 0
0.02143856, 0, 0
0.02143916, 0, 1
0.02144191, 0, 0
0.02144251, 1, 0
0.02144524, 0, 0
0.02144584, 0, 1
0.02144859, 0, 0
0.02144919, 1, 0
0.02145192, 0, 0
0.02145252, 0, 1
0.02145527, 0, 0
0.02145587, 1, 0
0.02145860, 0, 0
0.02145920, 0, 1
0.02146195, 0, 0
0.02146255, 1, 0
0.02146528, 0, 0
0.02146588, 0, 1
0.02146863, 0, 0
0.02146923, 1, 0
0.02147196, 0, 0
0.02147256, 0, 1
0.02147531, 0, 0
0.02147591, 1, 0
0.02147864, 0, 0
0.02147924, 0, 1
0.02148199, 0, 0
0.02148259, 1, 0
0.02148532, 0, 0
0.02148592, 0, 1
0.02148867, 0, 0
0.02148927, 1, 0
0.02149200, 0, 0
0.02149260, 0, 1
0.02149535, 0, 0
0.02149595, 1, 0
0.02149868, 0, 0
0.02149928, 0, 1
0.02150203, 0, 0
0.02150263, 1, 0
0.02150536, 0, 0
0.02150596, 0, 1
0.02150871, 0, 0
0.02150931, 1, 0
0.02151204, 0, 0
0.02151264, 0, 1
0.02151539, 0, 0
0.02151598, 1, 0
0.02151872, 0, 0
0.02151932, 0, 1
0.02152207, 0, 0
0.02152266, 1, 0
0.02152540, 0, 0
0.02152600, 0, 1
0.02152874, 0, 0
0.02152934, 1, 0
0.02153208, 0, 0
0.02153267, 0, 1
0.02153542, 0, 0
0.02153602, 1, 0
0.02153876, 0, 0
0.02153935, 0, 1
0.02154210, 0, 0
0.02154270, 1, 0
0.02154544, 0, 0
0.02154603, 0, 1
0.02154878, 0, 0
0.02154938, 1, 0
0.02155212, 0, 0
0.02155271, 0, 1
0.02155546, 0, 0
0.02155606, 1, 0
0.02155880, 0, 0
0.02155939, 0, 1
0.02156214, 0, 0
0.02156274, 1, 0
0.02156548, 0, 0
0.02156607, 0, 1
0.02156882, 0, 0
0.02156942, 1, 0
0.02157216, 0, 0
0.02157275, 0, 1
0.02157550, 0, 0
0.02157610, 1, 0
0.02157884, 0, 0
0.02157943, 0, 1
0.02158218, 0, 0
0.02158278, 1, 0
0.02158552, 0, 0
0.02158611, 0, 1
0.02158886, 0, 0
0.02158946, 1, 0
0.02159219, 0, 0
0.02159279, 0, 1
0.02159554, 0, 0
0.02159614, 1, 0
0.02159888, 0, 0
0.02159947, 0, 1
0.02160222, 0, 0
0.02160282, 1, 0
0.02160555, 0, 0
0.02160615, 0, 1
0.02160890, 0, 0
0.02160950, 1, 0
0.02161223, 0, 0
0.02161283, 0, 1
0.02161558, 0, 0
0.02161618, 1, 0
0.02161891, 0, 0
0.02161951, 0, 1
0.02162226, 0, 0
0.02162286, 1, 0
0.02162559, 0, 0
0.02162619, 0, 1
0.02162894, 0, 0
0.02162954, 1, 0
0.02163227, 0, 0
0.02163287, 0, 1
0.02163562, 0, 0
0.02163622, 1, 0
0.02163895, 0, 0
0.02163955, 0, 1
0.02164230, 0, 0
0.02164290, 1, 0
0.02164563, 0, 0
0.02164623, 0, 1
0.02164898, 0, 0
0.02164958, 1, 0
0.02165231, 0, 0
0.02165291, 0, 1
0.02165566, 0, 0
0.02165626, 1, 0
0.02165899, 0, 0
0.02165959, 0, 1
0.02166234, 0, 0
0.02166294, 1, 0
0.02166567, 0, 0
0.02166627, 0, 1
0.02166902, 0, 0
0.02166962, 1, 0
0.02167235, 0, 0
0.02167295, 0, 1
0.02167570, 0, 0
0.02167629, 1, 0
0.02167903, 0, 0
0.02167963, 0, 1
0.02168238, 0, 0
0.02168297, 1, 0
0.02168571, 0, 0
0.02168631, 0, 1
0.02168906, 0, 0
0.02168965, 1, 0
0.02169239, 0, 0
0.02169299, 0, 1
0.02169573, 0, 0
0.02169633, 1, 0
0.02169907, 0, 0
0.02169967, 0, 1
0.02170241, 0, 0
0.02170301, 1, 0
0.02170575, 0, 0
0.02170634, 0, 1
0.02170909, 0, 0
0.02170969, 1, 0
0.02171243, 0, 0
0.02171302, 0, 1
0.02171577, 0, 0
0.02171637, 1, 0
0.02171911, 0, 0
0.02171970, 0, 1
0.02172245, 0, 0
0.02172305, 1, 0
0.02172579, 0, 0
0.02172638, 0, 1
0.02172913, 0, 0
0.02172973, 1, 0
0.02173247, 0, 0
0.02173306, 0, 1
0.02173581, 0, 0
0.02173641, 1, 0
0.02173915, 0, 0
0.02173974, 0, 1
0.02174249, 0, 0
0.02174309, 1, 0
0.02174583, 0, 0
0.02174642, 0, 1
0.02174917, 0, 0
0.02174977, 1, 0
0.02175251, 0, 0
0.02175310, 0, 1
0.02175585, 0, 0
0.02175645, 1, 0
0.02175919, 0, 0
0.02175978, 0, 1
0.02176253, 0, 0
0.02176313, 1, 0
0.02176587, 0, 0
0.02176646, 0, 1
0.02176921, 0, 0
0.02176981, 1, 0
0.02177254, 0, 0
0.02177314, 0, 1
0.02177589, 0, 0
0.02177649, 1, 0
0.02177922, 0, 0
0.02177982, 0, 1
0.02178257, 0, 0
0.02178317, 1, 0
0.02178590, 0, 0
0.02178650, 0, 1
0.02178925, 0, 0
0.02178985, 1, 0
0.02179258, 0, 0
0.02179318, 0, 1
0.02179593, 0, 0
0.02179653, 1, 0
0.02179926, 0, 0
0.02179986, 0, 1
0.02180261, 0, 0
0.02180321, 1, 0
0.02180594, 0, 0
0.02180654, 0, 1
0.02180929, 0, 0
0.02180989, 1, 0
0.02181262, 0, 0
0.02181322, 0, 1
0.02181597, 0, 0
0.02181657, 1, 0
0.02181930, 0, 0
0.02181990, 0, 1
0.02182265, 0, 0
0.02182325, 1, 0
0.02182598, 0, 0
0.02182658, 0, 1
0.02182933, 0, 0
0.02182993, 1, 0
0.02183266, 0, 0
0.02183326, 0, 1
0.02183601, 0, 0
0.02183661, 1, 0
0.02183934, 0, 0
0.02183994, 0, 1
0.02184269, 0, 0
0.02184329, 1, 0
0.02184602, 0, 0
0.02184662, 0, 1
0.02184937, 0, 0
0.02184997, 1, 0
0.02185270, 0, 0
0.02185330, 0, 1
0.02185605, 0, 0
0.02185664, 1, 0
0.02185938, 0, 0
0.02185998, 0, 1
0.02186273, 0, 0
0.02186332, 1, 0
0.02186606, 0, 0
0.02186666, 0, 1
0.02186941, 0, 0
0.02187000, 1, 0
0.02187274, 0, 0
0.02187334, 0, 1
0.02187608, 0, 0
0.02187668, 1, 0
0.02187942, 0, 0
0.02188001, 0, 1
0.02188276, 0, 0
0.02188336, 1, 0
0.02188610, 0, 0
0.02188669, 0, 1
0.02188944, 0, 0
0.02189004, 1, 0
0.02189278, 0, 0
0.02189337, 0, 1
0.02189612, 0, 0
0.02189672, 1, 0
0.02189946, 0, 0
0.02190005, 0, 1
0.02190280, 0, 0
0.02190340, 1, 0
0.02190614, 0, 0
0.02190673, 0, 1
0.02190948, 0, 0
0.02191008, 1, 0
0.02191282, 0, 0
0.02191341, 0, 1
0.02191616, 0, 0
0.02191676, 1, 0
0.02191950, 0, 0
0.02192009, 0, 1
0.02192284, 0, 0
0.02192344, 1, 0
0.02192618, 0, 0
0.02192677, 0, 1
0.02192952, 0, 0
0.02193012, 1, 0
0.02193286, 0, 0
0.02193345, 0, 1
0.02193620, 0, 0
0.02193680, 1, 0
0.02193954, 0, 0
0.02194013, 0, 1
0.02194288, 0, 0
0.02194348, 1, 0
0.02194621, 0, 0
0.02194681, 0, 1
0.02194956, 0, 0
0.02195016, 1, 0
0.02195289, 0, 0
0.02195349, 0, 1
0.02195624, 0, 0
0.02195684, 1, 0
0.02195957, 0, 0
0.02196017, 0, 1
0.02196292, 0, 0
0.02196352, 1, 0
0.02196625, 0, 0
0.02196685, 0, 1
0.02196960, 0, 0
0.02197020, 1, 0
0.02197293, 0, 0
0.02197353, 0, 1
0.02197628, 0, 0
0.02197688, 1, 0
0.02197961, 0, 0
0.02198021, 0, 1
0.02198296, 0, 0
0.02198356, 1, 0
0.02198629, 0, 0
0.02198689, 0, 1
0.02198964, 0, 0
0.02199024, 1, 0
0.02199297, 0, 0
0.02199357, 0, 1
0.02199632, 0, 0
0.02199692, 1, 0
0.02199965, 0, 0
0.02200025, 0, 1
0.02200300, 0, 0
0.02200360, 1, 0
0.02200633, 0, 0
0.02200693, 0, 1
0.02200968, 0, 0
0.02201028, 1, 0
0.02201301, 0, 0
0.02201361, 0, 1
0.02201636, 0, 0
0.02201695, 1, 0
0.02201969, 0, 0
0.02202029, 0, 1
0.02202304, 0, 0
0.02202364, 1, 0
0.02202637, 0, 0
0.02202697, 0, 1
0.02202972, 0, 0
0.02203031, 1, 0
0.02203305, 0, 0
0.02203365, 0, 1
0.02203639, 0, 0
0.02203699, 1, 0
0.02203973, 0, 0
0.02204033, 0, 1
0.02204308, 0, 0
0.02204367, 1, 0
0.02204641, 0, 0
0.02204701, 0, 1
0.02204975, 0, 0
0.02205035, 1, 0
0.02205309, 0, 0
0.02205368, 0, 1
0.02205643, 0, 0
0.02205703, 1, 0
0.02205977, 0, 0
0.02206036, 0, 1
0.02206311, 0, 0
0.02206371, 1, 0
0.02206645, 0, 0
0.02206704, 0, 1
0.02206979, 0, 0
0.02207039, 1, 0
0.02207313, 0, 0
0.02207372, 0, 1
0.02207647, 0, 0
0.02207707, 1, 0
0.02207981, 0, 0
0.02208040, 0, 1
0.02208315, 0, 0
0.02208375, 1, 0
0.02208649, 0, 0
0.02208708, 0, 1
0.02208983, 0, 0
0.02209043, 1, 0
0.02209317, 0, 0
0.02209376, 0, 1
0.02209651, 0, 0
0.02209711, 1, 0
0.02209985, 0, 0
0.02210044, 0, 1
0.02210319, 0, 0
0.02210379, 1, 0
0.02210652, 0, 0
0.02210712, 0, 1
0.02210987, 0, 0
0.02211047, 1, 0
0.02211320, 0, 0
0.02211380, 0, 1
0.02211655, 0, 0
0.02211715, 1, 0
0.02211988, 0, 0
0.02212048, 0, 1
0.02212323, 0, 0
0.02212383, 1, 0
0.02212656, 0, 0
0.02212716, 0, 1
0.02212991, 0, 0
0.02213051, 1, 0
0.02213324, 0, 0
0.02213384, 0, 1
0.02213659, 0, 0
0.02213719, 1, 0
0.02213992, 0, 0
0.02214052, 0, 1
0.02214327, 0, 0
0.02214387, 1, 0
0.02214660, 0, 0
0.02214720, 0, 1
0.02214995, 0, 0
0.02215055, 1, 0
0.02215328, 0, 0
0.02215388, 0, 1
0.02215663, 0, 0
0.02215723, 1, 0
0.02215996, 0, 0
0.02216056, 0, 1
0.02216331, 0, 0
0.02216391, 1, 0
0.02216664, 0, 0
0.02216724, 0, 1
0.02216999, 0, 0
0.02217059, 1, 0
0.02217332, 0, 0
0.02217392, 0, 1
0.02217667, 0, 0
0.02217727, 1, 0
0.02218000, 0, 0
0.02218060, 0, 1
0.02218335, 0, 0
0.02218395, 1, 0
0.02218668, 0, 0
0.02218728, 0, 1
0.02219003, 0, 0
0.02219062, 1, 0
0.02219336, 0, 0
0.02219396, 0, 1
0.02219671, 0, 0
0.02219731, 1, 0
0.02220004, 0, 0
0.02220064, 0, 1
0.02220339, 0, 0
0.02220398, 1, 0
0.02220672, 0, 0
0.02220732, 0, 1
0.02221006, 0, 0
0.02221066, 1, 0
0.02221340, 0, 0
0.02221399, 0, 1
0.02221674, 0, 0
0.02221734, 1, 0
0.02222008, 0, 0
0.02222067, 0, 1
0.02222342, 0, 0
0.02222402, 1, 0
0.02222676, 0, 0
0.02222735, 0, 1
0.02223010, 0, 0
0.02223070, 1, 0
0.02223344, 0, 0
0.02223403, 0, 1
0.02223678, 0, 0
0.02223738, 1, 0
0.02224012, 0, 0
0.02224071, 0, 1
0.02224346, 0, 0
0.02224406, 1, 0
0.02224680, 0, 0
0.02224739, 0, 1
0.02225014, 0, 0
0.02225074, 1, 0
0.02225348, 0, 0
0.02225407, 0, 1
0.02225682, 0, 0
0.02225742, 1, 0
0.02226016, 0, 0
0.02226075, 0, 1
0.02226350, 0, 0
0.02226410, 1, 0
0.02226684, 0, 0
0.02226743, 0, 1
0.02227018, 0, 0
0.02227078, 1, 0
0.02227352, 0, 0
0.02227411, 0, 1
0.02227686, 0, 0
0.02227746, 1, 0
0.02228019, 0, 0
0.02228079, 0, 1
0.02228354, 0, 0
0.02228414, 1, 0
0.02228687, 0, 0
0.02228747, 0, 1
0.02229022, 0, 0
0.02229082, 1, 0
0.02229355, 0, 0
0.02229415, 0, 1
0.02229690, 0, 0
0.02229750, 1, 0
0.02230023, 0, 0
0.02230083, 0, 1
0.02230358, 0, 0
0.02230418, 1, 0
0.02230691, 0, 0
0.02230751, 0, 1
0.02231026, 0, 0
0.02231086, 1, 0
0.02231359, 0, 0
0.02231419, 0, 1
0.02231694, 0, 0
0.02231754, 1, 0
0.02232027, 0, 0
0.02232087, 0, 1
0.02232362, 0, 0
0.02232422, 1, 0
0.02232695, 0, 0
0.02232755, 0, 1
0.02233030, 0, 0
0.02233090, 1, 0
0.02233363, 0, 0
0.02233423, 0, 1
0.02233698, 0, 0
0.02233758, 1, 0
0.02234031, 0, 0
0.02234091, 0, 1
0.02234366, 0, 0
0.02234426, 1, 0
0.02234699, 0, 0
0.02234759, 0, 1
0.02235034, 0, 0
0.02235094, 1, 0
0.02235367, 0, 0
0.02235427, 0, 1
0.02235702, 0, 0
0.02235762, 1, 0
0.02236035, 0, 0
0.02236095, 0, 1
0.02236370, 0, 0
0.02236429, 1, 0
0.02236703, 0, 0
0.02236763, 0, 1
0.02237038, 0, 0
0.02237097, 1, 0
0.02237371, 0, 0
0.02237431, 0, 1
0.02237706, 0, 0
0.02237765, 1, 0
0.02238039, 0, 0
0.02238099, 0, 1
0.02238373, 0, 0
0.02238433, 1, 0
0.02238707, 0, 0
0.02238767, 0, 1
0.02239041, 0, 0
0.02239101, 1, 0
0.02239375, 0, 0
0.02239434, 0, 1
0.02239709, 0, 0
0.02239769, 1, 0
0.02240043, 0, 0
0.02240102, 0, 1
0.02240377, 0, 0
0.02240437, 1, 0
0.02240711, 0, 0
0.02240770, 0, 1
0.02241045, 0, 0
0.02241105, 1, 0
0.02241379, 0, 0
0.02241438, 0, 1
0.02241713, 0, 0
0.02241773, 1, 0
0.02242047, 0, 0
0.02242106, 0, 1
0.02242381, 0, 0
0.02242441, 1, 0
0.02242715, 0, 0
0.02242774, 0, 1
0.02243049, 0, 0
0.02243109, 1, 0
0.02243383, 0, 0
0.02243442, 0, 1
0.02243717, 0, 0
0.02243777, 1, 0
0.02244051, 0, 0
0.02244110, 0, 1
0.02244385, 0, 0
0.02244445, 1, 0
0.02244719, 0, 0
0.02244778, 0, 1
0.02245053, 0, 0
0.02245113, 1, 0
0.02245386, 0, 0
0.02245446, 0, 1
0.02245721, 0, 0
0.02245781, 1, 0
0.02246054, 0, 0
0.02246114, 0, 1
0.02246389, 0, 0
0.02246449, 1, 0
0.02246722, 0, 0
0.02246782, 0, 1
0.02247057, 0, 0
0.02247117, 1, 0
0.02247390, 0, 0
0.02247450, 0, 1
0.02247725, 0, 0
0.02247785, 1, 0
0.02248058, 0, 0
0.02248118, 0, 1
0.02248393, 0, 0
0.02248453, 1, 0
0.02248726, 0, 0
0.02248786, 0, 1
0.02249061, 0, 0
0.02249121, 1, 0
0.02249394, 0, 0
0.02249454, 0, 1
0.02249729, 0, 0
0.02249789, 1, 0
0.02250062, 0, 0
0.02250122, 0, 1
0.02250397, 0, 0
0.02250457, 1, 0
0.02250730, 0, 0
0.02250790, 0, 1
0.02251065, 0, 0
0.02251125, 1, 0
0.02251398, 0, 0
0.02251458, 0, 1
0.02251733, 0, 0
0.02251793, 1, 0
0.02252066, 0, 0
0.02252126, 0, 1
0.02252401, 0, 0
0.02252461, 1, 0
0.02252734, 0, 0
0.02252794, 0, 1
0.02253069, 0, 0
0.02253129, 1, 0
0.02253402, 0, 0
0.02253462, 0, 1
0.02253737, 0, 0
0.02253796, 1, 0
0.02254070, 0, 0
0.02254130, 0, 1
0.02254405, 0, 0
0.02254464, 1, 0
0.02254738, 0, 0
0.02254798, 0, 1
0.02255072, 0, 0
0.02255132, 1, 0
0.02255406, 0, 0
0.02255466, 0, 1
0.02255740, 0, 0
0.02255800, 1, 0
0.02256074, 0, 0
0.02256133, 0, 1
0.02256408, 0, 0
0.02256468, 1, 0
0.02256742, 0, 0
0.02256801, 0, 1
0.02257076, 0, 0
0.02257136, 1, 0
0.02257410, 0, 0
0.02257469, 0, 1
0.02257744, 0, 0
0.02257804, 1, 0
0.02258078, 0, 0
0.02258137, 0, 1
0.02258412, 0, 0
0.02258472, 1, 0
0.02258746, 0, 0
0.02258805, 0, 1
0.02259080, 0, 0
0.02259140, 1, 0
0.02259414, 0, 0
0.02259473, 0, 1
0.02259748, 0, 0
0.02259808, 1, 0
0.02260082, 0, 0
0.02260141, 0, 1
0.02260416, 0, 0
0.02260476, 1, 0
0.02260750, 0, 0
0.02260809, 0, 1
0.02261084, 0, 0
0.02261144, 1, 0
0.02261418, 0, 0
0.02261477, 0, 1
0.02261752, 0, 0
0.02261812, 1, 0
0.02262085, 0, 0
0.02262145, 0, 1
0.02262420, 0, 0
0.02262480, 1, 0
0.02262753, 0, 0
0.02262813, 0, 1
0.02263088, 0, 0
0.02263148, 1, 0
0.02263421, 0, 0
0.02263481, 0, 1
0.02263756, 0, 0
0.02263816, 1, 0
0.02264089, 0, 0
0.02264149, 0, 1
0.02264424, 0, 0
0.02264484, 1, 0
0.02264757, 0, 0
0.02264817, 0, 1
0.02265092, 0, 0
0.02265152, 1, 0
0.02265425, 0, 0
0.02265485, 0, 1
0.02265760, 0, 0
0.02265820, 1, 0
0.02266093, 0, 0
0.02266153, 0, 1
0.02266428, 0, 0
0.02266488, 1, 0
0.02266761, 0, 0
0.02266821, 0, 1
0.02267096, 0, 0
0.02267156, 1, 0
0.02267429, 0, 0
0.02267489, 0, 1
0.02267764, 0, 0
0.02267824, 1, 0
0.02268097, 0, 0
0.02268157, 0, 1
0.02268432, 0, 0
0.02268492, 1, 0
0.02268765, 0, 0
0.02268825, 0, 1
0.02269100, 0, 0
0.02269160, 1, 0
0.02269433, 0, 0
0.02269493, 0, 1
0.02269768, 0, 0
0.02269827, 1, 0
0.02270101, 0, 0
0.02270161, 0, 1
0.02270436, 0, 0
0.02270496, 1, 0
0.02270769, 0, 0
0.02270829, 0, 1
0.02271104, 0, 0
0.02271163, 1, 0
0.02271437, 0, 0
0.02271497, 0, 1
0.02271771, 0, 0
0.02271831, 1, 0
0.02272105, 0, 0
0.02272165, 0, 1
0.02272439, 0, 0
0.02272499, 1, 0
0.02272773, 0, 0
0.02272832, 0, 1
0.02273107, 0, 0
0.02273167, 1, 0
0.02273441, 0, 0
0.02273500, 0, 1
0.02273775, 0, 0
0.02273835, 1, 0
0.02274109, 0, 0
0.02274168, 0, 1
0.02274443, 0, 0
0.02274503, 1, 0
0.02274777, 0, 0
0.02274836, 0, 1
0.02275111, 0, 0
0.02275171, 1, 0
0.02275445, 0, 0
0.02275504, 0, 1
0.02275779, 0, 0
0.02275839, 1, 0
0.02276113, 0, 0
0.02276172, 0, 1
0.02276447, 0, 0
0.02276507, 1, 0
0.02276781, 0, 0
0.02276840, 0, 1
0.02277115, 0, 0
0.02277175, 1, 0
0.02277449, 0, 0
0.02277508, 0, 1
0.02277783, 0, 0
0.02277843, 1, 0
0.02278117, 0, 0
0.02278176, 0, 1
0.02278451, 0, 0
0.02278511, 1, 0
0.02278785, 0, 0
0.02278844, 0, 1
0.02279119, 0, 0
0.02279179, 1, 0
0.02279452, 0, 0
0.02279512, 0, 1
0.02279787, 0, 0
0.02279847, 1, 0
0.02280120, 0, 0
0.02280180, 0, 1
0.02280455, 0, 0
0.02280515, 1, 0
0.02280788, 0, 0
0.02280848, 0, 1
0.02281123, 0, 0
0.02281183, 1, 0
0.02281456, 0, 0
0.02281516, 0, 1
0.02281791, 0, 0
0.02281851, 1, 0
0.02282124, 0, 0
0.02282184, 0, 1
0.02282459, 0, 0
0.02282519, 1, 0
0.02282792, 0, 0
0.02282852, 0, 1
0.02283127, 0, 0
0.02283187, 1, 0
0.02283460, 0, 0
0.02283520, 0, 1
0.02283795, 0, 0
0.02283855, 1, 0
0.02284128, 0, 0
0.02284188, 0, 1
0.02284463, 0, 0
0.02284523, 1, 0
0.02284796, 0, 0
0.02284856, 0, 1
0.02285131, 0, 0
0.02285191, 1, 0
0.02285464, 0, 0
0.02285524, 0, 1
0.02285799, 0, 0
0.02285859, 1, 0
0.02286132, 0, 0
0.02286192, 0, 1
0.02286467, 0, 0
0.02286527, 1, 0
0.02286800, 0, 0
0.02286860, 0, 1
0.02287135, 0, 0
0.02287195, 1, 0
0.02287468, 0, 0
0.02287528, 0, 1
0.02287803, 0, 0
0.02287862, 1, 0
0.02288136, 0, 0
0.02288196, 0, 1
0.02288471, 0, 0
0.02288530, 1, 0
0.02288804, 0, 0
0.02288864, 0, 1
0.02289138, 0, 0
0.02289198, 1, 0
0.02289472, 0, 0
0.02289532, 0, 1
0.02289806, 0, 0
0.02289866, 1, 0
0.02290140, 0, 0
0.02290199, 0, 1
0.02290474, 0, 0
0.02290534, 1, 0
0.02290808, 0, 0
0.02290867, 0, 1
0.02291142, 0, 0
0.02291202, 1, 0
0.02291476, 0, 0
0.02291535, 0, 1
0.02291810, 0, 0
0.02291870, 1, 0
0.02292144, 0, 0
0.02292203, 0, 1
0.02292478, 0, 0
0.02292538, 1, 0
0.02292812, 0, 0
0.02292871, 0, 1
0.02293146, 0, 0
0.02293206, 1, 0
0.02293480, 0, 0
0.02293539, 0, 1
0.02293814, 0, 0
0.02293874, 1, 0
0.02294148, 0, 0
0.02294207, 0, 1
0.02294482, 0, 0
0.02294542, 1, 0
0.02294816, 0, 0
0.02294875, 0, 1
0.02295150, 0, 0
0.02295210, 1, 0
0.02295484, 0, 0
0.02295543, 0, 1
0.02295818, 0, 0
0.02295878, 1, 0
0.02296152, 0, 0
0.02296211, 0, 1
0.02296486, 0, 0
0.02296546, 1, 0
0.02296819, 0, 0
0.02296879, 0, 1
0.02297154, 0, 0
0.02297214, 1, 0
0.02297487, 0, 0
0.02297547, 0, 1
0.02297822, 0, 0
0.02297882, 1, 0
0.02298155, 0, 0
0.02298215, 0, 1
0.02298490, 0, 0
0.02298550, 1, 0
0.02298823, 0, 0
0.02298883, 0, 1
0.02299158, 0, 0
0.02299218, 1, 0
0.02299491, 0, 0
0.02299551, 0, 1
0.02299826, 0, 0
0.02299886, 1, 0
0.02300159, 0, 0
0.02300219, 0, 1
0.02300494, 0, 0
0.02300554, 1, 0
0.02300827, 0, 0
0.02300887, 0, 1
0.02301162, 0, 0
0.02301222, 1, 0
0.02301495, 0, 0
0.02301555, 0, 1
0.02301830, 0, 0
0.02301890, 1, 0
0.02302163, 0, 0
0.02302223, 0, 1
0.02302498, 0, 0
0.02302558, 1, 0
0.02302831, 0, 0
0.02302891, 0, 1
0.02303166, 0, 0
0.02303226, 1, 0
0.02303499, 0, 0
0.02303559, 0, 1
0.02303834, 0, 0
0.02303894, 1, 0
0.02304167, 0, 0
0.02304227, 0, 1
0.02304502, 0, 0
0.02304562, 1, 0
0.02304835, 0, 0
0.02304895, 0, 1
0.02305170, 0, 0
0.02305229, 1, 0
0.02305503, 0, 0
0.02305563, 0, 1
0.02305837, 0, 0
0.02305897, 1, 0
0.02306171, 0, 0
0.02306231, 0, 1
0.02306505, 0, 0
0.02306565, 1, 0
0.02306839, 0, 0
0.02306899, 0, 1
0.02307173, 0, 0
0.02307233, 1, 0
0.02307507, 0, 0
0.02307566, 0, 1
0.02307841, 0, 0
0.02307901, 1, 0
0.02308175, 0, 0
0.02308234, 0, 1
0.02308509, 0, 0
0.02308569, 1, 0
0.02308843, 0, 0
0.02308902, 0, 1
0.02309177, 0, 0
0.02309237, 1, 0
0.02309511, 0, 0
0.02309570, 0, 1
0.02309845, 0, 0
0.02309905, 1, 0
0.02310179, 0, 0
0.02310238, 0, 1
0.02310513, 0, 0
0.02310573, 1, 0
0.02310847, 0, 0
0.02310906, 0, 1
0.02311181, 0, 0
0.02311241, 1, 0
0.02311515, 0, 0
0.02311574, 0, 1
0.02311849, 0, 0
0.02311909, 1, 0
0.02312183, 0, 0
0.02312242, 0, 1
0.02312517, 0, 0
0.02312577, 1, 0
0.02312851, 0, 0
0.02312910, 0, 1
0.02313185, 0, 0
0.02313245, 1, 0
0.02313519, 0, 0
0.02313578, 0, 1
0.02313853, 0, 0
0.02313913, 1, 0
0.02314186, 0, 0
0.02314246, 0, 1
0.02314521, 0, 0
0.02314581, 1, 0
0.02314854, 0, 0
0.02314914, 0, 1
0.02315189, 0, 0
0.02315249, 1, 0
0.02315522, 0, 0
0.02315582, 0, 1
0.02315857, 0, 0
0.02315917, 1, 0
0.02316190, 0, 0
0.02316250, 0, 1
0.02316525, 0, 0
0.02316585, 1, 0
0.02316858, 0, 0
0.02316918, 0, 1
0.02317193, 0, 0
0.02317253, 1, 0
0.02317526, 0, 0
0.02317586, 0, 1
0.02317861, 0, 0
0.02317921, 1, 0
0.02318194, 0, 0
0.02318254, 0, 1
0.02318529, 0, 0
0.02318589, 1, 0
0.02318862, 0, 0
0.02318922, 0, 1
0.02319197, 0, 0
0.02319257, 1, 0
0.02319530, 0, 0
0.02319590, 0, 1
0.02319865, 0, 0
0.02319925, 1, 0
0.02320198, 0, 0
0.02320258, 0, 1
0.02320533, 0, 0
0.02320593, 1, 0
0.02320866, 0, 0
0.02320926, 0, 1
0.02321201, 0, 0
0.02321261, 1, 0
0.02321534, 0, 0
0.02321594, 0, 1
0.02321869, 0, 0
0.02321928, 1, 0
0.02322202, 0, 0
0.02322262, 0, 1
0.02322537, 0, 0
0.02322596, 1, 0
0.02322870, 0, 0
0.02322930, 0, 1
0.02323205, 0, 0
0.02323264, 1, 0
0.02323538, 0, 0
0.02323598, 0, 1
0.02323872, 0, 0
0.02323932, 1, 0
0.02324206, 0, 0
0.02324266, 0, 1
0.02324540, 0, 0
0.02324600, 1, 0
0.02324874, 0, 0
0.02324933, 0, 1
0.02325208, 0, 0
0.02325268, 1, 0
0.02325542, 0, 0
0.02325601, 0, 1
0.02325876, 0, 0
0.02325936, 1, 0
0.02326210, 0, 0
0.02326269, 0, 1
0.02326544, 0, 0
0.02326604, 1, 0
0.02326878, 0, 0
0.02326937, 0, 1
0.02327212, 0, 0
0.02327272, 1, 0
0.02327546, 0, 0
0.02327605, 0, 1
0.02327880, 0, 0
0.02327940, 1, 0
0.02328214, 0, 0
0.02328273, 0, 1
0.02328548, 0, 0
0.02328608, 1, 0
0.02328882, 0, 0
0.02328941, 0, 1
0.02329216, 0, 0
0.02329276, 1, 0
0.02329550, 0, 0
0.02329609, 0, 1
0.02329884, 0, 0
0.02329944, 1, 0
0.02330218, 0, 0
0.02330277, 0, 1
0.02330552, 0, 0
0.02330612, 1, 0
0.02330886, 0, 0
0.02330945, 0, 1
0.02331220, 0, 0
0.02331280, 1, 0
0.02331553, 0, 0
0.02331613, 0, 1
0.02331888, 0, 0
0.02331948, 1, 0
0.02332221, 0, 0
0.02332281, 0, 1
0.02332556, 0, 0
0.02332616, 1, 0
0.02332889, 0, 0
0.02332949, 0, 1
0.02333224, 0, 0
0.02333284, 1, 0
0.02333557, 0, 0
0.02333617, 0, 1
0.02333892, 0, 0
0.02333952, 1, 0
0.02334225, 0, 0
0.02334285, 0, 1
0.02334560, 0, 0
0.02334620, 1, 0
0.02334893, 0, 0
0.02334953, 0, 1
0.02335228, 0, 0
0.02335288, 1, 0
0.02335561, 0, 0
0.02335621, 0, 1
0.02335896, 0, 0
0.02335956, 1, 0
0.02336229, 0, 0
0.02336289, 0, 1
0.02336564, 0, 0
0.02336624, 1, 0
0.02336897, 0, 0
0.02336957, 0, 1
0.02337232, 0, 0
0.02337292, 1, 0
0.02337565, 0, 0
0.02337625, 0, 1
0.02337900, 0, 0
0.02337960, 1, 0
0.02338233, 0, 0
0.02338293, 0, 1
0.02338568, 0, 0
0.02338627, 1, 0
0.02338901, 0, 0
0.02338961, 0, 1
0.02339236, 0, 0
0.02339296, 1, 0
0.02339569, 0, 0
0.02339629, 0, 1
0.02339904, 0, 0
0.02339963, 1, 0
0.02340237, 0, 0
0.02340297, 0, 1
0.02340571, 0, 0
0.02340631, 1, 0
0.02340905, 0, 0
0.02340965, 0, 1
0.02341239, 0, 0
0.02341299, 1, 0
0.02341573, 0, 0
0.02341633, 0, 1
0.02341907, 0, 0
0.02341967, 1, 0
0.02342241, 0, 0
0.02342300, 0, 1
0.02342575, 0, 0
0.02342635, 1, 0
0.02342909, 0, 0
0.02342968, 0, 1
0.02343243, 0, 0
0.02343303, 1, 0
0.02343577, 0, 0
0.02343636, 0, 1
0.02343911, 0, 0
0.02343971, 1, 0
0.02344245, 0, 0
0.02344304, 0, 1
0.02344579, 0, 0
0.02344639, 1, 0
0.02344913, 0, 0
0.02344972, 0, 1
0.02345247, 0, 0
0.02345307, 1, 0
0.02345581, 0, 0
0.02345640, 0, 1
0.02345915, 0, 0
0.02345975, 1, 0
0.02346249, 0, 0
0.02346308, 0, 1
0.02346583, 0, 0
0.02346643, 1, 0
0.02346917, 0, 0
0.02346976, 0, 1
0.02347251, 0, 0
0.02347311, 1, 0
0.02347585, 0, 0
0.02347644, 0, 1
0.02347919, 0, 0
0.02347979, 1, 0
0.02348253, 0, 0
0.02348312, 0, 1
0.02348587, 0, 0
0.02348647, 1, 0
0.02348920, 0, 0
0.02348980, 0, 1
0.02349255, 0, 0
0.02349315, 1, 0
0.02349588, 0, 0
0.02349648, 0, 1
0.02349923, 0, 0
0.02349983, 1, 0
0.02350256, 0, 0
0.02350316, 0, 1
0.02350591, 0, 0
0.02350651, 1, 0
0.02350924, 0, 0
0.02350984, 0, 1
0.02351259, 0, 0
0.02351319, 1, 0
0.02351592, 0, 0
0.02351652, 0, 1
0.02351927, 0, 0
0.02351987, 1, 0
0.02352260, 0, 0
0.02352320, 0, 1
0.02352595, 0, 0
0.02352655, 1, 0
0.02352928, 0, 0
0.02352988, 0, 1
0.02353263, 0, 0
0.02353323, 1, 0
0.02353596, 0, 0
0.02353656, 0, 1
0.02353931, 0, 0
0.02353991, 1, 0
0.02354264, 0, 0
0.02354324, 0, 1
0.02354599, 0, 0
0.02354659, 1, 0
0.02354932, 0, 0
0.02354992, 0, 1
0.02355267, 0, 0
0.02355327, 1, 0
0.02355600, 0, 0
0.02355660, 0, 1
0.02355935, 0, 0
0.02355994, 1, 0
0.02356268, 0, 0
0.02356328, 0, 1
0.02356603, 0, 0
0.02356662, 1, 0
0.02356936, 0, 0
0.02356996, 0, 1
0.02357271, 0, 0
0.02357330, 1, 0
0.02357604, 0, 0
0.02357664, 0, 1
0.02357938, 0, 0
0.02357998, 1, 0
0.02358272, 0, 0
0.02358331, 0, 1
0.02358606, 0, 0
0.02358666, 1, 0
0.02358940, 0, 0
0.02358999, 0, 1
0.02359274, 0, 0
0.02359334, 1, 0
0.02359608, 0, 0
0.02359667, 0, 1
0.02359942, 0, 0
0.02360002, 1, 0
0.02360276, 0, 0
0.02360335, 0, 1
0.02360610, 0, 0
0.02360670, 1, 0
0.02360944, 0, 0
0.02361003, 0, 1
0.02361278, 0, 0
0.02361338, 1, 0
0.02361612, 0, 0
0.02361671, 0, 1
0.02361946, 0, 0
0.02362006, 1, 0
0.02362280, 0, 0
0.02362339, 0, 1
0.02362614, 0, 0
0.02362674, 1, 0
0.02362948, 0, 0
0.02363007, 0, 1
0.02363282, 0, 0
0.02363342, 1, 0
0.02363616, 0, 0
0.02363675, 0, 1
0.02363950, 0, 0
0.02364010, 1, 0
0.02364283, 0, 0
0.02364343, 0, 1
0.02364618, 0, 0
0.02364678, 1, 0
0.02364951, 0, 0
0.02365011, 0, 1
0.02365286, 0, 0
0.02365346, 1, 0
0.02365619, 0, 0
0.02365679, 0, 1
0.02365954, 0, 0
0.02366014, 1, 0
0.02366287, 0, 0
0.02366347, 0, 1
0.02366622, 0, 0
0.02366682, 1, 0
0.02366955, 0, 0
0.02367015, 0, 1
0.02367290, 0, 0
0.02367350, 1, 0
0.02367623, 0, 0
0.02367683, 0, 1
0.02367958, 0, 0
0.02368018, 1, 0
0.02368291, 0, 0
0.02368351, 0, 1
0.02368626, 0, 0
0.02368686, 1, 0
0.02368959, 0, 0
0.02369019, 0, 1
0.02369294, 0, 0
0.02369354, 1, 0
0.02369627, 0, 0
0.02369687, 0, 1
0.02369962, 0, 0
0.02370022, 1, 0
0.02370295, 0, 0
0.02370355, 0, 1
0.02370630, 0, 0
0.02370690, 1, 0
0.02370963, 0, 0
0.02371023, 0, 1
0.02371298, 0, 0
0.02371358, 1, 0
0.02371631, 0, 0
0.02371691, 0, 1
0.02371966, 0, 0
0.02372026, 1, 0
0.02372299, 0, 0
0.02372359, 0, 1
0.02372634, 0, 0
0.02372693, 1, 0
0.02372967, 0, 0
0.02373027, 0, 1
0.02373302, 0, 0
0.02373361, 1, 0
0.02373635, 0, 0
0.02373695, 0, 1
0.02373970, 0, 0
0.02374029, 1, 0
0.02374303, 0, 0
0.02374363, 0, 1
0.02374638, 0, 0
0.02374697, 1, 0
0.02374971, 0, 0
0.02375031, 0, 1
0.02375305, 0, 0
0.02375365, 1, 0
0.02375639, 0, 0
0.02375699, 0, 1
0.02375973, 0, 0
0.02376033, 1, 0
0.02376307, 0, 0
0.02376366, 0, 1
0.02376641, 0, 0
0.02376701, 1, 0
0.02376975, 0, 0
0.02377034, 0, 1
0.02377309, 0, 0
0.02377369, 1, 0
0.02377643, 0, 0
0.02377702, 0, 1
0.02377977, 0, 0
0.02378037, 1, 0
0.02378311, 0, 0
0.02378370, 0, 1
0.02378645, 0, 0
0.02378705, 1, 0
0.02378979, 0, 0
0.02379038, 0, 1
0.02379313, 0, 0
0.02379373, 1, 0
0.02379647, 0, 0
0.02379706, 0, 1
0.02379981, 0, 0
0.02380041, 1, 0
0.02380315, 0, 0
0.02380374, 0, 1
0.02380649, 0, 0
0.02380709, 1, 0
0.02380983, 0, 0
0.02381042, 0, 1
0.02381317, 0, 0
0.02381377, 1, 0
0.02381651, 0, 0
0.02381710, 0, 1
0.02381985, 0, 0
0.02382045, 1, 0
0.02382318, 0, 0
0.02382378, 0, 1
0.02382653, 0, 0
0.02382713, 1, 0
0.02382986, 0, 0
0.02383046, 0, 1
0.02383321, 0, 0
0.02383381, 1, 0
0.02383654, 0, 0
0.02383714, 0, 1
0.02383989, 0, 0
0.02384049, 1, 0
0.02384322, 0, 0
0.02384382, 0, 1
0.02384657, 0, 0
0.02384717, 1, 0
0.02384990, 0, 0
0.02385050, 0, 1
0.02385325, 0, 0
0.02385385, 1, 0
0.02385658, 0, 0
0.02385718, 0, 1
0.02385993, 0, 0
0.02386053, 1, 0
0.02386326, 0, 0
0.02386386, 0, 1
0.02386661, 0, 0
0.02386721, 1, 0
0.02386994, 0, 0
0.02387054, 0, 1
0.02387329, 0, 0
0.02387389, 1, 0
0.02387662, 0, 0
0.02387722, 0, 1
0.02387997, 0, 0
0.02388057, 1, 0
0.02388330, 0, 0
0.02388390, 0, 1
0.02388665, 0, 0
0.02388725, 1, 0
0.02388998, 0, 0
0.02389058, 0, 1
0.02389333, 0, 0
0.02389393, 1, 0
0.02389666, 0, 0
0.02389726, 0, 1
0.02390001, 0, 0
0.02390061, 1, 0
0.02390334, 0, 0
0.02390394, 0, 1
0.02390669, 0, 0
0.02390728, 1, 0
0.02391002, 0, 0
0.02391062, 0, 1
0.02391337, 0, 0
0.02391396, 1, 0
0.02391670, 0, 0
0.02391730, 0, 1
0.02392004, 0, 0
0.02392064, 1, 0
0.02392338, 0, 0
0.02392398, 0, 1
0.02392672, 0, 0
0.02392732, 1, 0
0.02393006, 0, 0
0.02393065, 0, 1
0.02393340, 0, 0
0.02393400, 1, 0
0.02393674, 0, 0
0.02393733, 0, 1
0.02394008, 0, 0
0.02394068, 1, 0
0.02394342, 0, 0
0.02394401, 0, 1
0.02394676, 0, 0
0.02394736, 1, 0
0.02395010, 0, 0
0.02395069, 0, 1
0.02395344, 0, 0
0.02395404, 1, 0
0.02395678, 0, 0
0.02395737, 0, 1
0.02396012, 0, 0
0.02396072, 1, 0
0.02396346, 0, 0
0.02396405, 0, 1
0.02396680, 0, 0
0.02396740, 1, 0
0.02397014, 0, 0
0.02397073, 0, 1
0.02397348, 0, 0
0.02397408, 1, 0
0.02397682, 0, 0
0.02397741, 0, 1
0.02398016, 0, 0
0.02398076, 1, 0
0.02398350, 0, 0
0.02398409, 0, 1
0.02398684, 0, 0
0.02398744, 1, 0
0.02399018, 0, 0
0.02399077, 0, 1
0.02399352, 0, 0
0.02399412, 1, 0
0.02399685, 0, 0
0.02399745, 0, 1
0.02400020, 0, 0
0.02400080, 1, 0
0.02400353, 0, 0
0.02400413, 0, 1
0.02400688, 0, 0
0.02400748, 1, 0
0.02401021, 0, 0
0.02401081, 0, 1
0.02401356, 0, 0
0.02401416, 1, 0
0.02401689, 0, 0
0.02401749, 0, 1
0.02402024, 0, 0
0.02402084, 1, 0
0.02402357, 0, 0
0.02402417, 0, 1
0.02402692, 0, 0
0.02402752, 1, 0
0.02403025, 0, 0
0.02403085, 0, 1
0.02403360, 0, 0
0.02403420, 1, 0
0.02403693, 0, 0
0.02403753, 0, 1
0.02404028, 0, 0
0.02404088, 1, 0
0.02404361, 0, 0
0.02404421, 0, 1
0.02404696, 0, 0
0.02404756, 1, 0
0.02405029, 0, 0
0.02405089, 0, 1
0.02405364, 0, 0
0.02405424, 1, 0
0.02405697, 0, 0
0.02405757, 0, 1
0.02406032, 0, 0
0.02406092, 1, 0
0.02406365, 0, 0
0.02406425, 0, 1
0.02406700, 0, 0
0.02406759, 1, 0
0.02407033, 0, 0
0.02407093, 0, 1
0.02407368, 0, 0
0.02407427, 1, 0
0.02407701, 0, 0
0.02407761, 0, 1
0.02408036, 0, 0
0.02408095, 1, 0
0.02408369, 0, 0
0.02408429, 0, 1
0.02408704, 0, 0
0.02408763, 1, 0
0.02409037, 0, 0
0.02409097, 0, 1
0.02409371, 0, 0
0.02409431, 1, 0
0.02409705, 0, 0
0.02409764, 0, 1
0.02410039, 0, 0
0.02410099, 1, 0
0.02410373, 0, 0
0.02410432, 0, 1
0.02410707, 0, 0
0.02410767, 1, 0
0.02411041, 0, 0
0.02411100, 0, 1
0.02411375, 0, 0
0.02411435, 1, 0
0.02411709, 0, 0
0.02411768, 0, 1
0.02412043, 0, 0
0.02412103, 1, 0
0.02412377, 0, 0
0.02412436, 0, 1
0.02412711, 0, 0
0.02412771, 1, 0
0.02413045, 0, 0
0.02413104, 0, 1
0.02413379, 0, 0
0.02413439, 1, 0
0.02413713, 0, 0
0.02413772, 0, 1
0.02414047, 0, 0
0.02414107, 1, 0
0.02414381, 0, 0
0.02414440, 0, 1
0.02414715, 0, 0
0.02414775, 1, 0
0.02415049, 0, 0
0.02415108, 0, 1
0.02415383, 0, 0
0.02415443, 1, 0
0.02415717, 0, 0
0.02415776, 0, 1
0.02416051, 0, 0
0.02416111, 1, 0
0.02416384, 0, 0
0.02416444, 0, 1
0.02416719, 0, 0
0.02416779, 1, 0
0.02417052, 0, 0
0.02417112, 0, 1
0.02417387, 0, 0
0.02417447, 1, 0
0.02417720, 0, 0
0.02417780, 0, 1
0.02418055, 0, 0
0.02418115, 1, 0
0.02418388, 0, 0
0.02418448, 0, 1
0.02418723, 0, 0
0.02418783, 1, 0
0.02419056, 0, 0
0.02419116, 0, 1
0.02419391, 0, 0
0.02419451, 1, 0
0.02419724, 0, 0
0.02419784, 0, 1
0.02420059, 0, 0
0.02420119, 1, 0
0.02420392, 0, 0
0.02420452, 0, 1
0.02420727, 0, 0
0.02420787, 1, 0
0.02421060, 0, 0
0.02421120, 0, 1
0.02421395, 0, 0
0.02421455, 1, 0
0.02421728, 0, 0
0.02421788, 0, 1
0.02422063, 0, 0
0.02422123, 1, 0
0.02422396, 0, 0
0.02422456, 0, 1
0.02422731, 0, 0
0.02422791, 1, 0
0.02423064, 0, 0
0.02423124, 0, 1
0.02423399, 0, 0
0.02423459, 1, 0
0.02423732, 0, 0
0.02423792, 0, 1
0.02424067, 0, 0
0.02424127, 1, 0
0.02424400, 0, 0
0.02424460, 0, 1
0.02424735, 0, 0
0.02424794, 1, 0
0.02425068, 0, 0
0.02425128, 0, 1
0.02425402, 0, 0
0.02425462, 1, 0
0.02425736, 0, 0
0.02425796, 0, 1
0.02426070, 0, 0
0.02426130, 1, 0
0.02426404, 0, 0
0.02426464, 0, 1
0.02426738, 0, 0
0.02426798, 1, 0
0.02427072, 0, 0
0.02427131, 0, 1
0.02427406, 0, 0
0.02427466, 1, 0
0.02427740, 0, 0
0.02427799, 0, 1
0.02428074, 0, 0
0.02428134, 1, 0
0.02428408, 0, 0
0.02428467, 0, 1
0.02428742, 0, 0
0.02428802, 1, 0
0.02429076, 0, 0
0.02429135, 0, 1
0.02429410, 0, 0
0.02429470, 1, 0
0.02429744, 0, 0
0.02429803, 0, 1
0.02430078, 0, 0
0.02430138, 1, 0
0.02430412, 0, 0
0.02430471, 0, 1
0.02430746, 0, 0
0.02430806, 1, 0
0.02431080, 0, 0
0.02431139, 0, 1
0.02431414, 0, 0
0.02431474, 1, 0
0.02431748, 0, 0
0.02431807, 0, 1
0.02432082, 0, 0
0.02432142, 1, 0
0.02432416, 0, 0
0.02432475, 0, 1
0.02432750, 0, 0
0.02432810, 1, 0
0.02433084, 0, 0
0.02433143, 0, 1
0.02433418, 0, 0
0.02433478, 1, 0
0.02433751, 0, 0
0.02433811, 0, 1
0.02434086, 0, 0
0.02434146, 1, 0
0.02434419, 0, 0
0.02434479, 0, 1
0.02434754, 0, 0
0.02434814, 1, 0
0.02435087, 0, 0
0.02435147, 0, 1
0.02435422, 0, 0
0.02435482, 1, 0
0.02435755, 0, 0
0.02435815, 0, 1
0.02436090, 0, 0
0.02436150, 1, 0
0.02436423, 0, 0
0.02436483, 0, 1
0.02436758, 0, 0
0.02436818, 1, 0
0.02437091, 0, 0
0.02437151, 0, 1
0.02437426, 0, 0
0.02437486, 1, 0
0.02437759, 0, 0
0.02437819, 0, 1
0.02438094, 0, 0
0.02438154, 1, 0
0.02438427, 0, 0
0.02438487, 0, 1
0.02438762, 0, 0
0.02438822, 1, 0
0.02439095, 0, 0
0.02439155, 0, 1
0.02439430, 0, 0
0.02439490, 1, 0
0.02439763, 0, 0
0.02439823, 0, 1
0.02440098, 0, 0
0.02440158, 1, 0
0.02440431, 0, 0
0.02440491, 0, 1
0.02440766, 0, 0
0.02440826, 1, 0
0.02441099, 0, 0
0.02441159, 0, 1
0.02441434, 0, 0
0.02441493, 1, 0
0.02441767, 0, 0
0.02441827, 0, 1
0.02442102, 0, 0
0.02442161, 1, 0
0.02442435, 0, 0
0.02442495, 0, 1
0.02442769, 0, 0
0.02442829, 1, 0
0.02443103, 0, 0
0.02443163, 0, 1
0.02443437, 0, 0
0.02443497, 1, 0
0.02443771, 0, 0
0.02443830, 0, 1
0.02444105, 0, 0
0.02444165, 1, 0
0.02444439, 0, 0
0.02444498, 0, 1
0.02444773, 0, 0
0.02444833, 1, 0
0.02445107, 0, 0
0.02445166, 0, 1
0.02445441, 0, 0
0.02445501, 1, 0
0.02445775, 0, 0
0.02445834, 0, 1
0.02446109, 0, 0
0.02446169, 1, 0
0.02446443, 0, 0
0.02446502, 0, 1
0.02446777, 0, 0
0.02446837, 1, 0
0.02447111, 0, 0
0.02447170, 0, 1
0.02447445, 0, 0
0.02447505, 1, 0
0.02447779, 0, 0
0.02447838, 0, 1
0.02448113, 0, 0
0.02448173, 1, 0
0.02448447, 0, 0
0.02448506, 0, 1
0.02448781, 0, 0
0.02448841, 1, 0
0.02449115, 0, 0
0.02449174, 0, 1
0.02449449, 0, 0
0.02449509, 1, 0
0.02449782, 0, 0
0.02449842, 0, 1
0.02450117, 0, 0
0.02450177, 1, 0
0.02450450, 0, 0
0.02450510, 0, 1
0.02450785, 0, 0
0.02450845, 1, 0
0.02451118, 0, 0
0.02451178, 0, 1
0.02451453, 0, 0
0.02451513, 1, 0
0.02451786, 0, 0
0.02451846, 0, 1
0.02452121, 0, 0
0.02452181, 1, 0
0.02452454, 0, 0
0.02452514, 0, 1
0.02452789, 0, 0
0.02452849, 1, 0
0.02453122, 0, 0
0.02453182, 0, 1
0.02453457, 0, 0
0.02453517, 1, 0
0.02453790, 0, 0
0.02453850, 0, 1
0.02454125, 0, 0
0.02454185, 1, 0
0.02454458, 0, 0
0.02454518, 0, 1
0.02454793, 0, 0
0.02454853, 1, 0
0.02455126, 0, 0
0.02455186, 0, 1
0.02455461, 0, 0
0.02455521, 1, 0
0.02455794, 0, 0
0.02455854, 0, 1
0.02456129, 0, 0
0.02456189, 1, 0
0.02456462, 0, 0
0.02456522, 0, 1
0.02456797, 0, 0
0.02456857, 1, 0
0.02457130, 0, 0
0.02457190, 0, 1
0.02457465, 0, 0
0.02457525, 1, 0
0.02457798, 0, 0
0.02457858, 0, 1
0.02458133, 0, 0
0.02458192, 1, 0
0.02458466, 0, 0
0.02458526, 0, 1
0.02458801, 0, 0
0.02458861, 1, 0
0.02459134, 0, 0
0.02459194, 0, 1
0.02459469, 0, 0
0.02459528, 1, 0
0.02459802, 0, 0
0.02459862, 0, 1
0.02460136, 0, 0
0.02460196, 1, 0
0.02460470, 0, 0
0.02460529, 0, 1
0.02460804, 0, 0
0.02460864, 1, 0
0.02461138, 0, 0
0.02461197, 0, 1
0.02461472, 0, 0
0.02461532, 1, 0
0.02461806, 0, 0
0.02461865, 0, 1
0.02462140, 0, 0
0.02462200, 1, 0
0.02462474, 0, 0
0.02462533, 0, 1
0.02462808, 0, 0
0.02462868, 1, 0
0.02463142, 0, 0
0.02463201, 0, 1
0.02463476, 0, 0
0.02463536, 1, 0
0.02463810, 0, 0
0.02463869, 0, 1
0.02464144, 0, 0
0.02464204, 1, 0
0.02464478, 0, 0
0.02464537, 0, 1
0.02464812, 0, 0
0.02464872, 1, 0
0.02465146, 0, 0
0.02465205, 0, 1
0.02465480, 0, 0
0.02465540, 1, 0
0.02465814, 0, 0
0.02465873, 0, 1
0.02466148, 0, 0
0.02466208, 1, 0
0.02466482, 0, 0
0.02466541, 0, 1
0.02466816, 0, 0
0.02466876, 1, 0
0.02467150, 0, 0
0.02467209, 0, 1
0.02467484, 0, 0
0.02467544, 1, 0
0.02467817, 0, 0
0.02467877, 0, 1
0.02468152, 0, 0
0.02468212, 1, 0
0.02468485, 0, 0
0.02468545, 0, 1
0.02468820, 0, 0
0.02468880, 1, 0
0.02469153, 0, 0
0.02469213, 0, 1
0.02469488, 0, 0
0.02469548, 1, 0
0.02469821, 0, 0
0.02469881, 0, 1
0.02470156, 0, 0
0.02470216, 1, 0
0.02470489, 0, 0
0.02470549, 0, 1
0.02470824, 0, 0
0.02470884, 1, 0
0.02471157, 0, 0
0.02471217, 0, 1
0.02471492, 0, 0
0.02471552, 1, 0
0.02471825, 0, 0
0.02471885, 0, 1
0.02472160, 0, 0
0.02472220, 1, 0
0.02472493, 0, 0
0.02472553, 0, 1
0.02472828, 0, 0
0.02472888, 1, 0
0.02473161, 0, 0
0.02473221, 0, 1
0.02473496, 0, 0
0.02473556, 1, 0
0.02473829, 0, 0
0.02473889, 0, 1
0.02474164, 0, 0
0.02474224, 1, 0
0.02474497, 0, 0
0.02474557, 0, 1
0.02474832, 0, 0
0.02474892, 1, 0
0.02475165, 0, 0
0.02475225, 0, 1
0.02475500, 0, 0
0.02475559, 1, 0
0.02475833, 0, 0
0.02475893, 0, 1
0.02476167, 0, 0
0.02476227, 1, 0
0.02476501, 0, 0
0.02476561, 0, 1
0.02476835, 0, 0
0.02476895, 1, 0
0.02477169, 0, 0
0.02477229, 0, 1
0.02477503, 0, 0
0.02477563, 1, 0
0.02477837, 0, 0
0.02477896, 0, 1
0.02478171, 0, 0
0.02478231, 1, 0
0.02478505, 0, 0
0.02478564, 0, 1
0.02478839, 0, 0
0.02478899, 1, 0
0.02479173, 0, 0
0.02479232, 0, 1
0.02479507, 0, 0
0.02479567, 1, 0
0.02479841, 0, 0
0.02479900, 0, 1
0.02480175, 0, 0
0.02480235, 1, 0
0.02480509, 0, 0
0.02480568, 0, 1
0.02480843, 0, 0
0.02480903, 1, 0
0.02481177, 0, 0
0.02481236, 0, 1
0.02481511, 0, 0
0.02481571, 1, 0
0.02481845, 0, 0
0.02481904, 0, 1
0.02482179, 0, 0
0.02482239, 1, 0
0.02482513, 0, 0
0.02482572, 0, 1
0.02482847, 0, 0
0.02482907, 1, 0
0.02483181, 0, 0
0.02483240, 0, 1
0.02483515, 0, 0
0.02483575, 1, 0
0.02483849, 0, 0
0.02483908, 0, 1
0.02484183, 0, 0
0.02484243, 1, 0
0.02484517, 0, 0
0.02484576, 0, 1
0.02484851, 0, 0
0.02484911, 1, 0
0.02485184, 0, 0
0.02485244, 0, 1
0.02485519, 0, 0
0.02485579, 1, 0
0.02485852, 0, 0
0.02485912, 0, 1
0.02486187, 0, 0
0.02486247, 1, 0
0.02486520, 0, 0
0.02486580, 0, 1
0.02486855, 0, 0
0.02486915, 1, 0
0.02487188, 0, 0
0.02487248, 0, 1
0.02487523, 0, 0
0.02487583, 1, 0
0.02487856, 0, 0
0.02487916, 0, 1
0.02488191, 0, 0
0.02488251, 1, 0
0.02488524, 0, 0
0.02488584, 0, 1
0.02488859, 0, 0
0.02488919, 1, 0
0.02489192, 0, 0
0.02489252, 0, 1
0.02489527, 0, 0
0.02489587, 1, 0
0.02489860, 0, 0
0.02489920, 0, 1
0.02490195, 0, 0
0.02490255, 1, 0
0.02490528, 0, 0
0.02490588, 0, 1
0.02490863, 0, 0
0.02490923, 1, 0
0.02491196, 0, 0
0.02491256, 0, 1
0.02491531, 0, 0
0.02491591, 1, 0
0.02491864, 0, 0
0.02491924, 0, 1
0.02492199, 0, 0
0.02492258, 1, 0
0.02492532, 0, 0
0.02492592, 0, 1
0.02492867, 0, 0
0.02492926, 1, 0
0.02493200, 0, 0
0.02493260, 0, 1
0.02493534, 0, 0
0.02493594, 1, 0
0.02493868, 0, 0
0.02493928, 0, 1
0.02494202, 0, 0
0.02494262, 1, 0
0.02494536, 0, 0
0.02494596, 0, 1
0.02494870, 0, 0
0.02494930, 1, 0
0.02495204, 0, 0
0.02495264, 0, 1
0.02495538, 0, 0
0.02495598, 1, 0
0.02495872, 0, 0
0.02495931, 0, 1
0.02496206, 0, 0
0.02496266, 1, 0
0.02496540, 0, 0
0.02496599, 0, 1
0.02496874, 0, 0
0.02496934, 1, 0
0.02497208, 0, 0
0.02497267, 0, 1
0.02497542, 0, 0
0.02497602, 1, 0
0.02497876, 0, 0
0.02497935, 0, 1
0.02498210, 0, 0
0.02498270, 1, 0
0.02498544, 0, 0
0.02498603, 0, 1
0.02498878, 0, 0
0.02498938, 1, 0
0.02499212, 0, 0
0.02499271, 0, 1
0.02499546, 0, 0
0.02499606, 1, 0
0.02499880, 0, 0
0.02499939, 0, 1
0.02500214, 0, 0
0.02500274, 1, 0
0.02500548, 0, 0
0.02500607, 0, 1
0.02500882, 0, 0
0.02500942, 1, 0
0.02501216, 0, 0
0.02501275, 0, 1
0.02501550, 0, 0
0.02501610, 1, 0
0.02501883, 0, 0
0.02501943, 0, 1
0.02502218, 0, 0
0.02502278, 1, 0
0.02502551, 0, 0
0.02502611, 0, 1
0.02502886, 0, 0
0.02502946, 1, 0
0.02503219, 0, 0
0.02503279, 0, 1
0.02503554, 0, 0
0.02503614, 1, 0
0.02503887, 0, 0
0.02503947, 0, 1
0.02504222, 0, 0
0.02504282, 1, 0
0.02504555, 0, 0
0.02504615, 0, 1
0.02504890, 0, 0
0.02504950, 1, 0
0.02505223, 0, 0
0.02505283, 0, 1
0.02505558, 0, 0
0.02505618, 1, 0
0.02505891, 0, 0
0.02505951, 0, 1
0.02506226, 0, 0
0.02506286, 1, 0
0.02506559, 0, 0
0.02506619, 0, 1
0.02506894, 0, 0
0.02506954, 1, 0
0.02507227, 0, 0
0.02507287, 0, 1
0.02507562, 0, 0
0.02507622, 1, 0
0.02507895, 0, 0
0.02507955, 0, 1
0.02508230, 0, 0
0.02508290, 1, 0
0.02508563, 0, 0
0.02508623, 0, 1
0.02508898, 0, 0
0.02508957, 1, 0
0.02509231, 0, 0
0.02509291, 0, 1
0.02509566, 0, 0
0.02509625, 1, 0
0.02509899, 0, 0
0.02509959, 0, 1
0.02510234, 0, 0
0.02510293, 1, 0
0.02510567, 0, 0
0.02510627, 0, 1
0.02510902, 0, 0
0.02510961, 1, 0
0.02511235, 0, 0
0.02511295, 0, 1
0.02511570, 0, 0
0.02511629, 1, 0
0.02511903, 0, 0
0.02511963, 0, 1
0.02512237, 0, 0
0.02512297, 1, 0
0.02512571, 0, 0
0.02512631, 0, 1
0.02512905, 0, 0
0.02512965, 1, 0
0.02513239, 0, 0
0.02513298, 0, 1
0.02513573, 0, 0
0.02513633, 1, 0
0.02513907, 0, 0
0.02513966, 0, 1
0.02514241, 0, 0
0.02514301, 1, 0
0.02514575, 0, 0
0.02514634, 0, 1
0.02514909, 0, 0
0.02514969, 1, 0
0.02515243, 0, 0
0.02515302, 0, 1
0.02515577, 0, 0
0.02515637, 1, 0
0.02515911, 0, 0
0.02515970, 0, 1
0.02516245, 0, 0
0.02516305, 1, 0
0.02516579, 0, 0
0.02516638, 0, 1
0.02516913, 0, 0
0.02516973, 1, 0
0.02517247, 0, 0
0.02517306, 0, 1
0.02517581, 0, 0
0.02517641, 1, 0
0.02517915, 0, 0
0.02517974, 0, 1
0.02518249, 0, 0
0.02518309, 1, 0
0.02518583, 0, 0
0.02518642, 0, 1
0.02518917, 0, 0
0.02518977, 1, 0
0.02519250, 0, 0
0.02519310, 0, 1
0.02519585, 0, 0
0.02519645, 1, 0
0.02519918, 0, 0
0.02519978, 0, 1
0.02520253, 0, 0
0.02520313, 1, 0
0.02520586, 0, 0
0.02520646, 0, 1
0.02520921, 0, 0
0.02520981, 1, 0
0.02521254, 0, 0
0.02521314, 0, 1
0.02521589, 0, 0
0.02521649, 1, 0
0.02521922, 0, 0
0.02521982, 0, 1
0.02522257, 0, 0
0.02522317, 1, 0
0.02522590, 0, 0
0.02522650, 0, 1
0.02522925, 0, 0
0.02522985, 1, 0
0.02523258, 0, 0
0.02523318, 0, 1
0.02523593, 0, 0
0.02523653, 1, 0
0.02523926, 0, 0
0.02523986, 0, 1
0.02524261, 0, 0
0.02524321, 1, 0
0.02524594, 0, 0
0.02524654, 0, 1
0.02524929, 0, 0
0.02524989, 1, 0
0.02525262, 0, 0
0.02525322, 0, 1
0.02525597, 0, 0
0.02525657, 1, 0
0.02525930, 0, 0
0.02525990, 0, 1
0.02526265, 0, 0
0.02526325, 1, 0
0.02526598, 0, 0
0.02526658, 0, 1
0.02526933, 0, 0
0.02526992, 1, 0
0.02527266, 0, 0
0.02527326, 0, 1
0.02527601, 0, 0
0.02527660, 1, 0
0.02527934, 0, 0
0.02527994, 0, 1
0.02528268, 0, 0
0.02528328, 1, 0
0.02528602, 0, 0
0.02528662, 0, 1
0.02528936, 0, 0
0.02528996, 1, 0
0.02529270, 0, 0
0.02529329, 0, 1
0.02529604, 0, 0
0.02529664, 1, 0
0.02529938, 0, 0
0.02529997, 0, 1
0.02530272, 0, 0
0.02530332, 1, 0
0.02530606, 0, 0
0.02530665, 0, 1
0.02530940, 0, 0
0.02531000, 1, 0
0.02531274, 0, 0
0.02531333, 0, 1
0.02531608, 0, 0
0.02531668, 1, 0
0.02531942, 0, 0
0.02532001, 0, 1
0.02532276, 0, 0
0.02532336, 1, 0
0.02532610, 0, 0
0.02532669, 0, 1
0.02532944, 0, 0
0.02533004, 1, 0
0.02533278, 0, 0
0.02533337, 0, 1
0.02533612, 0, 0
0.02533672, 1, 0
0.02533946, 0, 0
0.02534005, 0, 1
0.02534280, 0, 0
0.02534340, 1, 0
0.02534614, 0, 0
0.02534673, 0, 1
0.02534948, 0, 0
0.02535008, 1, 0
0.02535282, 0, 0
0.02535341, 0, 1
0.02535616, 0, 0
0.02535676, 1, 0
0.02535949, 0, 0
0.02536009, 0, 1
0.02536284, 0, 0
0.02536344, 1, 0
0.02536617, 0, 0
0.02536677, 0, 1
0.02536952, 0, 0
0.02537012, 1, 0
0.02537285, 0, 0
0.02537345, 0, 1
0.02537620, 0, 0
0.02537680, 1, 0
0.02537953, 0, 0
0.02538013, 0, 1
0.02538288, 0, 0
0.02538348, 1, 0
0.02538621, 0, 0
0.02538681, 0, 1
0.02538956, 0, 0
0.02539016, 1, 0
0.02539289, 0, 0
0.02539349, 0, 1
0.02539624, 0, 0
0.02539684, 1, 0
0.02539957, 0, 0
0.02540017, 0, 1
0.02540292, 0, 0
0.02540352, 1, 0
0.02540625, 0, 0
0.02540685, 0, 1
0.02540960, 0, 0
0.02541020, 1, 0
0.02541293, 0, 0
0.02541353, 0, 1
0.02541628, 0, 0
0.02541688, 1, 0
0.02541961, 0, 0
0.02542021, 0, 1
0.02542296, 0, 0
0.02542356, 1, 0
0.02542629, 0, 0
0.02542689, 0, 1
0.02542964, 0, 0
0.02543023, 1, 0
0.02543297, 0, 0
0.02543357, 0, 1
0.02543632, 0, 0
0.02543691, 1, 0
0.02543965, 0, 0
0.02544025, 0, 1
0.02544300, 0, 0
0.02544359, 1, 0
0.02544633, 0, 0
0.02544693, 0, 1
0.02544968, 0, 0
0.02545027, 1, 0
0.02545301, 0, 0
0.02545361, 0, 1
0.02545636, 0, 0
0.02545695, 1, 0
0.02545969, 0, 0
0.02546029, 0, 1
0.02546303, 0, 0
0.02546363, 1, 0
0.02546637, 0, 0
0.02546696, 0, 1
0.02546971, 0, 0
0.02547031, 1, 0
0.02547305, 0, 0
0.02547364, 0, 1
0.02547639, 0, 0
0.02547699, 1, 0
0.02547973, 0, 0
0.02548032, 0, 1
0.02548307, 0, 0
0.02548367, 1, 0
0.02548641, 0, 0
0.02548700, 0, 1
0.02548975, 0, 0
0.02549035, 1, 0
0.02549309, 0, 0
0.02549368, 0, 1
0.02549643, 0, 0
0.02549703, 1, 0
0.02549977, 0, 0
0.02550036, 0, 1
0.02550311, 0, 0
0.02550371, 1, 0
0.02550645, 0, 0
0.02550704, 0, 1
0.02550979, 0, 0
0.02551039, 1, 0
0.02551313, 0, 0
0.02551372, 0, 1
0.02551647, 0, 0
0.02551707, 1, 0
0.02551981, 0, 0
0.02552040, 0, 1
0.02552315, 0, 0
0.02552375, 1, 0
0.02552648, 0, 0
0.02552708, 0, 1
0.02552983, 0, 0
0.02553043, 1, 0
0.02553316, 0, 0
0.02553376, 0, 1
0.02553651, 0, 0
0.02553711, 1, 0
0.02553984, 0, 0
0.02554044, 0, 1
0.02554319, 0, 0
0.02554379, 1, 0
0.02554652, 0, 0
0.02554712, 0, 1
0.02554987, 0, 0
0.02555047, 1, 0
0.02555320, 0, 0
0.02555380, 0, 1
0.02555655, 0, 0
0.02555715, 1, 0
0.02555988, 0, 0
0.02556048, 0, 1
0.02556323, 0, 0
0.02556383, 1, 0
0.02556656, 0, 0
0.02556716, 0, 1
0.02556991, 0, 0
0.02557051, 1, 0
0.02557324, 0, 0
0.02557384, 0, 1
0.02557659, 0, 0
0.02557719, 1, 0
0.02557992, 0, 0
0.02558052, 0, 1
0.02558327, 0, 0
0.02558387, 1, 0
0.02558660, 0, 0
0.02558720, 0, 1
0.02558995, 0, 0
0.02559055, 1, 0
0.02559328, 0, 0
0.02559388, 0, 1
0.02559663, 0, 0
0.02559723, 1, 0
0.02559996, 0, 0
0.02560056, 0, 1
0.02560331, 0, 0
0.02560390, 1, 0
0.02560664, 0, 0
0.02560724, 0, 1
0.02560999, 0, 0
0.02561058, 1, 0
0.02561332, 0, 0
0.02561392, 0, 1
0.02561667, 0, 0
0.02561726, 1, 0
0.02562000, 0, 0
0.02562060, 0, 1
0.02562335, 0, 0
0.02562394, 1, 0
0.02562668, 0, 0
0.02562728, 0, 1
0.02563003, 0, 0
0.02563062, 1, 0
0.02563336, 0, 0
0.02563396, 0, 1
0.02563670, 0, 0
0.02563730, 1, 0
0.02564004, 0, 0
0.02564063, 0, 1
0.02564338, 0, 0
0.02564398, 1, 0
0.02564672, 0, 0
0.02564731, 0, 1
0.02565006, 0, 0
0.02565066, 1, 0
0.02565340, 0, 0
0.02565399, 0, 1
0.02565674, 0, 0
0.02565734, 1, 0
0.02566008, 0, 0
0.02566067, 0, 1
0.02566342, 0, 0
0.02566402, 1, 0
0.02566676, 0, 0
0.02566735, 0, 1
0.02567010, 0, 0
0.02567070, 1, 0
0.02567344, 0, 0
0.02567403, 0, 1
0.02567678, 0, 0
0.02567738, 1, 0
0.02568012, 0, 0
0.02568071, 0, 1
0.02568346, 0, 0
0.02568406, 1, 0
0.02568680, 0, 0
0.02568739, 0, 1
0.02569014, 0, 0
0.02569074, 1, 0
0.02569348, 0, 0
0.02569407, 0, 1
0.02569682, 0, 0
0.02569742, 1, 0
0.02570015, 0, 0
0.02570075, 0, 1
0.02570350, 0, 0
0.02570410, 1, 0
0.02570683, 0, 0
0.02570743, 0, 1
0.02571018, 0, 0
0.02571078, 1, 0
0.02571351, 0, 0
0.02571411, 0, 1
0.02571686, 0, 0
0.02571746, 1, 0
0.02572019, 0, 0
0.02572079, 0, 1
0.02572354, 0, 0
0.02572414, 1, 0
0.02572687, 0, 0
0.02572747, 0, 1
0.02573022, 0, 0
0.02573082, 1, 0
0.02573355, 0, 0
0.02573415, 0, 1
0.02573690, 0, 0
0.02573750, 1, 0
0.02574023, 0, 0
0.02574083, 0, 1
0.02574358, 0, 0
0.02574418, 1, 0
0.02574691, 0, 0
0.02574751, 0, 1
0.02575026, 0, 0
0.02575086, 1, 0
0.02575359, 0, 0
0.02575419, 0, 1
0.02575694, 0, 0
0.02575754, 1, 0
0.02576027, 0, 0
0.02576087, 0, 1
0.02576362, 0, 0
0.02576422, 1, 0
0.02576695, 0, 0
0.02576755, 0, 1
0.02577030, 0, 0
0.02577090, 1, 0
0.02577363, 0, 0
0.02577423, 0, 1
0.02577698, 0, 0
0.02577757, 1, 0
0.02578031, 0, 0
0.02578091, 0, 1
0.02578366, 0, 0
0.02578425, 1, 0
0.02578699, 0, 0
0.02578759, 0, 1
0.02579033, 0, 0
0.02579093, 1, 0
0.02579367, 0, 0
0.02579427, 0, 1
0.02579702, 0, 0
0.02579761, 1, 0
0.02580035, 0, 0
0.02580095, 0, 1
0.02580369, 0, 0
0.02580429, 1, 0
0.02580703, 0, 0
0.02580762, 0, 1
0.02581037, 0, 0
0.02581097, 1, 0
0.02581371, 0, 0
0.02581430, 0, 1
0.02581705, 0, 0
0.02581765, 1, 0
0.02582039, 0, 0
0.02582098, 0, 1
0.02582373, 0, 0
0.02582433, 1, 0
0.02582707, 0, 0
0.02582766, 0, 1
0.02583041, 0, 0
0.02583101, 1, 0
0.02583375, 0, 0
0.02583434, 0, 1
0.02583709, 0, 0
0.02583769, 1, 0
0.02584043, 0, 0
0.02584102, 0, 1
0.02584377, 0, 0
0.02584437, 1, 0
0.02584711, 0, 0
0.02584770, 0, 1
0.02585045, 0, 0
0.02585105, 1, 0
0.02585379, 0, 0
0.02585438, 0, 1
0.02585713, 0, 0
0.02585773, 1, 0
0.02586047, 0, 0
0.02586106, 0, 1
0.02586381, 0, 0
0.02586441, 1, 0
0.02586715, 0, 0
0.02586774, 0, 1
0.02587049, 0, 0
0.02587109, 1, 0
0.02587383, 0, 0
0.02587442, 0, 1
0.02587717, 0, 0
0.02587777, 1, 0
0.02588050, 0, 0
0.02588110, 0, 1
0.02588385, 0, 0
0.02588445, 1, 0
0.02588718, 0, 0
0.02588778, 0, 1
0.02589053, 0, 0
0.02589113, 1, 0
0.02589386, 0, 0
0.02589446, 0, 1
0.02589721, 0, 0
0.02589781, 1, 0
0.02590054, 0, 0
0.02590114, 0, 1
0.02590389, 0, 0
0.02590449, 1, 0
0.02590722, 0, 0
0.02590782, 0, 1
0.02591057, 0, 0
0.02591117, 1, 0
0.02591390, 0, 0
0.02591450, 0, 1
0.02591725, 0, 0
0.02591785, 1, 0
0.02592058, 0, 0
0.02592118, 0, 1
0.02592393, 0, 0
0.02592453, 1, 0
0.02592726, 0, 0
0.02592786, 0, 1
0.02593061, 0, 0
0.02593121, 1, 0
0.02593394, 0, 0
0.02593454, 0, 1
0.02593729, 0, 0
0.02593789, 1, 0
0.02594062, 0, 0
0.02594122, 0, 1
0.02594397, 0, 0
0.02594457, 1, 0
0.02594730, 0, 0
0.02594790, 0, 1
0.02595065, 0, 0
0.02595124, 1, 0
0.02595398, 0, 0
0.02595458, 0, 1
0.02595733, 0, 0
0.02595792, 1, 0
0.02596066, 0, 0
0.02596126, 0, 1
0.02596401, 0, 0
0.02596460, 1, 0
0.02596734, 0, 0
0.02596794, 0, 1
0.02597068, 0, 0
0.02597128, 1, 0
0.02597402, 0, 0
0.02597462, 0, 1
0.02597736, 0, 0
0.02597796, 1, 0
0.02598070, 0, 0
0.02598129, 0, 1
0.02598404, 0, 0
0.02598464, 1, 0
0.02598738, 0, 0
0.02598797, 0, 1
0.02599072, 0, 0
0.02599132, 1, 0
0.02599406, 0, 0
0.02599465, 0, 1
0.02599740, 0, 0
0.02599800, 1, 0
0.02600074, 0, 0
0.02600133, 0, 1
0.02600408, 0, 0
0.02600468, 1, 0
0.02600742, 0, 0
0.02600801, 0, 1
0.02601076, 0, 0
0.02601136, 1, 0
0.02601410, 0, 0
0.02601469, 0, 1
0.02601744, 0, 0
0.02601804, 1, 0
0.02602078, 0, 0
0.02602137, 0, 1
0.02602412, 0, 0
0.02602472, 1, 0
0.02602746, 0, 0
0.02602805, 0, 1
0.02603080, 0, 0
0.02603140, 1, 0
0.02603413, 0, 0
0.02603473, 0, 1
0.02603748, 0, 0
0.02603808, 1, 0
0.02604082, 0, 0
0.02604141, 0, 1
0.02604416, 0, 0
0.02604476, 1, 0
0.02604749, 0, 0
0.02604809, 0, 1
0.02605084, 0, 0
0.02605144, 1, 0
0.02605417, 0, 0
0.02605477, 0, 1
0.02605752, 0, 0
0.02605812, 1, 0
0.02606085, 0, 0
0.02606145, 0, 1
0.02606420, 0, 0
0.02606480, 1, 0
0.02606753, 0, 0
0.02606813, 0, 1
0.02607088, 0, 0
0.02607148, 1, 0
0.02607421, 0, 0
0.02607481, 0, 1
0.02607756, 0, 0
0.02607816, 1, 0
0.02608089, 0, 0
0.02608149, 0, 1
0.02608424, 0, 0
0.02608484, 1, 0
0.02608757, 0, 0
0.02608817, 0, 1
0.02609092, 0, 0
0.02609152, 1, 0
0.02609425, 0, 0
0.02609485, 0, 1
0.02609760, 0, 0
0.02609820, 1, 0
0.02610093, 0, 0
0.02610153, 0, 1
0.02610428, 0, 0
0.02610488, 1, 0
0.02610761, 0, 0
0.02610821, 0, 1
0.02611096, 0, 0
0.02611156, 1, 0
0.02611429, 0, 0
0.02611489, 0, 1
0.02611764, 0, 0
0.02611824, 1, 0
0.02612097, 0, 0
0.02612157, 0, 1
0.02612432, 0, 0
0.02612492, 1, 0
0.02612765, 0, 0
0.02612825, 0, 1
0.02613100, 0, 0
0.02613159, 1, 0
0.02613433, 0, 0
0.02613493, 0, 1
0.02613767, 0, 0
0.02613827, 1, 0
0.02614101, 0, 0
0.02614161, 0, 1
0.02614435, 0, 0
0.02614495, 1, 0
0.02614769, 0, 0
0.02614828, 0, 1
0.02615103, 0, 0
0.02615163, 1, 0
0.02615437, 0, 0
0.02615496, 0, 1
0.02615771, 0, 0
0.02615831, 1, 0
0.02616105, 0, 0
0.02616164, 0, 1
0.02616439, 0, 0
0.02616499, 1, 0
0.02616773, 0, 0
0.02616832, 0, 1
0.02617107, 0, 0
0.02617167, 1, 0
0.02617441, 0, 0
0.02617500, 0, 1
0.02617775, 0, 0
0.02617835, 1, 0
0.02618109, 0, 0
0.02618168, 0, 1
0.02618443, 0, 0
0.02618503, 1, 0
0.02618777, 0, 0
0.02618836, 0, 1
0.02619111, 0, 0
0.02619171, 1, 0
0.02619445, 0, 0
0.02619504, 0, 1
0.02619779, 0, 0
0.02619839, 1, 0
0.02620113, 0, 0
0.02620172, 0, 1
0.02620447, 0, 0
0.02620507, 1, 0
0.02620781, 0, 0
0.02620840, 0, 1
0.02621115, 0, 0
0.02621175, 1, 0
0.02621448, 0, 0
0.02621508, 0, 1
0.02621783, 0, 0
0.02621843, 1, 0
0.02622116, 0, 0
0.02622176, 0, 1
0.02622451, 0, 0
0.02622511, 1, 0
0.02622784, 0, 0
0.02622844, 0, 1
0.02623119, 0, 0
0.02623179, 1, 0
0.02623452, 0, 0
0.02623512, 0, 1
0.02623787, 0, 0
0.02623847, 1, 0
0.02624120, 0, 0
0.02624180, 0, 1
0.02624455, 0, 0
0.02624515, 1, 0
0.02624788, 0, 0
0.02624848, 0, 1
0.02625123, 0, 0
0.02625183, 1, 0
0.02625456, 0, 0
0.02625516, 0, 1
0.02625791, 0, 0
0.02625851, 1, 0
0.02626124, 0, 0
0.02626184, 0, 1
0.02626459, 0, 0
0.02626519, 1, 0
0.02626792, 0, 0
0.02626852, 0, 1
0.02627127, 0, 0
0.02627187, 1, 0
0.02627460, 0, 0
0.02627520, 0, 1
0.02627795, 0, 0
0.02627855, 1, 0
0.02628128, 0, 0
0.02628188, 0, 1
0.02628463, 0, 0
0.02628523, 1, 0
0.02628796, 0, 0
0.02628856, 0, 1
0.02629131, 0, 0
0.02629190, 1, 0
0.02629464, 0, 0
0.02629524, 0, 1
0.02629799, 0, 0
0.02629858, 1, 0
0.02630132, 0, 0
0.02630192, 0, 1
0.02630467, 0, 0
0.02630526, 1, 0
0.02630800, 0, 0
0.02630860, 0, 1
0.02631134, 0, 0
0.02631194, 1, 0
0.02631468, 0, 0
0.02631528, 0, 1
0.02631802, 0, 0
0.02631862, 1, 0
0.02632136, 0, 0
0.02632196, 0, 1
0.02632470, 0, 0
0.02632530, 1, 0
0.02632804, 0, 0
0.02632863, 0, 1
0.02633138, 0, 0
0.02633198, 1, 0
0.02633472, 0, 0
0.02633531, 0, 1
0.02633806, 0, 0
0.02633866, 1, 0
0.02634140, 0, 0
0.02634199, 0, 1
0.02634474, 0, 0
0.02634534, 1, 0
0.02634808, 0, 0
0.02634867, 0, 1
0.02635142, 0, 0
0.02635202, 1, 0
0.02635476, 0, 0
0.02635535, 0, 1
0.02635810, 0, 0
0.02635870, 1, 0
0.02636144, 0, 0
0.02636203, 0, 1
0.02636478, 0, 0
0.02636538, 1, 0
0.02636812, 0, 0
0.02636871, 0, 1
0.02637146, 0, 0
0.02637206, 1, 0
0.02637480, 0, 0
0.02637539, 0, 1
0.02637814, 0, 0
0.02637874, 1, 0
0.02638147, 0, 0
0.02638207, 0, 1
0.02638482, 0, 0
0.02638542, 1, 0
0.02638815, 0, 0
0.02638875, 0, 1
0.02639150, 0, 0
0.02639210, 1, 0
0.02639483, 0, 0
0.02639543, 0, 1
0.02639818, 0, 0
0.02639878, 1, 0
0.02640151, 0, 0
0.02640211, 0, 1
0.02640486, 0, 0
0.02640546, 1, 0
0.02640819, 0, 0
0.02640879, 0, 1
0.02641154, 0, 0
0.02641214, 1, 0
0.02641487, 0, 0
0.02641547, 0, 1
0.02641822, 0, 0
0.02641882, 1, 0
0.02642155, 0, 0
0.02642215, 0, 1
0.02642490, 0, 0
0.02642550, 1, 0
0.02642823, 0, 0
0.02642883, 0, 1
0.02643158, 0, 0
0.02643218, 1, 0
0.02643491, 0, 0
0.02643551, 0, 1
0.02643826, 0, 0
0.02643886, 1, 0
0.02644159, 0, 0
0.02644219, 0, 1
0.02644494, 0, 0
0.02644554, 1, 0
0.02644827, 0, 0
0.02644887, 0, 1
0.02645162, 0, 0
0.02645222, 1, 0
0.02645495, 0, 0
0.02645555, 0, 1
0.02645830, 0, 0
0.02645890, 1, 0
0.02646163, 0, 0
0.02646223, 0, 1
0.02646498, 0, 0
0.02646558, 1, 0
0.02646831, 0, 0
0.02646891, 0, 1
0.02647166, 0, 0
0.02647225, 1, 0
0.02647499, 0, 0
0.02647559, 0, 1
0.02647833, 0, 0
0.02647893, 1, 0
0.02648167, 0, 0
0.02648227, 0, 1
0.02648501, 0, 0
0.02648561, 1, 0
0.02648835, 0, 0
0.02648895, 0, 1
0.02649169, 0, 0
0.02649229, 1, 0
0.02649503, 0, 0
0.02649562, 0, 1
0.02649837, 0, 0
0.02649897, 1, 0
0.02650171, 0, 0
0.02650230, 0, 1
0.02650505, 0, 0
0.02650565, 1, 0
0.02650839, 0, 0
0.02650898, 0, 1
0.02651173, 0, 0
0.02651233, 1, 0
0.02651507, 0, 0
0.02651566, 0, 1
0.02651841, 0, 0
0.02651901, 1, 0
0.02652175, 0, 0
0.02652234, 0, 1
0.02652509, 0, 0
0.02652569, 1, 0
0.02652843, 0, 0
0.02652902, 0, 1
0.02653177, 0, 0
0.02653237, 1, 0
0.02653511, 0, 0
0.02653570, 0, 1
0.02653845, 0, 0
0.02653905, 1, 0
0.02654179, 0, 0
0.02654238, 0, 1
0.02654513, 0, 0
0.02654573, 1, 0
0.02654847, 0, 0
0.02654906, 0, 1
0.02655181, 0, 0
0.02655241, 1, 0
0.02655514, 0, 0
0.02655574, 0, 1
0.02655849, 0, 0
0.02655909, 1, 0
0.02656182, 0, 0
0.02656242, 0, 1
0.02656517, 0, 0
0.02656577, 1, 0
0.02656850, 0, 0
0.02656910, 0, 1
0.02657185, 0, 0
0.02657245, 1, 0
0.02657518, 0, 0
0.02657578, 0, 1
0.02657853, 0, 0
0.02657913, 1, 0
0.02658186, 0, 0
0.02658246, 0, 1
0.02658521, 0, 0
0.02658581, 1, 0
0.02658854, 0, 0
0.02658914, 0, 1
0.02659189, 0, 0
0.02659249, 1, 0
0.02659522, 0, 0
0.02659582, 0, 1
0.02659857, 0, 0
0.02659917, 1, 0
0.02660190, 0, 0
0.02660250, 0, 1
0.02660525, 0, 0
0.02660585, 1, 0
0.02660858, 0, 0
0.02660918, 0, 1
0.02661193, 0, 0
0.02661253, 1, 0
0.02661526, 0, 0
0.02661586, 0, 1
0.02661861, 0, 0
0.02661921, 1, 0
0.02662194, 0, 0
0.02662254, 0, 1
0.02662529, 0, 0
0.02662589, 1, 0
0.02662862, 0, 0
0.02662922, 0, 1
0.02663197, 0, 0
0.02663256, 1, 0
0.02663530, 0, 0
0.02663590, 0, 1
0.02663865, 0, 0
0.02663924, 1, 0
0.02664198, 0, 0
0.02664258, 0, 1
0.02664533, 0, 0
0.02664592, 1, 0
0.02664866, 0, 0
0.02664926, 0, 1
0.02665201, 0, 0
0.02665260, 1, 0
0.02665534, 0, 0
0.02665594, 0, 1
0.02665868, 0, 0
0.02665928, 1, 0
0.02666202, 0, 0
0.02666261, 0, 1
0.02666536, 0, 0
0.02666596, 1, 0
0.02666870, 0, 0
0.02666929, 0, 1
0.02667204, 0, 0
0.02667264, 1, 0
0.02667538, 0, 0
0.02667597, 0, 1
0.02667872, 0, 0
0.02667932, 1, 0
0.02668206, 0, 0
0.02668265, 0, 1
0.02668540, 0, 0
0.02668600, 1, 0
0.02668874, 0, 0
0.02668933, 0, 1
0.02669208, 0, 0
0.02669268, 1, 0
0.02669542, 0, 0
0.02669601, 0, 1
0.02669876, 0, 0
0.02669936, 1, 0
0.02670210, 0, 0
0.02670269, 0, 1
0.02670544, 0, 0
0.02670604, 1, 0
0.02670878, 0, 0
0.02670937, 0, 1
0.02671212, 0, 0
0.02671272, 1, 0
0.02671546, 0, 0
0.02671605, 0, 1
0.02671880, 0, 0
0.02671940, 1, 0
0.02672214, 0, 0
0.02672273, 0, 1
0.02672548, 0, 0
0.02672608, 1, 0
0.02672881, 0, 0
0.02672941, 0, 1
0.02673216, 0, 0
0.02673276, 1, 0
0.02673549, 0, 0
0.02673609, 0, 1
0.02673884, 0, 0
0.02673944, 1, 0
0.02674217, 0, 0
0.02674277, 0, 1
0.02674552, 0, 0
0.02674612, 1, 0
0.02674885, 0, 0
0.02674945, 0, 1
0.02675220, 0, 0
0.02675280, 1, 0
0.02675553, 0, 0
0.02675613, 0, 1
0.02675888, 0, 0
0.02675948, 1, 0
0.02676221, 0, 0
0.02676281, 0, 1
0.02676556, 0, 0
0.02676616, 1, 0
0.02676889, 0, 0
0.02676949, 0, 1
0.02677224, 0, 0
0.02677284, 1, 0
0.02677557, 0, 0
0.02677617, 0, 1
0.02677892, 0, 0
0.02677952, 1, 0
0.02678225, 0, 0
0.02678285, 0, 1
0.02678560, 0, 0
0.02678620, 1, 0
0.02678893, 0, 0
0.02678953, 0, 1
0.02679228, 0, 0
0.02679288, 1, 0
0.02679561, 0, 0
0.02679621, 0, 1
0.02679896, 0, 0
0.02679955, 1, 0
0.02680229, 0, 0
0.02680289, 0, 1
0.02680564, 0, 0
0.02680623, 1, 0
0.02680897, 0, 0
0.02680957, 0, 1
0.02681232, 0, 0
0.02681291, 1, 0
0.02681565, 0, 0
0.02681625, 0, 1
0.02681900, 0, 0
0.02681959, 1, 0
0.02682233, 0, 0
0.02682293, 0, 1
0.02682567, 0, 0
0.02682627, 1, 0
0.02682901, 0, 0
0.02682960, 0, 1
0.02683235, 0, 0
0.02683295, 1, 0
0.02683569, 0, 0
0.02683628, 0, 1
0.02683903, 0, 0
0.02683963, 1, 0
0.02684237, 0, 0
0.02684296, 0, 1
0.02684571, 0, 0
0.02684631, 1, 0
0.02684905, 0, 0
0.02684964, 0, 1
0.02685239, 0, 0
0.02685299, 1, 0
0.02685573, 0, 0
0.02685632, 0, 1
0.02685907, 0, 0
0.02685967, 1, 0
0.02686241, 0, 0
0.02686300, 0, 1
0.02686575, 0, 0
0.02686635, 1, 0
0.02686909, 0, 0
0.02686968, 0, 1
0.02687243, 0, 0
0.02687303, 1, 0
0.02687577, 0, 0
0.02687636, 0, 1
0.02687911, 0, 0
0.02687971, 1, 0
0.02688245, 0, 0
0.02688304, 0, 1
0.02688579, 0, 0
0.02688639, 1, 0
0.02688912, 0, 0
0.02688972, 0, 1
0.02689247, 0, 0
0.02689307, 1, 0
0.02689581, 0, 0
0.02689640, 0, 1
0.02689915, 0, 0
0.02689975, 1, 0
0.02690248, 0, 0
0.02690308, 0, 1
0.02690583, 0, 0
0.02690643, 1, 0
0.02690916, 0, 0
0.02690976, 0, 1
0.02691251, 0, 0
0.02691311, 1, 0
0.02691584, 0, 0
0.02691644, 0, 1
0.02691919, 0, 0
0.02691979, 1, 0
0.02692252, 0, 0
0.02692312, 0, 1
0.02692587, 0, 0
0.02692647, 1, 0
0.02692920, 0, 0
0.02692980, 0, 1
0.02693255, 0, 0
0.02693315, 1, 0
0.02693588, 0, 0
0.02693648, 0, 1
0.02693923, 0, 0
0.02693983, 1, 0
0.02694256, 0, 0
0.02694316, 0, 1
0.02694591, 0, 0
0.02694651, 1, 0
0.02694924, 0, 0
0.02694984, 0, 1
0.02695259, 0, 0
0.02695319, 1, 0
0.02695592, 0, 0
0.02695652, 0, 1
0.02695927, 0, 0
0.02695987, 1, 0
0.02696260, 0, 0
0.02696320, 0, 1
0.02696595, 0, 0
0.02696655, 1, 0
0.02696928, 0, 0
0.02696988, 0, 1
0.02697263, 0, 0
0.02697323, 1, 0
0.02697596, 0, 0
0.02697656, 0, 1
0.02697931, 0, 0
0.02697991, 1, 0
0.02698264, 0, 0
0.02698324, 0, 1
0.02698598, 0, 0
0.02698658, 1, 0
0.02698932, 0, 0
0.02698992, 0, 1
0.02699266, 0, 0
0.02699326, 1, 0
0.02699600, 0, 0
0.02699660, 0, 1
0.02699934, 0, 0
0.02699994, 1, 0
0.02700268, 0, 0
0.02700328, 0, 1
0.02700602, 0, 0
0.02700662, 1, 0
0.02700936, 0, 0
0.02700995, 0, 1
0.02701270, 0, 0
0.02701330, 1, 0
0.02701604, 0, 0
0.02701663, 0, 1
0.02701938, 0, 0
0.02701998, 1, 0
0.02702272, 0, 0
0.02702331, 0, 1
0.02702606, 0, 0
0.02702666, 1, 0
0.02702940, 0, 0
0.02702999, 0, 1
0.02703274, 0, 0
0.02703334, 1, 0
0.02703608, 0, 0
0.02703667, 0, 1
0.02703942, 0, 0
0.02704002, 1, 0
0.02704276, 0, 0
0.02704335, 0, 1
0.02704610, 0, 0
0.02704670, 1, 0
0.02704944, 0, 0
0.02705003, 0, 1
0.02705278, 0, 0
0.02705338, 1, 0
0.02705612, 0, 0
0.02705671, 0, 1
0.02705946, 0, 0
0.02706006, 1, 0
0.02706280, 0, 0
0.02706339, 0, 1
0.02706614, 0, 0
0.02706674, 1, 0
0.02706947, 0, 0
0.02707007, 0, 1
0.02707282, 0, 0
0.02707342, 1, 0
0.02707615, 0, 0
0.02707675, 0, 1
0.02707950, 0, 0
0.02708010, 1, 0
0.02708283, 0, 0
0.02708343, 0, 1
0.02708618, 0, 0
0.02708678, 1, 0
0.02708951, 0, 0
0.02709011, 0, 1
0.02709286, 0, 0
0.02709346, 1, 0
0.02709619, 0, 0
0.02709679, 0, 1
0.02709954, 0, 0
0.02710014, 1, 0
0.02710287, 0, 0
0.02710347, 0, 1
0.02710622, 0, 0
0.02710682, 1, 0
0.02710955, 0, 0
0.02711015, 0, 1
0.02711290, 0, 0
0.02711350, 1, 0
0.02711623, 0, 0
0.02711683, 0, 1
0.02711958, 0, 0
0.02712018, 1, 0
0.02712291, 0, 0
0.02712351, 0, 1
0.02712626, 0, 0
0.02712686, 1, 0
0.02712959, 0, 0
0.02713019, 0, 1
0.02713294, 0, 0
0.02713354, 1, 0
0.02713627, 0, 0
0.02713687, 0, 1
0.02713962, 0, 0
0.02714022, 1, 0
0.02714295, 0, 0
0.02714355, 0, 1
0.02714630, 0, 0
0.02714690, 1, 0
0.02714963, 0, 0
0.02715023, 0, 1
0.02715298, 0, 0
0.02715357, 1, 0
0.02715631, 0, 0
0.02715691, 0, 1
0.02715966, 0, 0
0.02716025, 1, 0
0.02716299, 0, 0
0.02716359, 0, 1
0.02716633, 0, 0
0.02716693, 1, 0
0.02716967, 0, 0
0.02717027, 0, 1
0.02717301, 0, 0
0.02717361, 1, 0
0.02717635, 0, 0
0.02717694, 0, 1
0.02717969, 0, 0
0.02718029, 1, 0
0.02718303, 0, 0
0.02718362, 0, 1
0.02718637, 0, 0
0.02718697, 1, 0
0.02718971, 0, 0
0.02719030, 0, 1
0.02719305, 0, 0
0.02719365, 1, 0
0.02719639, 0, 0
0.02719698, 0, 1
0.02719973, 0, 0
0.02720033, 1, 0
0.02720307, 0, 0
0.02720366, 0, 1
0.02720641, 0, 0
0.02720701, 1, 0
0.02720975, 0, 0
0.02721034, 0, 1
0.02721309, 0, 0
0.02721369, 1, 0
0.02721643, 0, 0
0.02721702, 0, 1
0.02721977, 0, 0
0.02722037, 1, 0
0.02722311, 0, 0
0.02722370, 0, 1
0.02722645, 0, 0
0.02722705, 1, 0
0.02722979, 0, 0
0.02723038, 0, 1
0.02723313, 0, 0
0.02723373, 1, 0
0.02723647, 0, 0
0.02723706, 0, 1
0.02723981, 0, 0
0.02724041, 1, 0
0.02724314, 0, 0
0.02724374, 0, 1
0.02724649, 0, 0
0.02724709, 1, 0
0.02724982, 0, 0
0.02725042, 0, 1
0.02725317, 0, 0
0.02725377, 1, 0
0.02725650, 0, 0
0.02725710, 0, 1
0.02725985, 0, 0
0.02726045, 1, 0
0.02726318, 0, 0
0.02726378, 0, 1
0.02726653, 0, 0
0.02726713, 1, 0
0.02726986, 0, 0
0.02727046, 0, 1
0.02727321, 0, 0
0.02727381, 1, 0
0.02727654, 0, 0
0.02727714, 0, 1
0.02727989, 0, 0
0.02728049, 1, 0
0.02728322, 0, 0
0.02728382, 0, 1
0.02728657, 0, 0
0.02728717, 1, 0
0.02728990, 0, 0
0.02729050, 0, 1
0.02729325, 0, 0
0.02729385, 1, 0
0.02729658, 0, 0
0.02729718, 0, 1
0.02729993, 0, 0
0.02730053, 1, 0
0.02730326, 0, 0
0.02730386, 0, 1
0.02730661, 0, 0
0.02730721, 1, 0
0.02730994, 0, 0
0.02731054, 0, 1
0.02731329, 0, 0
0.02731389, 1, 0
0.02731662, 0, 0
0.02731722, 0, 1
0.02731997, 0, 0
0.02732056, 1, 0
0.02732330, 0, 0
0.02732390, 0, 1
0.02732665, 0, 0
0.02732724, 1, 0
0.02732998, 0, 0
0.02733058, 0, 1
0.02733332, 0, 0
0.02733392, 1, 0
0.02733666, 0, 0
0.02733726, 0, 1
0.02734000, 0, 0
0.02734060, 1, 0
0.02734334, 0, 0
0.02734393, 0, 1
0.02734668, 0, 0
0.02734728, 1, 0
0.02735002, 0, 0
0.02735061, 0, 1
0.02735336, 0, 0
0.02735396, 1, 0
0.02735670, 0, 0
0.02735729, 0, 1
0.02736004, 0, 0
0.02736064, 1, 0
0.02736338, 0, 0
0.02736397, 0, 1
0.02736672, 0, 0
0.02736732, 1, 0
0.02737006, 0, 0
0.02737065, 0, 1
0.02737340, 0, 0
0.02737400, 1, 0
0.02737674, 0, 0
0.02737733, 0, 1
0.02738008, 0, 0
0.02738068, 1, 0
0.02738342, 0, 0
0.02738401, 0, 1
0.02738676, 0, 0
0.02738736, 1, 0
0.02739010, 0, 0
0.02739069, 0, 1
0.02739344, 0, 0
0.02739404, 1, 0
0.02739678, 0, 0
0.02739737, 0, 1
0.02740012, 0, 0
0.02740072, 1, 0
0.02740346, 0, 0
0.02740405, 0, 1
0.02740680, 0, 0
0.02740740, 1, 0
0.02741013, 0, 0
0.02741073, 0, 1
0.02741348, 0, 0
0.02741408, 1, 0
0.02741681, 0, 0
0.02741741, 0, 1
0.02742016, 0, 0
0.02742076, 1, 0
0.02742349, 0, 0
0.02742409, 0, 1
0.02742684, 0, 0
0.02742744, 1, 0
0.02743017, 0, 0
0.02743077, 0, 1
0.02743352, 0, 0
0.02743412, 1, 0
0.02743685, 0, 0
0.02743745, 0, 1
0.02744020, 0, 0
0.02744080, 1, 0
0.02744353, 0, 0
0.02744413, 0, 1
0.02744688, 0, 0
0.02744748, 1, 0
0.02745021, 0, 0
0.02745081, 0, 1
0.02745356, 0, 0
0.02745416, 1, 0
0.02745689, 0, 0
0.02745749, 0, 1
0.02746024, 0, 0
0.02746084, 1, 0
0.02746357, 0, 0
0.02746417, 0, 1
0.02746692, 0, 0
0.02746752, 1, 0
0.02747025, 0, 0
0.02747085, 0, 1
0.02747360, 0, 0
0.02747420, 1, 0
0.02747693, 0, 0
0.02747753, 0, 1
0.02748028, 0, 0
0.02748088, 1, 0
0.02748361, 0, 0
0.02748421, 0, 1
0.02748696, 0, 0
0.02748756, 1, 0
0.02749029, 0, 0
0.02749089, 0, 1
0.02749364, 0, 0
0.02749423, 1, 0
0.02749697, 0, 0
0.02749757, 0, 1
0.02750032, 0, 0
0.02750091, 1, 0
0.02750365, 0, 0
0.02750425, 0, 1
0.02750699, 0, 0
0.02750759, 1, 0
0.02751033, 0, 0
0.02751093, 0, 1
0.02751367, 0, 0
0.02751427, 1, 0
0.02751701, 0, 0
0.02751760, 0, 1
0.02752035, 0, 0
0.02752095, 1, 0
0.02752369, 0, 0
0.02752428, 0, 1
0.02752703, 0, 0
0.02752763, 1, 0
0.02753037, 0, 0
0.02753096, 0, 1
0.02753371, 0, 0
0.02753431, 1, 0
0.02753705, 0, 0
0.02753764, 0, 1
0.02754039, 0, 0
0.02754099, 1, 0
0.02754373, 0, 0
0.02754432, 0, 1
0.02754707, 0, 0
0.02754767, 1, 0
0.02755041, 0, 0
0.02755100, 0, 1
0.02755375, 0, 0
0.02755435, 1, 0
0.02755709, 0, 0
0.02755768, 0, 1
0.02756043, 0, 0
0.02756103, 1, 0
0.02756377, 0, 0
0.02756436, 0, 1
0.02756711, 0, 0
0.02756771, 1, 0
0.02757045, 0, 0
0.02757104, 0, 1
0.02757379, 0, 0
0.02757439, 1, 0
0.02757713, 0, 0
0.02757772, 0, 1
0.02758047, 0, 0
0.02758107, 1, 0
0.02758381, 0, 0
0.02758440, 0, 1
0.02758715, 0, 0
0.02758775, 1, 0
0.02759048, 0, 0
0.02759108, 0, 1
0.02759383, 0, 0
0.02759443, 1, 0
0.02759716, 0, 0
0.02759776, 0, 1
0.02760051, 0, 0
0.02760111, 1, 0
0.02760384, 0, 0
0.02760444, 0, 1
0.02760719, 0, 0
0.02760779, 1, 0
0.02761052, 0, 0
0.02761112, 0, 1
0.02761387, 0, 0
0.02761447, 1, 0
0.02761720, 0, 0
0.02761780, 0, 1
0.02762055, 0, 0
0.02762115, 1, 0
0.02762388, 0, 0
0.02762448, 0, 1
0.02762723, 0, 0
0.02762783, 1, 0
0.02763056, 0, 0
0.02763116, 0, 1
0.02763391, 0, 0
0.02763451, 1, 0
0.02763724, 0, 0
0.02763784, 0, 1
0.02764059, 0, 0
0.02764119, 1, 0
0.02764392, 0, 0
0.02764452, 0, 1
0.02764727, 0, 0
0.02764787, 1, 0
0.02765060, 0, 0
0.02765120, 0, 1
0.02765395, 0, 0
0.02765455, 1, 0
0.02765728, 0, 0
0.02765788, 0, 1
0.02766063, 0, 0
0.02766122, 1, 0
0.02766396, 0, 0
0.02766456, 0, 1
0.02766731, 0, 0
0.02766790, 1, 0
0.02767064, 0, 0
0.02767124, 0, 1
0.02767398, 0, 0
0.02767458, 1, 0
0.02767732, 0, 0
0.02767791, 0, 1
0.02768066, 0, 0
0.02768126, 1, 0
0.02768400, 0, 0
0.02768459, 0, 1
0.02768734, 0, 0
0.02768794, 1, 0
0.02769068, 0, 0
0.02769127, 0, 1
0.02769402, 0, 0
0.02769462, 1, 0
0.02769736, 0, 0
0.02769795, 0, 1
0.02770070, 0, 0
0.02770130, 1, 0
0.02770404, 0, 0
0.02770463, 0, 1
0.02770738, 0, 0
0.02770798, 1, 0
0.02771072, 0, 0
0.02771131, 0, 1
0.02771406, 0, 0
0.02771466, 1, 0
0.02771740, 0, 0
0.02771799, 0, 1
0.02772074, 0, 0
0.02772134, 1, 0
0.02772408, 0, 0
0.02772467, 0, 1
0.02772742, 0, 0
0.02772802, 1, 0
0.02773076, 0, 0
0.02773135, 0, 1
0.02773410, 0, 0
0.02773470, 1, 0
0.02773744, 0, 0
0.02773803, 0, 1
0.02774078, 0, 0
0.02774138, 1, 0
0.02774412, 0, 0
0.02774471, 0, 1
0.02774746, 0, 0
0.02774806, 1, 0
0.02775079, 0, 0
0.02775139, 0, 1
0.02775414, 0, 0
0.02775474, 1, 0
0.02775747, 0, 0
0.02775807, 0, 1
0.02776082, 0, 0
0.02776142, 1, 0
0.02776415, 0, 0
0.02776475, 0, 1
0.02776750, 0, 0
0.02776810, 1, 0
0.02777083, 0, 0
0.02777143, 0, 1
0.02777418, 0, 0
0.02777478, 1, 0
0.02777751, 0, 0
0.02777811, 0, 1
0.02778086, 0, 0
0.02778146, 1, 0
0.02778419, 0, 0
0.02778479, 0, 1
0.02778754, 0, 0
0.02778814, 1, 0
0.02779087, 0, 0
0.02779147, 0, 1
0.02779422, 0, 0
0.02779482, 1, 0
0.02779755, 0, 0
0.02779815, 0, 1
0.02780090, 0, 0
0.02780150, 1, 0
0.02780423, 0, 0
0.02780483, 0, 1
0.02780758, 0, 0
0.02780818, 1, 0
0.02781091, 0, 0
0.02781151, 0, 1
0.02781426, 0, 0
0.02781486, 1, 0
0.02781759, 0, 0
0.02781819, 0, 1
0.02782094, 0, 0
0.02782154, 1, 0
0.02782427, 0, 0
0.02782487, 0, 1
0.02782762, 0, 0
0.02782821, 1, 0
0.02783095, 0, 0
0.02783155, 0, 1
0.02783430, 0, 0
0.02783489, 1, 0
0.02783763, 0, 0
0.02783823, 0, 1
0.02784097, 0, 0
0.02784157, 1, 0
0.02784431, 0, 0
0.02784491, 0, 1
0.02784765, 0, 0
0.02784825, 1, 0
0.02785099, 0, 0
0.02785158, 0, 1
0.02785433, 0, 0
0.02785493, 1, 0
0.02785767, 0, 0
0.02785826, 0, 1
0.02786101, 0, 0
0.02786161, 1, 0
0.02786435, 0, 0
0.02786494, 0, 1
0.02786769, 0, 0
0.02786829, 1, 0
0.02787103, 0, 0
0.02787162, 0, 1
0.02787437, 0, 0
0.02787497, 1, 0
0.02787771, 0, 0
0.02787830, 0, 1
0.02788105, 0, 0
0.02788165, 1, 0
0.02788439, 0, 0
0.02788498, 0, 1
0.02788773, 0, 0
0.02788833, 1, 0
0.02789107, 0, 0
0.02789166, 0, 1
0.02789441, 0, 0
0.02789501, 1, 0
0.02789775, 0, 0
0.02789834, 0, 1
0.02790109, 0, 0
0.02790169, 1, 0
0.02790443, 0, 0
0.02790502, 0, 1
0.02790777, 0, 0
0.02790837, 1, 0
0.02791111, 0, 0
0.02791170, 0, 1
0.02791445, 0, 0
0.02791505, 1, 0
0.02791779, 0, 0
0.02791838, 0, 1
0.02792113, 0, 0
0.02792173, 1, 0
0.02792446, 0, 0
0.02792506, 0, 1
0.02792781, 0, 0
0.02792841, 1, 0
0.02793114, 0, 0
0.02793174, 0, 1
0.02793449, 0, 0
0.02793509, 1, 0
0.02793782, 0, 0
0.02793842, 0, 1
0.02794117, 0, 0
0.02794177, 1, 0
0.02794450, 0, 0
0.02794510, 0, 1
0.02794785, 0, 0
0.02794845, 1, 0
0.02795118, 0, 0
0.02795178, 0, 1
0.02795453, 0, 0
0.02795513, 1, 0
0.02795786, 0, 0
0.02795846, 0, 1
0.02796121, 0, 0
0.02796181, 1, 0
0.02796454, 0, 0
0.02796514, 0, 1
0.02796789, 0, 0
0.02796849, 1, 0
0.02797122, 0, 0
0.02797182, 0, 1
0.02797457, 0, 0
0.02797517, 1, 0
0.02797790, 0, 0
0.02797850, 0, 1
0.02798125, 0, 0
0.02798185, 1, 0
0.02798458, 0, 0
0.02798518, 0, 1
0.02798793, 0, 0
0.02798853, 1, 0
0.02799126, 0, 0
0.02799186, 0, 1
0.02799461, 0, 0
0.02799521, 1, 0
0.02799794, 0, 0
0.02799854, 0, 1
0.02800129, 0, 0
0.02800189, 1, 0
0.02800462, 0, 0
0.02800522, 0, 1
0.02800797, 0, 0
0.02800856, 1, 0
0.02801130, 0, 0
0.02801190, 0, 1
0.02801464, 0, 0
0.02801524, 1, 0
0.02801798, 0, 0
0.02801857, 0, 1
0.02802132, 0, 0
0.02802192, 1, 0
0.02802466, 0, 0
0.02802526, 0, 1
0.02802800, 0, 0
0.02802860, 1, 0
0.02803134, 0, 0
0.02803193, 0, 1
0.02803468, 0, 0
0.02803528, 1, 0
0.02803802, 0, 0
0.02803861, 0, 1
0.02804136, 0, 0
0.02804196, 1, 0
0.02804470, 0, 0
0.02804529, 0, 1
0.02804804, 0, 0
0.02804864, 1, 0
0.02805138, 0, 0
0.02805197, 0, 1
0.02805472, 0, 0
0.02805532, 1, 0
0.02805806, 0, 0
0.02805865, 0, 1
0.02806140, 0, 0
0.02806200, 1, 0
0.02806474, 0, 0
0.02806533, 0, 1
0.02806808, 0, 0
0.02806868, 1, 0
0.02807142, 0, 0
0.02807201, 0, 1
0.02807476, 0, 0
0.02807536, 1, 0
0.02807810, 0, 0
0.02807869, 0, 1
0.02808144, 0, 0
0.02808204, 1, 0
0.02808478, 0, 0
0.02808537, 0, 1
0.02808812, 0, 0
0.02808872, 1, 0
0.02809145, 0, 0
0.02809205, 0, 1
0.02809480, 0, 0
0.02809540, 1, 0
0.02809813, 0, 0
0.02809873, 0, 1
0.02810148, 0, 0
0.02810208, 1, 0
0.02810481, 0, 0
0.02810541, 0, 1
0.02810816, 0, 0
0.02810876, 1, 0
0.02811149, 0, 0
0.02811209, 0, 1
0.02811484, 0, 0
0.02811544, 1, 0
0.02811817, 0, 0
0.02811877, 0, 1
0.02812152, 0, 0
0.02812212, 1, 0
0.02812485, 0, 0
0.02812545, 0, 1
0.02812820, 0, 0
0.02812880, 1, 0
0.02813153, 0, 0
0.02813213, 0, 1
0.02813488, 0, 0
0.02813548, 1, 0
0.02813821, 0, 0
0.02813881, 0, 1
0.02814156, 0, 0
0.02814216, 1, 0
0.02814489, 0, 0
0.02814549, 0, 1
0.02814824, 0, 0
0.02814884, 1, 0
0.02815157, 0, 0
0.02815217, 0, 1
0.02815492, 0, 0
0.02815552, 1, 0
0.02815825, 0, 0
0.02815885, 0, 1
0.02816160, 0, 0
0.02816220, 1, 0
0.02816493, 0, 0
0.02816553, 0, 1
0.02816828, 0, 0
0.02816888, 1, 0
0.02817161, 0, 0
0.02817221, 0, 1
0.02817496, 0, 0
0.02817555, 1, 0
0.02817829, 0, 0
0.02817889, 0, 1
0.02818164, 0, 0
0.02818223, 1, 0
0.02818497, 0, 0
0.02818557, 0, 1
0.02818831, 0, 0
0.02818891, 1, 0
0.02819165, 0, 0
0.02819225, 0, 1
0.02819499, 0, 0
0.02819559, 1, 0
0.02819833, 0, 0
0.02819893, 0, 1
0.02820167, 0, 0
0.02820227, 1, 0
0.02820501, 0, 0
0.02820560, 0, 1
0.02820835, 0, 0
0.02820895, 1, 0
0.02821169, 0, 0
0.02821228, 0, 1
0.02821503, 0, 0
0.02821563, 1, 0
0.02821837, 0, 0
0.02821896, 0, 1
0.02822171, 0, 0
0.02822231, 1, 0
0.02822505, 0, 0
0.02822564, 0, 1
0.02822839, 0, 0
0.02822899, 1, 0
0.02823173, 0, 0
0.02823232, 0, 1
0.02823507, 0, 0
0.02823567, 1, 0
0.02823841, 0, 0
0.02823900, 0, 1
0.02824175, 0, 0
0.02824235, 1, 0
0.02824509, 0, 0
0.02824568, 0, 1
0.02824843, 0, 0
0.02824903, 1, 0
0.02825177, 0, 0
0.02825236, 0, 1
0.02825511, 0, 0
0.02825571, 1, 0
0.02825844, 0, 0
0.02825904, 0, 1
0.02826179, 0, 0
0.02826239, 1, 0
0.02826512, 0, 0
0.02826572, 0, 1
0.02826847, 0, 0
0.02826907, 1, 0
0.02827180, 0, 0
0.02827240, 0, 1
0.02827515, 0, 0
0.02827575, 1, 0
0.02827848, 0, 0
0.02827908, 0, 1
0.02828183, 0, 0
0.02828243, 1, 0
0.02828516, 0, 0
0.02828576, 0, 1
0.02828851, 0, 0
0.02828911, 1, 0
0.02829184, 0, 0
0.02829244, 0, 1
0.02829519, 0, 0
0.02829579, 1, 0
0.02829852, 0, 0
0.02829912, 0, 1
0.02830187, 0, 0
0.02830247, 1, 0
0.02830520, 0, 0
0.02830580, 0, 1
0.02830855, 0, 0
0.02830915, 1, 0
0.02831188, 0, 0
0.02831248, 0, 1
0.02831523, 0, 0
0.02831583, 1, 0
0.02831856, 0, 0
0.02831916, 0, 1
0.02832191, 0, 0
0.02832251, 1, 0
0.02832524, 0, 0
0.02832584, 0, 1
0.02832859, 0, 0
0.02832919, 1, 0
0.02833192, 0, 0
0.02833252, 0, 1
0.02833527, 0, 0
0.02833587, 1, 0
0.02833860, 0, 0
0.02833920, 0, 1
0.02834195, 0, 0
0.02834254, 1, 0
0.02834528, 0, 0
0.02834588, 0, 1
0.02834863, 0, 0
0.02834922, 1, 0
0.02835196, 0, 0
0.02835256, 0, 1
0.02835531, 0, 0
0.02835590, 1, 0
0.02835864, 0, 0
0.02835924, 0, 1
0.02836199, 0, 0
0.02836258, 1, 0
0.02836532, 0, 0
0.02836592, 0, 1
0.02836866, 0, 0
0.02836926, 1, 0
0.02837200, 0, 0
0.02837259, 0, 1
0.02837534, 0, 0
0.02837594, 1, 0
0.02837868, 0, 0
0.02837927, 0, 1
0.02838202, 0, 0
0.02838262, 1, 0
0.02838536, 0, 0
0.02838595, 0, 1
0.02838870, 0, 0
0.02838930, 1, 0
0.02839204, 0, 0
0.02839263, 0, 1
0.02839538, 0, 0
0.02839598, 1, 0
0.02839872, 0, 0
0.02839931, 0, 1
0.02840206, 0, 0
0.02840266, 1, 0
0.02840540, 0, 0
0.02840599, 0, 1
0.02840874, 0, 0
0.02840934, 1, 0
0.02841208, 0, 0
0.02841267, 0, 1
0.02841542, 0, 0
0.02841602, 1, 0
0.02841876, 0, 0
0.02841935, 0, 1
0.02842210, 0, 0
0.02842270, 1, 0
0.02842544, 0, 0
0.02842603, 0, 1
0.02842878, 0, 0
0.02842938, 1, 0
0.02843211, 0, 0
0.02843271, 0, 1
0.02843546, 0, 0
0.02843606, 1, 0
0.02843879, 0, 0
0.02843939, 0, 1
0.02844214, 0, 0
0.02844274, 1, 0
0.02844547, 0, 0
0.02844607, 0, 1
0.02844882, 0, 0
0.02844942, 1, 0
0.02845215, 0, 0
0.02845275, 0, 1
0.02845550, 0, 0
0.02845610, 1, 0
0.02845883, 0, 0
0.02845943, 0, 1
0.02846218, 0, 0
0.02846278, 1, 0
0.02846551, 0, 0
0.02846611, 0, 1
0.02846886, 0, 0
0.02846946, 1, 0
0.02847219, 0, 0
0.02847279, 0, 1
0.02847554, 0, 0
0.02847614, 1, 0
0.02847887, 0, 0
0.02847947, 0, 1
0.02848222, 0, 0
0.02848282, 1, 0
0.02848555, 0, 0
0.02848615, 0, 1
0.02848890, 0, 0
0.02848950, 1, 0
0.02849223, 0, 0
0.02849283, 0, 1
0.02849558, 0, 0
0.02849618, 1, 0
0.02849891, 0, 0
0.02849951, 0, 1
0.02850226, 0, 0
0.02850286, 1, 0
0.02850559, 0, 0
0.02850619, 0, 1
0.02850894, 0, 0
0.02850954, 1, 0
0.02851227, 0, 0
0.02851287, 0, 1
0.02851562, 0, 0
0.02851621, 1, 0
0.02851895, 0, 0
0.02851955, 0, 1
0.02852230, 0, 0
0.02852289, 1, 0
0.02852563, 0, 0
0.02852623, 0, 1
0.02852897, 0, 0
0.02852957, 1, 0
0.02853231, 0, 0
0.02853291, 0, 1
0.02853565, 0, 0
0.02853625, 1, 0
0.02853899, 0, 0
0.02853958, 0, 1
0.02854233, 0, 0
0.02854293, 1, 0
0.02854567, 0, 0
0.02854627, 0, 1
0.02854901, 0, 0
0.02854961, 1, 0
0.02855235, 0, 0
0.02855294, 0, 1
0.02855569, 0, 0
0.02855629, 1, 0
0.02855903, 0, 0
0.02855962, 0, 1
0.02856237, 0, 0
0.02856297, 1, 0
0.02856571, 0, 0
0.02856630, 0, 1
0.02856905, 0, 0
0.02856965, 1, 0
0.02857239, 0, 0
0.02857298, 0, 1
0.02857573, 0, 0
0.02857633, 1, 0
0.02857907, 0, 0
0.02857966, 0, 1
0.02858241, 0, 0
0.02858301, 1, 0
0.02858575, 0, 0
0.02858634, 0, 1
0.02858909, 0, 0
0.02858969, 1, 0
0.02859243, 0, 0
0.02859302, 0, 1
0.02859577, 0, 0
0.02859637, 1, 0
0.02859910, 0, 0
0.02859970, 0, 1
0.02860245, 0, 0
0.02860305, 1, 0
0.02860578, 0, 0
0.02860638, 0, 1
0.02860913, 0, 0
0.02860973, 1, 0
0.02861246, 0, 0
0.02861306, 0, 1
0.02861581, 0, 0
0.02861641, 1, 0
0.02861914, 0, 0
0.02861974, 0, 1
0.02862249, 0, 0
0.02862309, 1, 0
0.02862582, 0, 0
0.02862642, 0, 1
0.02862917, 0, 0
0.02862977, 1, 0
0.02863250, 0, 0
0.02863310, 0, 1
0.02863585, 0, 0
0.02863645, 1, 0
0.02863918, 0, 0
0.02863978, 0, 1
0.02864253, 0, 0
0.02864313, 1, 0
0.02864586, 0, 0
0.02864646, 0, 1
0.02864921, 0, 0
0.02864981, 1, 0
0.02865254, 0, 0
0.02865314, 0, 1
0.02865589, 0, 0
0.02865649, 1, 0
0.02865922, 0, 0
0.02865982, 0, 1
0.02866257, 0, 0
0.02866317, 1, 0
0.02866590, 0, 0
0.02866650, 0, 1
0.02866925, 0, 0
0.02866985, 1, 0
0.02867258, 0, 0
0.02867318, 0, 1
0.02867593, 0, 0
0.02867653, 1, 0
0.02867926, 0, 0
0.02867986, 0, 1
0.02868261, 0, 0
0.02868321, 1, 0
0.02868594, 0, 0
0.02868654, 0, 1
0.02868929, 0, 0
0.02868988, 1, 0
0.02869262, 0, 0
0.02869322, 0, 1
0.02869597, 0, 0
0.02869656, 1, 0
0.02869930, 0, 0
0.02869990, 0, 1
0.02870264, 0, 0
0.02870324, 1, 0
0.02870598, 0, 0
0.02870658, 0, 1
0.02870932, 0, 0
0.02870992, 1, 0
0.02871266, 0, 0
0.02871326, 0, 1
0.02871600, 0, 0
0.02871660, 1, 0
0.02871934, 0, 0
0.02871993, 0, 1
0.02872268, 0, 0
0.02872328, 1, 0
0.02872602, 0, 0
0.02872661, 0, 1
0.02872936, 0, 0
0.02872996, 1, 0
0.02873270, 0, 0
0.02873329, 0, 1
0.02873604, 0, 0
0.02873664, 1, 0
0.02873938, 0, 0
0.02873997, 0, 1
0.02874272, 0, 0
0.02874332, 1, 0
0.02874606, 0, 0
0.02874665, 0, 1
0.02874940, 0, 0
0.02875000, 1, 0
0.02875274, 0, 0
0.02875333, 0, 1
0.02875608, 0, 0
0.02875668, 1, 0
0.02875942, 0, 0
0.02876001, 0, 1
0.02876276, 0, 0
0.02876336, 1, 0
0.02876610, 0, 0
0.02876669, 0, 1
0.02876944, 0, 0
0.02877004, 1, 0
0.02877277, 0, 0
0.02877337, 0, 1
0.02877612, 0, 0
0.02877672, 1, 0
0.02877945, 0, 0
0.02878005, 0, 1
0.02878280, 0, 0
0.02878340, 1, 0
0.02878613, 0, 0
0.02878673, 0, 1
0.02878948, 0, 0
0.02879008, 1, 0
0.02879281, 0, 0
0.02879341, 0, 1
0.02879616, 0, 0
0.02879676, 1, 0
0.02879949, 0, 0
0.02880009, 0, 1
0.02880284, 0, 0
0.02880344, 1, 0
0.02880617, 0, 0
0.02880677, 0, 1
0.02880952, 0, 0
0.02881012, 1, 0
0.02881285, 0, 0
0.02881345, 0, 1
0.02881620, 0, 0
0.02881680, 1, 0
0.02881953, 0, 0
0.02882013, 0, 1
0.02882288, 0, 0
0.02882348, 1, 0
0.02882621, 0, 0
0.02882681, 0, 1
0.02882956, 0, 0
0.02883016, 1, 0
0.02883289, 0, 0
0.02883349, 0, 1
0.02883624, 0, 0
0.02883684, 1, 0
0.02883957, 0, 0
0.02884017, 0, 1
0.02884292, 0, 0
0.02884352, 1, 0
0.02884625, 0, 0
0.02884685, 0, 1
0.02884960, 0, 0
0.02885020, 1, 0
0.02885293, 0, 0
0.02885353, 0, 1
0.02885628, 0, 0
0.02885687, 1, 0
0.02885961, 0, 0
0.02886021, 0, 1
0.02886296, 0, 0
0.02886355, 1, 0
0.02886629, 0, 0
0.02886689, 0, 1
0.02886963, 0, 0
0.02887023, 1, 0
0.02887297, 0, 0
0.02887357, 0, 1
0.02887631, 0, 0
0.02887691, 1, 0
0.02887965, 0, 0
0.02888025, 0, 1
0.02888299, 0, 0
0.02888359, 1, 0
0.02888633, 0, 0
0.02888692, 0, 1
0.02888967, 0, 0
0.02889027, 1, 0
0.02889301, 0, 0
0.02889360, 0, 1
0.02889635, 0, 0
0.02889695, 1, 0
0.02889969, 0, 0
0.02890028, 0, 1
0.02890303, 0, 0
0.02890363, 1, 0
0.02890637, 0, 0
0.02890696, 0, 1
0.02890971, 0, 0
0.02891031, 1, 0
0.02891305, 0, 0
0.02891364, 0, 1
0.02891639, 0, 0
0.02891699, 1, 0
0.02891973, 0, 0
0.02892032, 0, 1
0.02892307, 0, 0
0.02892367, 1, 0
0.02892641, 0, 0
0.02892700, 0, 1
0.02892975, 0, 0
0.02893035, 1, 0
0.02893309, 0, 0
0.02893368, 0, 1
0.02893643, 0, 0
0.02893703, 1, 0
0.02893977, 0, 0
0.02894036, 0, 1
0.02894311, 0, 0
0.02894371, 1, 0
0.02894645, 0, 0
0.02894704, 0, 1
0.02894979, 0, 0
0.02895039, 1, 0
0.02895312, 0, 0
0.02895372, 0, 1
0.02895647, 0, 0
0.02895707, 1, 0
0.02895980, 0, 0
0.02896040, 0, 1
0.02896315, 0, 0
0.02896375, 1, 0
0.02896648, 0, 0
0.02896708, 0, 1
0.02896983, 0, 0
0.02897043, 1, 0
0.02897316, 0, 0
0.02897376, 0, 1
0.02897651, 0, 0
0.02897711, 1, 0
0.02897984, 0, 0
0.02898044, 0, 1
0.02898319, 0, 0
0.02898379, 1, 0
0.02898652, 0, 0
0.02898712, 0, 1
0.02898987, 0, 0
0.02899047, 1, 0
0.02899320, 0, 0
0.02899380, 0, 1
0.02899655, 0, 0
0.02899715, 1, 0
0.02899988, 0, 0
0.02900048, 0, 1
0.02900323, 0, 0
0.02900383, 1, 0
0.02900656, 0, 0
0.02900716, 0, 1
0.02900991, 0, 0
0.02901051, 1, 0
0.02901324, 0, 0
0.02901384, 0, 1
0.02901659, 0, 0
0.02901719, 1, 0
0.02901992, 0, 0
0.02902052, 0, 1
0.02902327, 0, 0
0.02902386, 1, 0
0.02902660, 0, 0
0.02902720, 0, 1
0.02902995, 0, 0
0.02903054, 1, 0
0.02903328, 0, 0
0.02903388, 0, 1
0.02903663, 0, 0
0.02903722, 1, 0
0.02903996, 0, 0
0.02904056, 0, 1
0.02904331, 0, 0
0.02904390, 1, 0
0.02904664, 0, 0
0.02904724, 0, 1
0.02904998, 0, 0
0.02905058, 1, 0
0.02905332, 0, 0
0.02905391, 0, 1
0.02905666, 0, 0
0.02905726, 1, 0
0.02906000, 0, 0
0.02906059, 0, 1
0.02906334, 0, 0
0.02906394, 1, 0
0.02906668, 0, 0
0.02906727, 0, 1
0.02907002, 0, 0
0.02907062, 1, 0
0.02907336, 0, 0
0.02907395, 0, 1
0.02907670, 0, 0
0.02907730, 1, 0
0.02908004, 0, 0
0.02908063, 0, 1
0.02908338, 0, 0
0.02908398, 1, 0
0.02908672, 0, 0
0.02908731, 0, 1
0.02909006, 0, 0
0.02909066, 1, 0
0.02909340, 0, 0
0.02909399, 0, 1
0.02909674, 0, 0
0.02909734, 1, 0
0.02910008, 0, 0
0.02910067, 0, 1
0.02910342, 0, 0
0.02910402, 1, 0
0.02910676, 0, 0
0.02910735, 0, 1
0.02911010, 0, 0
0.02911070, 1, 0
0.02911344, 0, 0
0.02911403, 0, 1
0.02911678, 0, 0
0.02911738, 1, 0
0.02912011, 0, 0
0.02912071, 0, 1
0.02912346, 0, 0
0.02912406, 1, 0
0.02912679, 0, 0
0.02912739, 0, 1
0.02913014, 0, 0
0.02913074, 1, 0
0.02913347, 0, 0
0.02913407, 0, 1
0.02913682, 0, 0
0.02913742, 1, 0
0.02914015, 0, 0
0.02914075, 0, 1
0.02914350, 0, 0
0.02914410, 1, 0
0.02914683, 0, 0
0.02914743, 0, 1
0.02915018, 0, 0
0.02915078, 1, 0
0.02915351, 0, 0
0.02915411, 0, 1
0.02915686, 0, 0
0.02915746, 1, 0
0.02916019, 0, 0
0.02916079, 0, 1
0.02916354, 0, 0
0.02916414, 1, 0
0.02916687, 0, 0
0.02916747, 0, 1
0.02917022, 0, 0
0.02917082, 1, 0
0.02917355, 0, 0
0.02917415, 0, 1
0.02917690, 0, 0
0.02917750, 1, 0
0.02918023, 0, 0
0.02918083, 0, 1
0.02918358, 0, 0
0.02918418, 1, 0
0.02918691, 0, 0
0.02918751, 0, 1
0.02919026, 0, 0
0.02919086, 1, 0
0.02919359, 0, 0
0.02919419, 0, 1
0.02919694, 0, 0
0.02919754, 1, 0
0.02920027, 0, 0
0.02920087, 0, 1
0.02920362, 0, 0
0.02920421, 1, 0
0.02920695, 0, 0
0.02920755, 0, 1
0.02921029, 0, 0
0.02921089, 1, 0
0.02921363, 0, 0
0.02921423, 0, 1
0.02921697, 0, 0
0.02921757, 1, 0
0.02922031, 0, 0
0.02922091, 0, 1
0.02922365, 0, 0
0.02922425, 1, 0
0.02922699, 0, 0
0.02922758, 0, 1
0.02923033, 0, 0
0.02923093, 1, 0
0.02923367, 0, 0
0.02923426, 0, 1
0.02923701, 0, 0
0.02923761, 1, 0
0.02924035, 0, 0
0.02924094, 0, 1
0.02924369, 0, 0
0.02924429, 1, 0
0.02924703, 0, 0
0.02924762, 0, 1
0.02925037, 0, 0
0.02925097, 1, 0
0.02925371, 0, 0
0.02925430, 0, 1
0.02925705, 0, 0
0.02925765, 1, 0
0.02926039, 0, 0
0.02926098, 0, 1
0.02926373, 0, 0
0.02926433, 1, 0
0.02926707, 0, 0
0.02926766, 0, 1
0.02927041, 0, 0
0.02927101, 1, 0
0.02927375, 0, 0
0.02927434, 0, 1
0.02927709, 0, 0
0.02927769, 1, 0
0.02928043, 0, 0
0.02928102, 0, 1
0.02928377, 0, 0
0.02928437, 1, 0
0.02928710, 0, 0
0.02928770, 0, 1
0.02929045, 0, 0
0.02929105, 1, 0
0.02929378, 0, 0
0.02929438, 0, 1
0.02929713, 0, 0
0.02929773, 1, 0
0.02930046, 0, 0
0.02930106, 0, 1
0.02930381, 0, 0
0.02930441, 1, 0
0.02930714, 0, 0
0.02930774, 0, 1
0.02931049, 0, 0
0.02931109, 1, 0
0.02931382, 0, 0
0.02931442, 0, 1
0.02931717, 0, 0
0.02931777, 1, 0
0.02932050, 0, 0
0.02932110, 0, 1
0.02932385, 0, 0
0.02932445, 1, 0
0.02932718, 0, 0
0.02932778, 0, 1
0.02933053, 0, 0
0.02933113, 1, 0
0.02933386, 0, 0
0.02933446, 0, 1
0.02933721, 0, 0
0.02933781, 1, 0
0.02934054, 0, 0
0.02934114, 0, 1
0.02934389, 0, 0
0.02934449, 1, 0
0.02934722, 0, 0
0.02934782, 0, 1
0.02935057, 0, 0
0.02935117, 1, 0
0.02935390, 0, 0
0.02935450, 0, 1
0.02935725, 0, 0
0.02935785, 1, 0
0.02936058, 0, 0
0.02936118, 0, 1
0.02936393, 0, 0
0.02936453, 1, 0
0.02936726, 0, 0
0.02936786, 0, 1
0.02937061, 0, 0
0.02937121, 1, 0
0.02937394, 0, 0
0.02937454, 0, 1
0.02937729, 0, 0
0.02937788, 1, 0
0.02938062, 0, 0
0.02938122, 0, 1
0.02938396, 0, 0
0.02938456, 1, 0
0.02938730, 0, 0
0.02938789, 0, 1
0.02939064, 0, 0
0.02939124, 1, 0
0.02939398, 0, 0
0.02939458, 0, 1
0.02939732, 0, 0
0.02939792, 1, 0
0.02940066, 0, 0
0.02940126, 0, 1
0.02940400, 0, 0
0.02940460, 1, 0
0.02940734, 0, 0
0.02940793, 0, 1
0.02941068, 0, 0
0.02941128, 1, 0
0.02941402, 0, 0
0.02941461, 0, 1
0.02941736, 0, 0
0.02941796, 1, 0
0.02942070, 0, 0
0.02942129, 0, 1
0.02942404, 0, 0
0.02942464, 1, 0
0.02942738, 0, 0
0.02942797, 0, 1
0.02943072, 0, 0
0.02943132, 1, 0
0.02943406, 0, 0
0.02943465, 0, 1
0.02943740, 0, 0
0.02943800, 1, 0
0.02944074, 0, 0
0.02944133, 0, 1
0.02944408, 0, 0
0.02944468, 1, 0
0.02944742, 0, 0
0.02944801, 0, 1
0.02945076, 0, 0
0.02945136, 1, 0
0.02945410, 0, 0
0.02945469, 0, 1
0.02945744, 0, 0
0.02945804, 1, 0
0.02946077, 0, 0
0.02946137, 0, 1
0.02946412, 0, 0
0.02946472, 1, 0
0.02946745, 0, 0
0.02946805, 0, 1
0.02947080, 0, 0
0.02947140, 1, 0
0.02947413, 0, 0
0.02947473, 0, 1
0.02947748, 0, 0
0.02947808, 1, 0
0.02948081, 0, 0
0.02948141, 0, 1
0.02948416, 0, 0
0.02948476, 1, 0
0.02948749, 0, 0
0.02948809, 0, 1
0.02949084, 0, 0
0.02949144, 1, 0
0.02949417, 0, 0
0.02949477, 0, 1
0.02949752, 0, 0
0.02949812, 1, 0
0.02950085, 0, 0
0.02950145, 0, 1
0.02950420, 0, 0
0.02950480, 1, 0
0.02950753, 0, 0
0.02950813, 0, 1
0.02951088, 0, 0
0.02951148, 1, 0
0.02951421, 0, 0
0.02951481, 0, 1
0.02951756, 0, 0
0.02951816, 1, 0
0.02952089, 0, 0
0.02952149, 0, 1
0.02952424, 0, 0
0.02952484, 1, 0
0.02952757, 0, 0
0.02952817, 0, 1
0.02953092, 0, 0
0.02953152, 1, 0
0.02953425, 0, 0
0.02953485, 0, 1
0.02953760, 0, 0
0.02953819, 1, 0
0.02954093, 0, 0
0.02954153, 0, 1
0.02954428, 0, 0
0.02954487, 1, 0
0.02954761, 0, 0
0.02954821, 0, 1
0.02955096, 0, 0
0.02955155, 1, 0
0.02955429, 0, 0
0.02955489, 0, 1
0.02955764, 0, 0
0.02955823, 1, 0
0.02956097, 0, 0
0.02956156, 0, 1
0.02956431, 0, 0
0.02956491, 1, 0
0.02956765, 0, 0
0.02956824, 0, 1
0.02957099, 0, 0
0.02957159, 1, 0
0.02957433, 0, 0
0.02957492, 0, 1
0.02957767, 0, 0
0.02957827, 1, 0
0.02958101, 0, 0
0.02958160, 0, 1
0.02958435, 0, 0
0.02958495, 1, 0
0.02958769, 0, 0
0.02958828, 0, 1
0.02959103, 0, 0
0.02959163, 1, 0
0.02959437, 0, 0
0.02959496, 0, 1
0.02959771, 0, 0
0.02959831, 1, 0
0.02960105, 0, 0
0.02960164, 0, 1
0.02960439, 0, 0
0.02960499, 1, 0
0.02960773, 0, 0
0.02960832, 0, 1
0.02961107, 0, 0
0.02961167, 1, 0
0.02961441, 0, 0
0.02961500, 0, 1
0.02961775, 0, 0
0.02961835, 1, 0
0.02962109, 0, 0
0.02962168, 0, 1
0.02962443, 0, 0
0.02962503, 1, 0
0.02962777, 0, 0
0.02962836, 0, 1
0.02963111, 0, 0
0.02963171, 1, 0
0.02963444, 0, 0
0.02963504, 0, 1
0.02963779, 0, 0
0.02963839, 1, 0
0.02964112, 0, 0
0.02964172, 0, 1
0.02964447, 0, 0
0.02964507, 1, 0
0.02964780, 0, 0
0.02964840, 0, 1
0.02965115, 0, 0
0.02965175, 1, 0
0.02965448, 0, 0
0.02965508, 0, 1
0.02965783, 0, 0
0.02965843, 1, 0
0.02966116, 0, 0
0.02966176, 0, 1
0.02966451, 0, 0
0.02966511, 1, 0
0.02966784, 0, 0
0.02966844, 0, 1
0.02967119, 0, 0
0.02967179, 1, 0
0.02967452, 0, 0
0.02967512, 0, 1
0.02967787, 0, 0
0.02967847, 1, 0
0.02968120, 0, 0
0.02968180, 0, 1
0.02968455, 0, 0
0.02968515, 1, 0
0.02968788, 0, 0
0.02968848, 0, 1
0.02969123, 0, 0
0.02969183, 1, 0
0.02969456, 0, 0
0.02969516, 0, 1
0.02969791, 0, 0
0.02969851, 1, 0
0.02970124, 0, 0
0.02970184, 0, 1
0.02970459, 0, 0
0.02970518, 1, 0
0.02970792, 0, 0
0.02970852, 0, 1
0.02971127, 0, 0
0.02971186, 1, 0
0.02971460, 0, 0
0.02971520, 0, 1
0.02971794, 0, 0
0.02971854, 1, 0
0.02972128, 0, 0
0.02972188, 0, 1
0.02972463, 0, 0
0.02972522, 1, 0
0.02972796, 0, 0
0.02972856, 0, 1
0.02973130, 0, 0
0.02973190, 1, 0
0.02973464, 0, 0
0.02973524, 0, 1
0.02973798, 0, 0
0.02973858, 1, 0
0.02974132, 0, 0
0.02974191, 0, 1
0.02974466, 0, 0
0.02974526, 1, 0
0.02974800, 0, 0
0.02974859, 0, 1
0.02975134, 0, 0
0.02975194, 1, 0
0.02975468, 0, 0
0.02975527, 0, 1
0.02975802, 0, 0
0.02975862, 1, 0
0.02976136, 0, 0
0.02976195, 0, 1
0.02976470, 0, 0
0.02976530, 1, 0
0.02976804, 0, 0
0.02976863, 0, 1
0.02977138, 0, 0
0.02977198, 1, 0
0.02977472, 0, 0
0.02977531, 0, 1
0.02977806, 0, 0
0.02977866, 1, 0
0.02978140, 0, 0
0.02978199, 0, 1
0.02978474, 0, 0
0.02978534, 1, 0
0.02978808, 0, 0
0.02978867, 0, 1
0.02979142, 0, 0
0.02979202, 1, 0
0.02979476, 0, 0
0.02979535, 0, 1
0.02979810, 0, 0
0.02979870, 1, 0
0.02980144, 0, 0
0.02980203, 0, 1
0.02980478, 0, 0
0.02980538, 1, 0
0.02980811, 0, 0
0.02980871, 0, 1
0.02981146, 0, 0
0.02981206, 1, 0
0.02981479, 0, 0
0.02981539, 0, 1
0.02981814, 0, 0
0.02981874, 1, 0
0.02982147, 0, 0
0.02982207, 0, 1
0.02982482, 0, 0
0.02982542, 1, 0
0.02982815, 0, 0
0.02982875, 0, 1
0.02983150, 0, 0
0.02983210, 1, 0
0.02983483, 0, 0
0.02983543, 0, 1
0.02983818, 0, 0
0.02983878, 1, 0
0.02984151, 0, 0
0.02984211, 0, 1
0.02984486, 0, 0
0.02984546, 1, 0
0.02984819, 0, 0
0.02984879, 0, 1
0.02985154, 0, 0
0.02985214, 1, 0
0.02985487, 0, 0
0.02985547, 0, 1
0.02985822, 0, 0
0.02985882, 1, 0
0.02986155, 0, 0
0.02986215, 0, 1
0.02986490, 0, 0
0.02986550, 1, 0
0.02986823, 0, 0
0.02986883, 0, 1
0.02987158, 0, 0
0.02987218, 1, 0
0.02987491, 0, 0
0.02987551, 0, 1
0.02987826, 0, 0
0.02987886, 1, 0
0.02988159, 0, 0
0.02988219, 0, 1
0.02988494, 0, 0
0.02988553, 1, 0
0.02988827, 0, 0
0.02988887, 0, 1
0.02989162, 0, 0
0.02989221, 1, 0
0.02989495, 0, 0
0.02989555, 0, 1
0.02989829, 0, 0
0.02989889, 1, 0
0.02990163, 0, 0
0.02990223, 0, 1
0.02990497, 0, 0
0.02990557, 1, 0
0.02990831, 0, 0
0.02990890, 0, 1
0.02991165, 0, 0
0.02991225, 1, 0
0.02991499, 0, 0
0.02991558, 0, 1
0.02991833, 0, 0
0.02991893, 1, 0
0.02992167, 0, 0
0.02992226, 0, 1
0.02992501, 0, 0
0.02992561, 1, 0
0.02992835, 0, 0
0.02992894, 0, 1
0.02993169, 0, 0
0.02993229, 1, 0
0.02993503, 0, 0
0.02993562, 0, 1
0.02993837, 0, 0
0.02993897, 1, 0
0.02994171, 0, 0
0.02994230, 0, 1
0.02994505, 0, 0
0.02994565, 1, 0
0.02994839, 0, 0
0.02994898, 0, 1
0.02995173, 0, 0
0.02995233, 1, 0
0.02995507, 0, 0
0.02995566, 0, 1
0.02995841, 0, 0
0.02995901, 1, 0
0.02996175, 0, 0
0.02996234, 0, 1
0.02996509, 0, 0
0.02996569, 1, 0
0.02996842, 0, 0
0.02996902, 0, 1
0.02997177, 0, 0
0.02997237, 1, 0
0.02997510, 0, 0
0.02997570, 0, 1
0.02997845, 0, 0
0.02997905, 1, 0
0.02998178, 0, 0
0.02998238, 0, 1
0.02998513, 0, 0
0.02998573, 1, 0
0.02998846, 0, 0
0.02998906, 0, 1
0.02999181, 0, 0
0.02999241, 1, 0
0.02999514, 0, 0
0.02999574, 0, 1
0.02999849, 0, 0
0.02999909, 1, 0
0.03000182, 0, 0
0.03000242, 0, 1
0.03000517, 0, 0
0.03000577, 1, 0
0.03000850, 0, 0
0.03000910, 0, 1
0.03001185, 0, 0
0.03001245, 1, 0
0.03001518, 0, 0
0.03001578, 0, 1
0.03001853, 0, 0
0.03001913, 1, 0
0.03002186, 0, 0
0.03002246, 0, 1
0.03002521, 0, 0
0.03002581, 1, 0
0.03002854, 0, 0
0.03002914, 0, 1
0.03003189, 0, 0
0.03003249, 1, 0
0.03003522, 0, 0
0.03003582, 0, 1
0.03003857, 0, 0
0.03003917, 1, 0
0.03004190, 0, 0
0.03004250, 0, 1
0.03004525, 0, 0
0.03004585, 1, 0
0.03004858, 0, 0
0.03004918, 0, 1
0.03005193, 0, 0
0.03005252, 1, 0
0.03005526, 0, 0
0.03005586, 0, 1
0.03005861, 0, 0
0.03005920, 1, 0
0.03006194, 0, 0
0.03006254, 0, 1
0.03006528, 0, 0
0.03006588, 1, 0
0.03006862, 0, 0
0.03006922, 0, 1
0.03007196, 0, 0
0.03007256, 1, 0
0.03007530, 0, 0
0.03007590, 0, 1
0.03007864, 0, 0
0.03007924, 1, 0
0.03008198, 0, 0
0.03008258, 0, 1
0.03008532, 0, 0
0.03008592, 1, 0
0.03008866, 0, 0
0.03008925, 0, 1
0.03009200, 0, 0
0.03009260, 1, 0
0.03009534, 0, 0
0.03009593, 0, 1
0.03009868, 0, 0
0.03009928, 1, 0
0.03010202, 0, 0
0.03010261, 0, 1
0.03010536, 0, 0
0.03010596, 1, 0
0.03010870, 0, 0
0.03010929, 0, 1
0.03011204, 0, 0
0.03011264, 1, 0
0.03011538, 0, 0
0.03011597, 0, 1
0.03011872, 0, 0
0.03011932, 1, 0
0.03012206, 0, 0
0.03012265, 0, 1
0.03012540, 0, 0
0.03012600, 1, 0
0.03012874, 0, 0
0.03012933, 0, 1
0.03013208, 0, 0
0.03013268, 1, 0
0.03013542, 0, 0
0.03013601, 0, 1
0.03013876, 0, 0
0.03013936, 1, 0
0.03014210, 0, 0
0.03014269, 0, 1
0.03014544, 0, 0
0.03014604, 1, 0
0.03014877, 0, 0
0.03014937, 0, 1
0.03015212, 0, 0
0.03015272, 1, 0
0.03015545, 0, 0
0.03015605, 0, 1
0.03015880, 0, 0
0.03015940, 1, 0
0.03016213, 0, 0
0.03016273, 0, 1
0.03016548, 0, 0
0.03016608, 1, 0
0.03016881, 0, 0
0.03016941, 0, 1
0.03017216, 0, 0
0.03017276, 1, 0
0.03017549, 0, 0
0.03017609, 0, 1
0.03017884, 0, 0
0.03017944, 1, 0
0.03018217, 0, 0
0.03018277, 0, 1
0.03018552, 0, 0
0.03018612, 1, 0
0.03018885, 0, 0
0.03018945, 0, 1
0.03019220, 0, 0
0.03019280, 1, 0
0.03019553, 0, 0
0.03019613, 0, 1
0.03019888, 0, 0
0.03019948, 1, 0
0.03020221, 0, 0
0.03020281, 0, 1
0.03020556, 0, 0
0.03020616, 1, 0
0.03020889, 0, 0
0.03020949, 0, 1
0.03021224, 0, 0
0.03021284, 1, 0
0.03021557, 0, 0
0.03021617, 0, 1
0.03021892, 0, 0
0.03021952, 1, 0
0.03022225, 0, 0
0.03022285, 0, 1
0.03022560, 0, 0
0.03022619, 1, 0
0.03022893, 0, 0
0.03022953, 0, 1
0.03023228, 0, 0
0.03023287, 1, 0
0.03023561, 0, 0
0.03023621, 0, 1
0.03023895, 0, 0
0.03023955, 1, 0
0.03024229, 0, 0
0.03024289, 0, 1
0.03024563, 0, 0
0.03024623, 1, 0
0.03024897, 0, 0
0.03024956, 0, 1
0.03025231, 0, 0
0.03025291, 1, 0
0.03025565, 0, 0
0.03025624, 0, 1
0.03025899, 0, 0
0.03025959, 1, 0
0.03026233, 0, 0
0.03026292, 0, 1
0.03026567, 0, 0
0.03026627, 1, 0
0.03026901, 0, 0
0.03026960, 0, 1
0.03027235, 0, 0
0.03027295, 1, 0
0.03027569, 0, 0
0.03027628, 0, 1
0.03027903, 0, 0
0.03027963, 1, 0
0.03028237, 0, 0
0.03028296, 0, 1
0.03028571, 0, 0
0.03028631, 1, 0
0.03028905, 0, 0
0.03028964, 0, 1
0.03029239, 0, 0
0.03029299, 1, 0
0.03029573, 0, 0
0.03029632, 0, 1
0.03029907, 0, 0
0.03029967, 1, 0
0.03030241, 0, 0
0.03030300, 0, 1
0.03030575, 0, 0
0.03030635, 1, 0
0.03030909, 0, 0
0.03030968, 0, 1
0.03031243, 0, 0
0.03031303, 1, 0
0.03031576, 0, 0
0.03031636, 0, 1
0.03031911, 0, 0
0.03031971, 1, 0
0.03032244, 0, 0
0.03032304, 0, 1
0.03032579, 0, 0
0.03032639, 1, 0
0.03032912, 0, 0
0.03032972, 0, 1
0.03033247, 0, 0
0.03033307, 1, 0
0.03033580, 0, 0
0.03033640, 0, 1
0.03033915, 0, 0
0.03033975, 1, 0
0.03034248, 0, 0
0.03034308, 0, 1
0.03034583, 0, 0
0.03034643, 1, 0
0.03034916, 0, 0
0.03034976, 0, 1
0.03035251, 0, 0
0.03035311, 1, 0
0.03035584, 0, 0
0.03035644, 0, 1
0.03035919, 0, 0
0.03035979, 1, 0
0.03036252, 0, 0
0.03036312, 0, 1
0.03036587, 0, 0
0.03036647, 1, 0
0.03036920, 0, 0
0.03036980, 0, 1
0.03037255, 0, 0
0.03037315, 1, 0
0.03037588, 0, 0
0.03037648, 0, 1
0.03037923, 0, 0
0.03037983, 1, 0
0.03038256, 0, 0
0.03038316, 0, 1
0.03038591, 0, 0
0.03038651, 1, 0
0.03038924, 0, 0
0.03038984, 0, 1
0.03039259, 0, 0
0.03039319, 1, 0
0.03039592, 0, 0
0.03039652, 0, 1
0.03039927, 0, 0
0.03039986, 1, 0
0.03040260, 0, 0
0.03040320, 0, 1
0.03040594, 0, 0
0.03040654, 1, 0
0.03040928, 0, 0
0.03040988, 0, 1
0.03041262, 0, 0
0.03041322, 1, 0
0.03041596, 0, 0
0.03041656, 0, 1
0.03041930, 0, 0
0.03041990, 1, 0
0.03042264, 0, 0
0.03042323, 0, 1
0.03042598, 0, 0
0.03042658, 1, 0
0.03042932, 0, 0
0.03042991, 0, 1
0.03043266, 0, 0
0.03043326, 1, 0
0.03043600, 0, 0
0.03043659, 0, 1
0.03043934, 0, 0
0.03043994, 1, 0
0.03044268, 0, 0
0.03044327, 0, 1
0.03044602, 0, 0
0.03044662, 1, 0
0.03044936, 0, 0
0.03044995, 0, 1
0.03045270, 0, 0
0.03045330, 1, 0
0.03045604, 0, 0
0.03045663, 0, 1
0.03045938, 0, 0
0.03045998, 1, 0
0.03046272, 0, 0
0.03046331, 0, 1
0.03046606, 0, 0
0.03046666, 1, 0
0.03046940, 0, 0
0.03046999, 0, 1
0.03047274, 0, 0
0.03047334, 1, 0
0.03047608, 0, 0
0.03047667, 0, 1
0.03047942, 0, 0
0.03048002, 1, 0
0.03048275, 0, 0
0.03048335, 0, 1
0.03048610, 0, 0
0.03048670, 1, 0
0.03048943, 0, 0
0.03049003, 0, 1
0.03049278, 0, 0
0.03049338, 1, 0
0.03049611, 0, 0
0.03049671, 0, 1
0.03049946, 0, 0
0.03050006, 1, 0
0.03050279, 0, 0
0.03050339, 0, 1
0.03050614, 0, 0
0.03050674, 1, 0
0.03050947, 0, 0
0.03051007, 0, 1
0.03051282, 0, 0
0.03051342, 1, 0
0.03051615, 0, 0
0.03051675, 0, 1
0.03051950, 0, 0
0.03052010, 1, 0
0.03052283, 0, 0
0.03052343, 0, 1
0.03052618, 0, 0
0.03052678, 1, 0
0.03052951, 0, 0
0.03053011, 0, 1
0.03053286, 0, 0
0.03053346, 1, 0
0.03053619, 0, 0
0.03053679, 0, 1
0.03053954, 0, 0
0.03054014, 1, 0
0.03054287, 0, 0
0.03054347, 0, 1
0.03054622, 0, 0
0.03054682, 1, 0
0.03054955, 0, 0
0.03055015, 0, 1
0.03055290, 0, 0
0.03055350, 1, 0
0.03055623, 0, 0
0.03055683, 0, 1
0.03055958, 0, 0
0.03056018, 1, 0
0.03056291, 0, 0
0.03056351, 0, 1
0.03056626, 0, 0
0.03056685, 1, 0
0.03056959, 0, 0
0.03057019, 0, 1
0.03057294, 0, 0
0.03057353, 1, 0
0.03057627, 0, 0
0.03057687, 0, 1
0.03057961, 0, 0
0.03058021, 1, 0
0.03058295, 0, 0
0.03058355, 0, 1
0.03058629, 0, 0
0.03058689, 1, 0
0.03058963, 0, 0
0.03059023, 0, 1
0.03059297, 0, 0
0.03059357, 1, 0
0.03059631, 0, 0
0.03059690, 0, 1
0.03059965, 0, 0
0.03060025, 1, 0
0.03060299, 0, 0
0.03060358, 0, 1
0.03060633, 0, 0
0.03060693, 1, 0
0.03060967, 0, 0
0.03061026, 0, 1
0.03061301, 0, 0
0.03061361, 1, 0
0.03061635, 0, 0
0.03061694, 0, 1
0.03061969, 0, 0
0.03062029, 1, 0
0.03062303, 0, 0
0.03062362, 0, 1
0.03062637, 0, 0
0.03062697, 1, 0
0.03062971, 0, 0
0.03063030, 0, 1
0.03063305, 0, 0
0.03063365, 1, 0
0.03063639, 0, 0
0.03063698, 0, 1
0.03063973, 0, 0
0.03064033, 1, 0
0.03064307, 0, 0
0.03064366, 0, 1
0.03064641, 0, 0
0.03064701, 1, 0
0.03064974, 0, 0
0.03065034, 0, 1
0.03065309, 0, 0
0.03065369, 1, 0
0.03065642, 0, 0
0.03065702, 0, 1
0.03065977, 0, 0
0.03066037, 1, 0
0.03066310, 0, 0
0.03066370, 0, 1
0.03066645, 0, 0
0.03066705, 1, 0
0.03066978, 0, 0
0.03067038, 0, 1
0.03067313, 0, 0
0.03067373, 1, 0
0.03067646, 0, 0
0.03067706, 0, 1
0.03067981, 0, 0
0.03068041, 1, 0
0.03068314, 0, 0
0.03068374, 0, 1
0.03068649, 0, 0
0.03068709, 1, 0
0.03068982, 0, 0
0.03069042, 0, 1
0.03069317, 0, 0
0.03069377, 1, 0
0.03069650, 0, 0
0.03069710, 0, 1
0.03069985, 0, 0
0.03070045, 1, 0
0.03070318, 0, 0
0.03070378, 0, 1
0.03070653, 0, 0
0.03070713, 1, 0
0.03070986, 0, 0
0.03071046, 0, 1
0.03071321, 0, 0
0.03071381, 1, 0
0.03071654, 0, 0
0.03071714, 0, 1
0.03071989, 0, 0
0.03072049, 1, 0
0.03072322, 0, 0
0.03072382, 0, 1
0.03072657, 0, 0
0.03072717, 1, 0
0.03072990, 0, 0
0.03073050, 0, 1
0.03073325, 0, 0
0.03073385, 1, 0
0.03073658, 0, 0
0.03073718, 0, 1
0.03073993, 0, 0
0.03074052, 1, 0
0.03074326, 0, 0
0.03074386, 0, 1
0.03074660, 0, 0
0.03074720, 1, 0
0.03074994, 0, 0
0.03075054, 0, 1
0.03075328, 0, 0
0.03075388, 1, 0
0.03075662, 0, 0
0.03075722, 0, 1
0.03075996, 0, 0
0.03076056, 1, 0
0.03076330, 0, 0
0.03076389, 0, 1
0.03076664, 0, 0
0.03076724, 1, 0
0.03076998, 0, 0
0.03077057, 0, 1
0.03077332, 0, 0
0.03077392, 1, 0
0.03077666, 0, 0
0.03077725, 0, 1
0.03078000, 0, 0
0.03078060, 1, 0
0.03078334, 0, 0
0.03078393, 0, 1
0.03078668, 0, 0
0.03078728, 1, 0
0.03079002, 0, 0
0.03079061, 0, 1
0.03079336, 0, 0
0.03079396, 1, 0
0.03079670, 0, 0
0.03079729, 0, 1
0.03080004, 0, 0
0.03080064, 1, 0
0.03080338, 0, 0
0.03080397, 0, 1
0.03080672, 0, 0
0.03080732, 1, 0
0.03081006, 0, 0
0.03081065, 0, 1
0.03081340, 0, 0
0.03081400, 1, 0
0.03081674, 0, 0
0.03081733, 0, 1
0.03082008, 0, 0
0.03082068, 1, 0
0.03082342, 0, 0
0.03082401, 0, 1
0.03082676, 0, 0
0.03082736, 1, 0
0.03083009, 0, 0
0.03083069, 0, 1
0.03083344, 0, 0
0.03083404, 1, 0
0.03083677, 0, 0
0.03083737, 0, 1
0.03084012, 0, 0
0.03084072, 1, 0
0.03084345, 0, 0
0.03084405, 0, 1
0.03084680, 0, 0
0.03084740, 1, 0
0.03085013, 0, 0
0.03085073, 0, 1
0.03085348, 0, 0
0.03085408, 1, 0
0.03085681, 0, 0
0.03085741, 0, 1
0.03086016, 0, 0
0.03086076, 1, 0
0.03086349, 0, 0
0.03086409, 0, 1
0.03086684, 0, 0
0.03086744, 1, 0
0.03087017, 0, 0
0.03087077, 0, 1
0.03087352, 0, 0
0.03087412, 1, 0
0.03087685, 0, 0
0.03087745, 0, 1
0.03088020, 0, 0
0.03088080, 1, 0
0.03088353, 0, 0
0.03088413, 0, 1
0.03088688, 0, 0
0.03088748, 1, 0
0.03089021, 0, 0
0.03089081, 0, 1
0.03089356, 0, 0
0.03089416, 1, 0
0.03089689, 0, 0
0.03089749, 0, 1
0.03090024, 0, 0
0.03090084, 1, 0
0.03090357, 0, 0
0.03090417, 0, 1
0.03090692, 0, 0
0.03090751, 1, 0
0.03091025, 0, 0
0.03091085, 0, 1
0.03091359, 0, 0
0.03091419, 1, 0
0.03091693, 0, 0
0.03091753, 0, 1
0.03092027, 0, 0
0.03092087, 1, 0
0.03092361, 0, 0
0.03092421, 0, 1
0.03092695, 0, 0
0.03092755, 1, 0
0.03093029, 0, 0
0.03093089, 0, 1
0.03093363, 0, 0
0.03093423, 1, 0
0.03093697, 0, 0
0.03093757, 0, 1
0.03094031, 0, 0
0.03094091, 1, 0
0.03094365, 0, 0
0.03094424, 0, 1
0.03094699, 0, 0
0.03094759, 1, 0
0.03095033, 0, 0
0.03095092, 0, 1
0.03095367, 0, 0
0.03095427, 1, 0
0.03095701, 0, 0
0.03095760, 0, 1
0.03096035, 0, 0
0.03096095, 1, 0
0.03096369, 0, 0
0.03096428, 0, 1
0.03096703, 0, 0
0.03096763, 1, 0
0.03097037, 0, 0
0.03097096, 0, 1
0.03097371, 0, 0
0.03097431, 1, 0
0.03097705, 0, 0
0.03097764, 0, 1
0.03098039, 0, 0
0.03098099, 1, 0
0.03098373, 0, 0
0.03098432, 0, 1
0.03098707, 0, 0
0.03098767, 1, 0
0.03099041, 0, 0
0.03099100, 0, 1
0.03099375, 0, 0
0.03099435, 1, 0
0.03099708, 0, 0
0.03099768, 0, 1
0.03100043, 0, 0
0.03100103, 1, 0
0.03100376, 0, 0
0.03100436, 0, 1
0.03100711, 0, 0
0.03100771, 1, 0
0.03101044, 0, 0
0.03101104, 0, 1
0.03101379, 0, 0
0.03101439, 1, 0
0.03101712, 0, 0
0.03101772, 0, 1
0.03102047, 0, 0
0.03102107, 1, 0
0.03102380, 0, 0
0.03102440, 0, 1
0.03102715, 0, 0
0.03102775, 1, 0
0.03103048, 0, 0
0.03103108, 0, 1
0.03103383, 0, 0
0.03103443, 1, 0
0.03103716, 0, 0
0.03103776, 0, 1
0.03104051, 0, 0
0.03104111, 1, 0
0.03104384, 0, 0
0.03104444, 0, 1
0.03104719, 0, 0
0.03104779, 1, 0
0.03105052, 0, 0
0.03105112, 0, 1
0.03105387, 0, 0
0.03105447, 1, 0
0.03105720, 0, 0
0.03105780, 0, 1
0.03106055, 0, 0
0.03106115, 1, 0
0.03106388, 0, 0
0.03106448, 0, 1
0.03106723, 0, 0
0.03106783, 1, 0
0.03107056, 0, 0
0.03107116, 0, 1
0.03107391, 0, 0
0.03107450, 1, 0
0.03107724, 0, 0
0.03107784, 0, 1
0.03108059, 0, 0
0.03108118, 1, 0
0.03108392, 0, 0
0.03108452, 0, 1
0.03108727, 0, 0
0.03108786, 1, 0
0.03109060, 0, 0
0.03109120, 0, 1
0.03109394, 0, 0
0.03109454, 1, 0
0.03109728, 0, 0
0.03109787, 0, 1
0.03110062, 0, 0
0.03110122, 1, 0
0.03110396, 0, 0
0.03110455, 0, 1
0.03110730, 0, 0
0.03110790, 1, 0
0.03111064, 0, 0
0.03111123, 0, 1
0.03111398, 0, 0
0.03111458, 1, 0
0.03111732, 0, 0
0.03111791, 0, 1
0.03112066, 0, 0
0.03112126, 1, 0
0.03112400, 0, 0
0.03112459, 0, 1
0.03112734, 0, 0
0.03112794, 1, 0
0.03113068, 0, 0
0.03113127, 0, 1
0.03113402, 0, 0
0.03113462, 1, 0
0.03113736, 0, 0
0.03113795, 0, 1
0.03114070, 0, 0
0.03114130, 1, 0
0.03114404, 0, 0
0.03114463, 0, 1
0.03114738, 0, 0
0.03114798, 1, 0
0.03115072, 0, 0
0.03115131, 0, 1
0.03115406, 0, 0
0.03115466, 1, 0
0.03115739, 0, 0
0.03115799, 0, 1
0.03116074, 0, 0
0.03116134, 1, 0
0.03116407, 0, 0
0.03116467, 0, 1
0.03116742, 0, 0
0.03116802, 1, 0
0.03117075, 0, 0
0.03117135, 0, 1
0.03117410, 0, 0
0.03117470, 1, 0
0.03117743, 0, 0
0.03117803, 0, 1
0.03118078, 0, 0
0.03118138, 1, 0
0.03118411, 0, 0
0.03118471, 0, 1
0.03118746, 0, 0
0.03118806, 1, 0
0.03119079, 0, 0
0.03119139, 0, 1
0.03119414, 0, 0
0.03119474, 1, 0
0.03119747, 0, 0
0.03119807, 0, 1
0.03120082, 0, 0
0.03120142, 1, 0
0.03120415, 0, 0
0.03120475, 0, 1
0.03120750, 0, 0
0.03120810, 1, 0
0.03121083, 0, 0
0.03121143, 0, 1
0.03121418, 0, 0
0.03121478, 1, 0
0.03121751, 0, 0
0.03121811, 0, 1
0.03122086, 0, 0
0.03122146, 1, 0
0.03122419, 0, 0
0.03122479, 0, 1
0.03122754, 0, 0
0.03122814, 1, 0
0.03123087, 0, 0
0.03123147, 0, 1
0.03123422, 0, 0
0.03123482, 1, 0
0.03123755, 0, 0
0.03123815, 0, 1
0.03124090, 0, 0
0.03124150, 1, 0
0.03124423, 0, 0
0.03124483, 0, 1
0.03124758, 0, 0
0.03124818, 1, 0
0.03125091, 0, 0
0.03125151, 0, 1
0.03125426, 0, 0
0.03125485, 1, 0
0.03125759, 0, 0
0.03125819, 0, 1
0.03126093, 0, 0
0.03126153, 1, 0
0.03126427, 0, 0
0.03126487, 0, 1
0.03126761, 0, 0
0.03126821, 1, 0
0.03127095, 0, 0
0.03127154, 0, 1
0.03127429, 0, 0
0.03127489, 1, 0
0.03127763, 0, 0
0.03127822, 0, 1
0.03128097, 0, 0
0.03128157, 1, 0
0.03128431, 0, 0
0.03128490, 0, 1
0.03128765, 0, 0
0.03128825, 1, 0
0.03129099, 0, 0
0.03129158, 0, 1
0.03129433, 0, 0
0.03129493, 1, 0
0.03129767, 0, 0
0.03129826, 0, 1
0.03130101, 0, 0
0.03130161, 1, 0
0.03130435, 0, 0
0.03130494, 0, 1
0.03130769, 0, 0
0.03130829, 1, 0
0.03131103, 0, 0
0.03131162, 0, 1
0.03131437, 0, 0
0.03131497, 1, 0
0.03131771, 0, 0
0.03131830, 0, 1
0.03132105, 0, 0
0.03132165, 1, 0
0.03132439, 0, 0
0.03132498, 0, 1
0.03132773, 0, 0
0.03132833, 1, 0
0.03133107, 0, 0
0.03133166, 0, 1
0.03133441, 0, 0
0.03133501, 1, 0
0.03133774, 0, 0
0.03133834, 0, 1
0.03134109, 0, 0
0.03134169, 1, 0
0.03134442, 0, 0
0.03134502, 0, 1
0.03134777, 0, 0
0.03134837, 1, 0
0.03135110, 0, 0
0.03135170, 0, 1
0.03135445, 0, 0
0.03135505, 1, 0
0.03135778, 0, 0
0.03135838, 0, 1
0.03136113, 0, 0
0.03136173, 1, 0
0.03136446, 0, 0
0.03136506, 0, 1
0.03136781, 0, 0
0.03136841, 1, 0
0.03137114, 0, 0
0.03137174, 0, 1
0.03137449, 0, 0
0.03137509, 1, 0
0.03137782, 0, 0
0.03137842, 0, 1
0.03138117, 0, 0
0.03138177, 1, 0
0.03138450, 0, 0
0.03138510, 0, 1
0.03138785, 0, 0
0.03138845, 1, 0
0.03139118, 0, 0
0.03139178, 0, 1
0.03139453, 0, 0
0.03139513, 1, 0
0.03139786, 0, 0
0.03139846, 0, 1
0.03140121, 0, 0
0.03140181, 1, 0
0.03140454, 0, 0
0.03140514, 0, 1
0.03140789, 0, 0
0.03140849, 1, 0
0.03141122, 0, 0
0.03141182, 0, 1
0.03141457, 0, 0
0.03141517, 1, 0
0.03141790, 0, 0
0.03141850, 0, 1
0.03142125, 0, 0
0.03142185, 1, 0
0.03142458, 0, 0
0.03142518, 0, 1
0.03142793, 0, 0
0.03142852, 1, 0
0.03143126, 0, 0
0.03143186, 0, 1
0.03143461, 0, 0
0.03143520, 1, 0
0.03143794, 0, 0
0.03143854, 0, 1
0.03144128, 0, 0
0.03144188, 1, 0
0.03144462, 0, 0
0.03144521, 0, 1
0.03144796, 0, 0
0.03144856, 1, 0
0.03145130, 0, 0
0.03145189, 0, 1
0.03145464, 0, 0
0.03145524, 1, 0
0.03145798, 0, 0
0.03145857, 0, 1
0.03146132, 0, 0
0.03146192, 1, 0
0.03146466, 0, 0
0.03146525, 0, 1
0.03146800, 0, 0
0.03146860, 1, 0
0.03147134, 0, 0
0.03147193, 0, 1
0.03147468, 0, 0
0.03147528, 1, 0
0.03147802, 0, 0
0.03147861, 0, 1
0.03148136, 0, 0
0.03148196, 1, 0
0.03148470, 0, 0
0.03148529, 0, 1
0.03148804, 0, 0
0.03148864, 1, 0
0.03149138, 0, 0
0.03149197, 0, 1
0.03149472, 0, 0
0.03149532, 1, 0
0.03149806, 0, 0
0.03149865, 0, 1
0.03150140, 0, 0
0.03150200, 1, 0
0.03150473, 0, 0
0.03150533, 0, 1
0.03150808, 0, 0
0.03150868, 1, 0
0.03151141, 0, 0
0.03151201, 0, 1
0.03151476, 0, 0
0.03151536, 1, 0
0.03151809, 0, 0
0.03151869, 0, 1
0.03152144, 0, 0
0.03152204, 1, 0
0.03152477, 0, 0
0.03152537, 0, 1
0.03152812, 0, 0
0.03152872, 1, 0
0.03153145, 0, 0
0.03153205, 0, 1
0.03153480, 0, 0
0.03153540, 1, 0
0.03153813, 0, 0
0.03153873, 0, 1
0.03154148, 0, 0
0.03154208, 1, 0
0.03154481, 0, 0
0.03154541, 0, 1
0.03154816, 0, 0
0.03154876, 1, 0
0.03155149, 0, 0
0.03155209, 0, 1
0.03155484, 0, 0
0.03155544, 1, 0
0.03155817, 0, 0
0.03155877, 0, 1
0.03156152, 0, 0
0.03156212, 1, 0
0.03156485, 0, 0
0.03156545, 0, 1
0.03156820, 0, 0
0.03156880, 1, 0
0.03157153, 0, 0
0.03157213, 0, 1
0.03157488, 0, 0
0.03157548, 1, 0
0.03157821, 0, 0
0.03157881, 0, 1
0.03158156, 0, 0
0.03158216, 1, 0
0.03158489, 0, 0
0.03158549, 0, 1
0.03158824, 0, 0
0.03158884, 1, 0
0.03159157, 0, 0
0.03159217, 0, 1
0.03159492, 0, 0
0.03159551, 1, 0
0.03159825, 0, 0
0.03159885, 0, 1
0.03160160, 0, 0
0.03160219, 1, 0
0.03160493, 0, 0
0.03160553, 0, 1
0.03160828, 0, 0
0.03160887, 1, 0
0.03161161, 0, 0
0.03161221, 0, 1
0.03161495, 0, 0
0.03161555, 1, 0
0.03161829, 0, 0
0.03161888, 0, 1
0.03162163, 0, 0
0.03162223, 1, 0
0.03162497, 0, 0
0.03162556, 0, 1
0.03162831, 0, 0
0.03162891, 1, 0
0.03163165, 0, 0
0.03163224, 0, 1
0.03163499, 0, 0
0.03163559, 1, 0
0.03163833, 0, 0
0.03163892, 0, 1
0.03164167, 0, 0
0.03164227, 1, 0
0.03164501, 0, 0
0.03164560, 0, 1
0.03164835, 0, 0
0.03164895, 1, 0
0.03165169, 0, 0
0.03165228, 0, 1
0.03165503, 0, 0
0.03165563, 1, 0
0.03165837, 0, 0
0.03165896, 0, 1
0.03166171, 0, 0
0.03166231, 1, 0
0.03166505, 0, 0
0.03166564, 0, 1
0.03166839, 0, 0
0.03166899, 1, 0
0.03167173, 0, 0
0.03167232, 0, 1
0.03167507, 0, 0
0.03167567, 1, 0
0.03167840, 0, 0
0.03167900, 0, 1
0.03168175, 0, 0
0.03168235, 1, 0
0.03168508, 0, 0
0.03168568, 0, 1
0.03168843, 0, 0
0.03168903, 1, 0
0.03169176, 0, 0
0.03169236, 0, 1
0.03169511, 0, 0
0.03169571, 1, 0
0.03169844, 0, 0
0.03169904, 0, 1
0.03170179, 0, 0
0.03170239, 1, 0
0.03170512, 0, 0
0.03170572, 0, 1
0.03170847, 0, 0
0.03170907, 1, 0
0.03171180, 0, 0
0.03171240, 0, 1
0.03171515, 0, 0
0.03171575, 1, 0
0.03171848, 0, 0
0.03171908, 0, 1
0.03172183, 0, 0
0.03172243, 1, 0
0.03172516, 0, 0
0.03172576, 0, 1
0.03172851, 0, 0
0.03172911, 1, 0
0.03173184, 0, 0
0.03173244, 0, 1
0.03173519, 0, 0
0.03173579, 1, 0
0.03173852, 0, 0
0.03173912, 0, 1
0.03174187, 0, 0
0.03174247, 1, 0
0.03174520, 0, 0
0.03174580, 0, 1
0.03174855, 0, 0
0.03174915, 1, 0
0.03175188, 0, 0
0.03175248, 0, 1
0.03175523, 0, 0
0.03175582, 1, 0
0.03175856, 0, 0
0.03175916, 0, 1
0.03176191, 0, 0
0.03176250, 1, 0
0.03176524, 0, 0
0.03176584, 0, 1
0.03176859, 0, 0
0.03176918, 1, 0
0.03177192, 0, 0
0.03177252, 0, 1
0.03177527, 0, 0
0.03177586, 1, 0
0.03177860, 0, 0
0.03177920, 0, 1
0.03178194, 0, 0
0.03178254, 1, 0
0.03178528, 0, 0
0.03178587, 0, 1
0.03178862, 0, 0
0.03178922, 1, 0
0.03179196, 0, 0
0.03179255, 0, 1
0.03179530, 0, 0
0.03179590, 1, 0
0.03179864, 0, 0
0.03179923, 0, 1
0.03180198, 0, 0
0.03180258, 1, 0
0.03180532, 0, 0
0.03180591, 0, 1
0.03180866, 0, 0
0.03180926, 1, 0
0.03181200, 0, 0
0.03181259, 0, 1
0.03181534, 0, 0
0.03181594, 1, 0
0.03181868, 0, 0
0.03181927, 0, 1
0.03182202, 0, 0
0.03182262, 1, 0
0.03182536, 0, 0
0.03182595, 0, 1
0.03182870, 0, 0
0.03182930, 1, 0
0.03183204, 0, 0
0.03183263, 0, 1
0.03183538, 0, 0
0.03183598, 1, 0
0.03183872, 0, 0
0.03183931, 0, 1
0.03184206, 0, 0
0.03184266, 1, 0
0.03184540, 0, 0
0.03184599, 0, 1
0.03184874, 0, 0
0.03184934, 1, 0
0.03185208, 0, 0
0.03185267, 0, 1
0.03185542, 0, 0
0.03185602, 1, 0
0.03185875, 0, 0
0.03185935, 0, 1
0.03186210, 0, 0
0.03186270, 1, 0
0.03186543, 0, 0
0.03186603, 0, 1
0.03186878, 0, 0
0.03186938, 1, 0
0.03187211, 0, 0
0.03187271, 0, 1
0.03187546, 0, 0
0.03187606, 1, 0
0.03187879, 0, 0
0.03187939, 0, 1
0.03188214, 0, 0
0.03188274, 1, 0
0.03188547, 0, 0
0.03188607, 0, 1
0.03188882, 0, 0
0.03188942, 1, 0
0.03189215, 0, 0
0.03189275, 0, 1
0.03189550, 0, 0
0.03189610, 1, 0
0.03189883, 0, 0
0.03189943, 0, 1
0.03190218, 0, 0
0.03190278, 1, 0
0.03190551, 0, 0
0.03190611, 0, 1
0.03190886, 0, 0
0.03190946, 1, 0
0.03191219, 0, 0
0.03191279, 0, 1
0.03191554, 0, 0
0.03191614, 1, 0
0.03191887, 0, 0
0.03191947, 0, 1
0.03192222, 0, 0
0.03192282, 1, 0
0.03192555, 0, 0
0.03192615, 0, 1
0.03192890, 0, 0
0.03192950, 1, 0
0.03193223, 0, 0
0.03193283, 0, 1
0.03193558, 0, 0
0.03193618, 1, 0
0.03193891, 0, 0
0.03193951, 0, 1
0.03194226, 0, 0
0.03194285, 1, 0
0.03194559, 0, 0
0.03194619, 0, 1
0.03194894, 0, 0
0.03194953, 1, 0
0.03195227, 0, 0
0.03195287, 0, 1
0.03195561, 0, 0
0.03195621, 1, 0
0.03195895, 0, 0
0.03195954, 0, 1
0.03196229, 0, 0
0.03196289, 1, 0
0.03196563, 0, 0
0.03196622, 0, 1
0.03196897, 0, 0
0.03196957, 1, 0
0.03197231, 0, 0
0.03197290, 0, 1
0.03197565, 0, 0
0.03197625, 1, 0
0.03197899, 0, 0
0.03197958, 0, 1
0.03198233, 0, 0
0.03198293, 1, 0
0.03198567, 0, 0
0.03198626, 0, 1
0.03198901, 0, 0
0.03198961, 1, 0
0.03199235, 0, 0
0.03199294, 0, 1
0.03199569, 0, 0
0.03199629, 1, 0
0.03199903, 0, 0
0.03199962, 0, 1
0.03200237, 0, 0
0.03200297, 1, 0
0.03200571, 0, 0
0.03200630, 0, 1
0.03200905, 0, 0
0.03200965, 1, 0
0.03201239, 0, 0
0.03201298, 0, 1
0.03201573, 0, 0
0.03201633, 1, 0
0.03201907, 0, 0
0.03201966, 0, 1
0.03202241, 0, 0
0.03202301, 1, 0
0.03202575, 0, 0
0.03202634, 0, 1
0.03202909, 0, 0
0.03202969, 1, 0
0.03203242, 0, 0
0.03203302, 0, 1
0.03203577, 0, 0
0.03203637, 1, 0
0.03203910, 0, 0
0.03203970, 0, 1
0.03204245, 0, 0
0.03204305, 1, 0
0.03204578, 0, 0
0.03204638, 0, 1
0.03204913, 0, 0
0.03204973, 1, 0
0.03205246, 0, 0
0.03205306, 0, 1
0.03205581, 0, 0
0.03205641, 1, 0
0.03205914, 0, 0
0.03205974, 0, 1
0.03206249, 0, 0
0.03206309, 1, 0
0.03206582, 0, 0
0.03206642, 0, 1
0.03206917, 0, 0
0.03206977, 1, 0
0.03207250, 0, 0
0.03207310, 0, 1
0.03207585, 0, 0
0.03207645, 1, 0
0.03207918, 0, 0
0.03207978, 0, 1
0.03208253, 0, 0
0.03208313, 1, 0
0.03208586, 0, 0
0.03208646, 0, 1
0.03208921, 0, 0
0.03208981, 1, 0
0.03209254, 0, 0
0.03209314, 0, 1
0.03209589, 0, 0
0.03209649, 1, 0
0.03209922, 0, 0
0.03209982, 0, 1
0.03210257, 0, 0
0.03210316, 1, 0
0.03210590, 0, 0
0.03210650, 0, 1
0.03210925, 0, 0
0.03210984, 1, 0
0.03211258, 0, 0
0.03211318, 0, 1
0.03211593, 0, 0
0.03211652, 1, 0
0.03211926, 0, 0
0.03211986, 0, 1
0.03212261, 0, 0
0.03212320, 1, 0
0.03212594, 0, 0
0.03212654, 0, 1
0.03212928, 0, 0
0.03212988, 1, 0
0.03213262, 0, 0
0.03213321, 0, 1
0.03213596, 0, 0
0.03213656, 1, 0
0.03213930, 0, 0
0.03213989, 0, 1
0.03214264, 0, 0
0.03214324, 1, 0
0.03214598, 0, 0
0.03214657, 0, 1
0.03214932, 0, 0
0.03214992, 1, 0
0.03215266, 0, 0
0.03215325, 0, 1
0.03215600, 0, 0
0.03215660, 1, 0
0.03215934, 0, 0
0.03215993, 0, 1
0.03216268, 0, 0
0.03216328, 1, 0
0.03216602, 0, 0
0.03216661, 0, 1
0.03216936, 0, 0
0.03216996, 1, 0
0.03217270, 0, 0
0.03217329, 0, 1
0.03217604, 0, 0
0.03217664, 1, 0
0.03217938, 0, 0
0.03217997, 0, 1
0.03218272, 0, 0
0.03218332, 1, 0
0.03218606, 0, 0
0.03218665, 0, 1
0.03218940, 0, 0
0.03219000, 1, 0
0.03219274, 0, 0
0.03219333, 0, 1
0.03219608, 0, 0
0.03219668, 1, 0
0.03219941, 0, 0
0.03220001, 0, 1
0.03220276, 0, 0
0.03220336, 1, 0
0.03220609, 0, 0
0.03220669, 0, 1
0.03220944, 0, 0
0.03221004, 1, 0
0.03221277, 0, 0
0.03221337, 0, 1
0.03221612, 0, 0
0.03221672, 1, 0
0.03221945, 0, 0
0.03222005, 0, 1
0.03222280, 0, 0
0.03222340, 1, 0
0.03222613, 0, 0
0.03222673, 0, 1
0.03222948, 0, 0
0.03223008, 1, 0
0.03223281, 0, 0
0.03223341, 0, 1
0.03223616, 0, 0
0.03223676, 1, 0
0.03223949, 0, 0
0.03224009, 0, 1
0.03224284, 0, 0
0.03224344, 1, 0
0.03224617, 0, 0
0.03224677, 0, 1
0.03224952, 0, 0
0.03225012, 1, 0
0.03225285, 0, 0
0.03225345, 0, 1
0.03225620, 0, 0
0.03225680, 1, 0
0.03225953, 0, 0
0.03226013, 0, 1
0.03226288, 0, 0
0.03226348, 1, 0
0.03226621, 0, 0
0.03226681, 0, 1
0.03226956, 0, 0
0.03227016, 1, 0
0.03227289, 0, 0
0.03227349, 0, 1
0.03227624, 0, 0
0.03227683, 1, 0
0.03227957, 0, 0
0.03228017, 0, 1
0.03228292, 0, 0
0.03228351, 1, 0
0.03228625, 0, 0
0.03228685, 0, 1
0.03228959, 0, 0
0.03229019, 1, 0
0.03229293, 0, 0
0.03229353, 0, 1
0.03229627, 0, 0
0.03229687, 1, 0
0.03229961, 0, 0
0.03230020, 0, 1
0.03230295, 0, 0
0.03230355, 1, 0
0.03230629, 0, 0
0.03230688, 0, 1
0.03230963, 0, 0
0.03231023, 1, 0
0.03231297, 0, 0
0.03231356, 0, 1
0.03231631, 0, 0
0.03231691, 1, 0
0.03231965, 0, 0
0.03232024, 0, 1
0.03232299, 0, 0
0.03232359, 1, 0
0.03232633, 0, 0
0.03232692, 0, 1
0.03232967, 0, 0
0.03233027, 1, 0
0.03233301, 0, 0
0.03233360, 0, 1
0.03233635, 0, 0
0.03233695, 1, 0
0.03233969, 0, 0
0.03234028, 0, 1
0.03234303, 0, 0
0.03234363, 1, 0
0.03234637, 0, 0
0.03234696, 0, 1
0.03234971, 0, 0
0.03235031, 1, 0
0.03235304, 0, 0
0.03235364, 0, 1
0.03235639, 0, 0
0.03235699, 1, 0
0.03235972, 0, 0
0.03236032, 0, 1
0.03236307, 0, 0
0.03236367, 1, 0
0.03236641, 0, 0
0.03236700, 0, 1
0.03236975, 0, 0
0.03237035, 1, 0
0.03237308, 0, 0
0.03237368, 0, 1
0.03237643, 0, 0
0.03237703, 1, 0
0.03237976, 0, 0
0.03238036, 0, 1
0.03238311, 0, 0
0.03238371, 1, 0
0.03238644, 0, 0
0.03238704, 0, 1
0.03238979, 0, 0
0.03239039, 1, 0
0.03239312, 0, 0
0.03239372, 0, 1
0.03239647, 0, 0
0.03239707, 1, 0
0.03239980, 0, 0
0.03240040, 0, 1
0.03240315, 0, 0
0.03240375, 1, 0
0.03240648, 0, 0
0.03240708, 0, 1
0.03240983, 0, 0
0.03241043, 1, 0
0.03241316, 0, 0
0.03241376, 0, 1
0.03241651, 0, 0
0.03241711, 1, 0
0.03241984, 0, 0
0.03242044, 0, 1
0.03242319, 0, 0
0.03242379, 1, 0
0.03242652, 0, 0
0.03242712, 0, 1
0.03242987, 0, 0
0.03243047, 1, 0
0.03243320, 0, 0
0.03243380, 0, 1
0.03243655, 0, 0
0.03243715, 1, 0
0.03243988, 0, 0
0.03244048, 0, 1
0.03244323, 0, 0
0.03244383, 1, 0
0.03244656, 0, 0
0.03244716, 0, 1
0.03244991, 0, 0
0.03245050, 1, 0
0.03245324, 0, 0
0.03245384, 0, 1
0.03245658, 0, 0
0.03245718, 1, 0
0.03245992, 0, 0
0.03246052, 0, 1
0.03246327, 0, 0
0.03246386, 1, 0
0.03246660, 0, 0
0.03246720, 0, 1
0.03246994, 0, 0
0.03247054, 1, 0
0.03247328, 0, 0
0.03247387, 0, 1
0.03247662, 0, 0
0.03247722, 1, 0
0.03247996, 0, 0
0.03248055, 0, 1
0.03248330, 0, 0
0.03248390, 1, 0
0.03248664, 0, 0
0.03248723, 0, 1
0.03248998, 0, 0
0.03249058, 1, 0
0.03249332, 0, 0
0.03249391, 0, 1
0.03249666, 0, 0
0.03249726, 1, 0
0.03250000, 0, 0
0.03250059, 0, 1
0.03250334, 0, 0
0.03250394, 1, 0
0.03250668, 0, 0
0.03250727, 0, 1
0.03251002, 0, 0
0.03251062, 1, 0
0.03251336, 0, 0
0.03251395, 0, 1
0.03251670, 0, 0
0.03251730, 1, 0
0.03252004, 0, 0
0.03252063, 0, 1
0.03252338, 0, 0
0.03252398, 1, 0
0.03252672, 0, 0
0.03252731, 0, 1
0.03253006, 0, 0
0.03253066, 1, 0
0.03253339, 0, 0
0.03253399, 0, 1
0.03253674, 0, 0
0.03253734, 1, 0
0.03254007, 0, 0
0.03254067, 0, 1
0.03254342, 0, 0
0.03254402, 1, 0
0.03254675, 0, 0
0.03254735, 0, 1
0.03255010, 0, 0
0.03255070, 1, 0
0.03255343, 0, 0
0.03255403, 0, 1
0.03255678, 0, 0
0.03255738, 1, 0
0.03256011, 0, 0
0.03256071, 0, 1
0.03256346, 0, 0
0.03256406, 1, 0
0.03256679, 0, 0
0.03256739, 0, 1
0.03257014, 0, 0
0.03257074, 1, 0
0.03257347, 0, 0
0.03257407, 0, 1
0.03257682, 0, 0
0.03257742, 1, 0
0.03258015, 0, 0
0.03258075, 0, 1
0.03258350, 0, 0
0.03258410, 1, 0
0.03258683, 0, 0
0.03258743, 0, 1
0.03259018, 0, 0
0.03259078, 1, 0
0.03259351, 0, 0
0.03259411, 0, 1
0.03259686, 0, 0
0.03259746, 1, 0
0.03260019, 0, 0
0.03260079, 0, 1
0.03260354, 0, 0
0.03260414, 1, 0
0.03260687, 0, 0
0.03260747, 0, 1
0.03261022, 0, 0
0.03261082, 1, 0
0.03261355, 0, 0
0.03261415, 0, 1
0.03261690, 0, 0
0.03261749, 1, 0
0.03262023, 0, 0
0.03262083, 0, 1
0.03262358, 0, 0
0.03262417, 1, 0
0.03262691, 0, 0
0.03262751, 0, 1
0.03263025, 0, 0
0.03263085, 1, 0
0.03263359, 0, 0
0.03263419, 0, 1
0.03263693, 0, 0
0.03263753, 1, 0
0.03264027, 0, 0
0.03264086, 0, 1
0.03264361, 0, 0
0.03264421, 1, 0
0.03264695, 0, 0
0.03264755, 0, 1
0.03265029, 0, 0
0.03265089, 1, 0
0.03265363, 0, 0
0.03265422, 0, 1
0.03265697, 0, 0
0.03265757, 1, 0
0.03266031, 0, 0
0.03266090, 0, 1
0.03266365, 0, 0
0.03266425, 1, 0
0.03266699, 0, 0
0.03266758, 0, 1
0.03267033, 0, 0
0.03267093, 1, 0
0.03267367, 0, 0
0.03267426, 0, 1
0.03267701, 0, 0
0.03267761, 1, 0
0.03268035, 0, 0
0.03268094, 0, 1
0.03268369, 0, 0
0.03268429, 1, 0
0.03268703, 0, 0
0.03268762, 0, 1
0.03269037, 0, 0
0.03269097, 1, 0
0.03269371, 0, 0
0.03269430, 0, 1
0.03269705, 0, 0
0.03269765, 1, 0
0.03270039, 0, 0
0.03270098, 0, 1
0.03270373, 0, 0
0.03270433, 1, 0
0.03270706, 0, 0
0.03270766, 0, 1
0.03271041, 0, 0
0.03271101, 1, 0
0.03271374, 0, 0
0.03271434, 0, 1
0.03271709, 0, 0
0.03271769, 1, 0
0.03272042, 0, 0
0.03272102, 0, 1
0.03272377, 0, 0
0.03272437, 1, 0
0.03272710, 0, 0
0.03272770, 0, 1
0.03273045, 0, 0
0.03273105, 1, 0
0.03273378, 0, 0
0.03273438, 0, 1
0.03273713, 0, 0
0.03273773, 1, 0
0.03274046, 0, 0
0.03274106, 0, 1
0.03274381, 0, 0
0.03274441, 1, 0
0.03274714, 0, 0
0.03274774, 0, 1
0.03275049, 0, 0
0.03275109, 1, 0
0.03275382, 0, 0
0.03275442, 0, 1
0.03275717, 0, 0
0.03275777, 1, 0
0.03276050, 0, 0
0.03276110, 0, 1
0.03276385, 0, 0
0.03276445, 1, 0
0.03276718, 0, 0
0.03276778, 0, 1
0.03277053, 0, 0
0.03277113, 1, 0
0.03277386, 0, 0
0.03277446, 0, 1
0.03277721, 0, 0
0.03277781, 1, 0
0.03278054, 0, 0
0.03278114, 0, 1
0.03278389, 0, 0
0.03278448, 1, 0
0.03278722, 0, 0
0.03278782, 0, 1
0.03279057, 0, 0
0.03279116, 1, 0
0.03279390, 0, 0
0.03279450, 0, 1
0.03279725, 0, 0
0.03279784, 1, 0
0.03280058, 0, 0
0.03280118, 0, 1
0.03280393, 0, 0
0.03280452, 1, 0
0.03280726, 0, 0
0.03280786, 0, 1
0.03281060, 0, 0
0.03281120, 1, 0
0.03281394, 0, 0
0.03281453, 0, 1
0.03281728, 0, 0
0.03281788, 1, 0
0.03282062, 0, 0
0.03282121, 0, 1
0.03282396, 0, 0
0.03282456, 1, 0
0.03282730, 0, 0
0.03282789, 0, 1
0.03283064, 0, 0
0.03283124, 1, 0
0.03283398, 0, 0
0.03283457, 0, 1
0.03283732, 0, 0
0.03283792, 1, 0
0.03284066, 0, 0
0.03284125, 0, 1
0.03284400, 0, 0
0.03284460, 1, 0
0.03284734, 0, 0
0.03284793, 0, 1
0.03285068, 0, 0
0.03285128, 1, 0
0.03285402, 0, 0
0.03285461, 0, 1
0.03285736, 0, 0
0.03285796, 1, 0
0.03286070, 0, 0
0.03286129, 0, 1
0.03286404, 0, 0
0.03286464, 1, 0
0.03286738, 0, 0
0.03286797, 0, 1
0.03287072, 0, 0
0.03287132, 1, 0
0.03287406, 0, 0
0.03287465, 0, 1
0.03287740, 0, 0
0.03287800, 1, 0
0.03288073, 0, 0
0.03288133, 0, 1
0.03288408, 0, 0
0.03288468, 1, 0
0.03288741, 0, 0
0.03288801, 0, 1
0.03289076, 0, 0
0.03289136, 1, 0
0.03289409, 0, 0
0.03289469, 0, 1
0.03289744, 0, 0
0.03289804, 1, 0
0.03290077, 0, 0
0.03290137, 0, 1
0.03290412, 0, 0
0.03290472, 1, 0
0.03290745, 0, 0
0.03290805, 0, 1
0.03291080, 0, 0
0.03291140, 1, 0
0.03291413, 0, 0
0.03291473, 0, 1
0.03291748, 0, 0
0.03291808, 1, 0
0.03292081, 0, 0
0.03292141, 0, 1
0.03292416, 0, 0
0.03292476, 1, 0
0.03292749, 0, 0
0.03292809, 0, 1
0.03293084, 0, 0
0.03293144, 1, 0
0.03293417, 0, 0
0.03293477, 0, 1
0.03293752, 0, 0
0.03293812, 1, 0
0.03294085, 0, 0
0.03294145, 0, 1
0.03294420, 0, 0
0.03294480, 1, 0
0.03294753, 0, 0
0.03294813, 0, 1
0.03295088, 0, 0
0.03295147, 1, 0
0.03295421, 0, 0
0.03295481, 0, 1
0.03295756, 0, 0
0.03295815, 1, 0
0.03296089, 0, 0
0.03296149, 0, 1
0.03296424, 0, 0
0.03296483, 1, 0
0.03296757, 0, 0
0.03296817, 0, 1
0.03297092, 0, 0
0.03297151, 1, 0
0.03297425, 0, 0
0.03297485, 0, 1
0.03297760, 0, 0
0.03297819, 1, 0
0.03298093, 0, 0
0.03298153, 0, 1
0.03298427, 0, 0
0.03298487, 1, 0
0.03298761, 0, 0
0.03298820, 0, 1
0.03299095, 0, 0
0.03299155, 1, 0
0.03299429, 0, 0
0.03299488, 0, 1
0.03299763, 0, 0
0.03299823, 1, 0
0.03300097, 0, 0
0.03300156, 0, 1
0.03300431, 0, 0
0.03300491, 1, 0
0.03300765, 0, 0
0.03300824, 0, 1
0.03301099, 0, 0
0.03301159, 1, 0
0.03301433, 0, 0
0.03301492, 0, 1
0.03301767, 0, 0
0.03301827, 1, 0
0.03302101, 0, 0
0.03302160, 0, 1
0.03302435, 0, 0
0.03302495, 1, 0
0.03302769, 0, 0
0.03302828, 0, 1
0.03303103, 0, 0
0.03303163, 1, 0
0.03303437, 0, 0
0.03303496, 0, 1
0.03303771, 0, 0
0.03303831, 1, 0
0.03304105, 0, 0
0.03304164, 0, 1
0.03304439, 0, 0
0.03304499, 1, 0
0.03304772, 0, 0
0.03304832, 0, 1
0.03305107, 0, 0
0.03305167, 1, 0
0.03305440, 0, 0
0.03305500, 0, 1
0.03305775, 0, 0
0.03305835, 1, 0
0.03306108, 0, 0
0.03306168, 0, 1
0.03306443, 0, 0
0.03306503, 1, 0
0.03306776, 0, 0
0.03306836, 0, 1
0.03307111, 0, 0
0.03307171, 1, 0
0.03307444, 0, 0
0.03307504, 0, 1
0.03307779, 0, 0
0.03307839, 1, 0
0.03308112, 0, 0
0.03308172, 0, 1
0.03308447, 0, 0
0.03308507, 1, 0
0.03308780, 0, 0
0.03308840, 0, 1
0.03309115, 0, 0
0.03309175, 1, 0
0.03309448, 0, 0
0.03309508, 0, 1
0.03309783, 0, 0
0.03309843, 1, 0
0.03310116, 0, 0
0.03310176, 0, 1
0.03310451, 0, 0
0.03310511, 1, 0
0.03310784, 0, 0
0.03310844, 0, 1
0.03311119, 0, 0
0.03311179, 1, 0
0.03311452, 0, 0
0.03311512, 0, 1
0.03311787, 0, 0
0.03311847, 1, 0
0.03312120, 0, 0
0.03312180, 0, 1
0.03312455, 0, 0
0.03312515, 1, 0
0.03312788, 0, 0
0.03312848, 0, 1
0.03313123, 0, 0
0.03313182, 1, 0
0.03313456, 0, 0
0.03313516, 0, 1
0.03313791, 0, 0
0.03313850, 1, 0
0.03314124, 0, 0
0.03314184, 0, 1
0.03314458, 0, 0
0.03314518, 1, 0
0.03314792, 0, 0
0.03314852, 0, 1
0.03315126, 0, 0
0.03315186, 1, 0
0.03315460, 0, 0
0.03315519, 0, 1
0.03315794, 0, 0
0.03315854, 1, 0
0.03316128, 0, 0
0.03316187, 0, 1
0.03316462, 0, 0
0.03316522, 1, 0
0.03316796, 0, 0
0.03316855, 0, 1
0.03317130, 0, 0
0.03317190, 1, 0
0.03317464, 0, 0
0.03317523, 0, 1
0.03317798, 0, 0
0.03317858, 1, 0
0.03318132, 0, 0
0.03318191, 0, 1
0.03318466, 0, 0
0.03318526, 1, 0
0.03318800, 0, 0
0.03318859, 0, 1
0.03319134, 0, 0
0.03319194, 1, 0
0.03319468, 0, 0
0.03319527, 0, 1
0.03319802, 0, 0
0.03319862, 1, 0
0.03320136, 0, 0
0.03320195, 0, 1
0.03320470, 0, 0
0.03320530, 1, 0
0.03320804, 0, 0
0.03320863, 0, 1
0.03321138, 0, 0
0.03321198, 1, 0
0.03321472, 0, 0
0.03321531, 0, 1
0.03321806, 0, 0
0.03321866, 1, 0
0.03322140, 0, 0
0.03322199, 0, 1
0.03322474, 0, 0
0.03322534, 1, 0
0.03322807, 0, 0
0.03322867, 0, 1
0.03323142, 0, 0
0.03323202, 1, 0
0.03323475, 0, 0
0.03323535, 0, 1
0.03323810, 0, 0
0.03323870, 1, 0
0.03324143, 0, 0
0.03324203, 0, 1
0.03324478, 0, 0
0.03324538, 1, 0
0.03324811, 0, 0
0.03324871, 0, 1
0.03325146, 0, 0
0.03325206, 1, 0
0.03325479, 0, 0
0.03325539, 0, 1
0.03325814, 0, 0
0.03325874, 1, 0
0.03326147, 0, 0
0.03326207, 0, 1
0.03326482, 0, 0
0.03326542, 1, 0
0.03326815, 0, 0
0.03326875, 0, 1
0.03327150, 0, 0
0.03327210, 1, 0
0.03327483, 0, 0
0.03327543, 0, 1
0.03327818, 0, 0
0.03327878, 1, 0
0.03328151, 0, 0
0.03328211, 0, 1
0.03328486, 0, 0
0.03328546, 1, 0
0.03328819, 0, 0
0.03328879, 0, 1
0.03329154, 0, 0
0.03329214, 1, 0
0.03329487, 0, 0
0.03329547, 0, 1
0.03329822, 0, 0
0.03329882, 1, 0
0.03330155, 0, 0
0.03330215, 0, 1
0.03330490, 0, 0
0.03330549, 1, 0
0.03330823, 0, 0
0.03330883, 0, 1
0.03331158, 0, 0
0.03331217, 1, 0
0.03331491, 0, 0
0.03331551, 0, 1
0.03331826, 0, 0
0.03331885, 1, 0
0.03332159, 0, 0
0.03332219, 0, 1
0.03332493, 0, 0
0.03332553, 1, 0
0.03332827, 0, 0
0.03332887, 0, 1
0.03333161, 0, 0
0.03333221, 1, 0
0.03333495, 0, 0
0.03333554, 0, 1
0.03333829, 0, 0
0.03333889, 1, 0
0.03334163, 0, 0
0.03334222, 0, 1
0.03334497, 0, 0
0.03334557, 1, 0
0.03334831, 0, 0
0.03334890, 0, 1
0.03335165, 0, 0
0.03335225, 1, 0
0.03335499, 0, 0
0.03335558, 0, 1
0.03335833, 0, 0
0.03335893, 1, 0
0.03336167, 0, 0
0.03336226, 0, 1
0.03336501, 0, 0
0.03336561, 1, 0
0.03336835, 0, 0
0.03336894, 0, 1
0.03337169, 0, 0
0.03337229, 1, 0
0.03337503, 0, 0
0.03337562, 0, 1
0.03337837, 0, 0
0.03337897, 1, 0
0.03338171, 0, 0
0.03338230, 0, 1
0.03338505, 0, 0
0.03338565, 1, 0
0.03338839, 0, 0
0.03338898, 0, 1
0.03339173, 0, 0
0.03339233, 1, 0
0.03339506, 0, 0
0.03339566, 0, 1
0.03339841, 0, 0
0.03339901, 1, 0
0.03340174, 0, 0
0.03340234, 0, 1
0.03340509, 0, 0
0.03340569, 1, 0
0.03340842, 0, 0
0.03340902, 0, 1
0.03341177, 0, 0
0.03341237, 1, 0
0.03341510, 0, 0
0.03341570, 0, 1
0.03341845, 0, 0
0.03341905, 1, 0
0.03342178, 0, 0
0.03342238, 0, 1
0.03342513, 0, 0
0.03342573, 1, 0
0.03342846, 0, 0
0.03342906, 0, 1
0.03343181, 0, 0
0.03343241, 1, 0
0.03343514, 0, 0
0.03343574, 0, 1
0.03343849, 0, 0
0.03343909, 1, 0
0.03344182, 0, 0
0.03344242, 0, 1
0.03344517, 0, 0
0.03344577, 1, 0
0.03344850, 0, 0
0.03344910, 0, 1
0.03345185, 0, 0
0.03345245, 1, 0
0.03345518, 0, 0
0.03345578, 0, 1
0.03345853, 0, 0
0.03345913, 1, 0
0.03346186, 0, 0
0.03346246, 0, 1
0.03346521, 0, 0
0.03346580, 1, 0
0.03346854, 0, 0
0.03346914, 0, 1
0.03347189, 0, 0
0.03347248, 1, 0
0.03347522, 0, 0
0.03347582, 0, 1
0.03347857, 0, 0
0.03347916, 1, 0
0.03348190, 0, 0
0.03348250, 0, 1
0.03348525, 0, 0
0.03348584, 1, 0
0.03348858, 0, 0
0.03348918, 0, 1
0.03349193, 0, 0
0.03349252, 1, 0
0.03349526, 0, 0
0.03349586, 0, 1
0.03349860, 0, 0
0.03349920, 1, 0
0.03350194, 0, 0
0.03350253, 0, 1
0.03350528, 0, 0
0.03350588, 1, 0
0.03350862, 0, 0
0.03350921, 0, 1
0.03351196, 0, 0
0.03351256, 1, 0
0.03351530, 0, 0
0.03351589, 0, 1
0.03351864, 0, 0
0.03351924, 1, 0
0.03352198, 0, 0
0.03352257, 0, 1
0.03352532, 0, 0
0.03352592, 1, 0
0.03352866, 0, 0
0.03352925, 0, 1
0.03353200, 0, 0
0.03353260, 1, 0
0.03353534, 0, 0
0.03353593, 0, 1
0.03353868, 0, 0
0.03353928, 1, 0
0.03354202, 0, 0
0.03354261, 0, 1
0.03354536, 0, 0
0.03354596, 1, 0
0.03354870, 0, 0
0.03354929, 0, 1
0.03355204, 0, 0
0.03355264, 1, 0
0.03355538, 0, 0
0.03355597, 0, 1
0.03355872, 0, 0
0.03355932, 1, 0
0.03356206, 0, 0
0.03356265, 0, 1
0.03356540, 0, 0
0.03356600, 1, 0
0.03356873, 0, 0
0.03356933, 0, 1
0.03357208, 0, 0
0.03357268, 1, 0
0.03357541, 0, 0
0.03357601, 0, 1
0.03357876, 0, 0
0.03357936, 1, 0
0.03358209, 0, 0
0.03358269, 0, 1
0.03358544, 0, 0
0.03358604, 1, 0
0.03358877, 0, 0
0.03358937, 0, 1
0.03359212, 0, 0
0.03359272, 1, 0
0.03359545, 0, 0
0.03359605, 0, 1
0.03359880, 0, 0
0.03359940, 1, 0
0.03360213, 0, 0
0.03360273, 0, 1
0.03360548, 0, 0
0.03360608, 1, 0
0.03360881, 0, 0
0.03360941, 0, 1
0.03361216, 0, 0
0.03361276, 1, 0
0.03361549, 0, 0
0.03361609, 0, 1
0.03361884, 0, 0
0.03361944, 1, 0
0.03362217, 0, 0
0.03362277, 0, 1
0.03362552, 0, 0
0.03362612, 1, 0
0.03362885, 0, 0
0.03362945, 0, 1
0.03363220, 0, 0
0.03363280, 1, 0
0.03363553, 0, 0
0.03363613, 0, 1
0.03363888, 0, 0
0.03363947, 1, 0
0.03364221, 0, 0
0.03364281, 0, 1
0.03364556, 0, 0
0.03364615, 1, 0
0.03364889, 0, 0
0.03364949, 0, 1
0.03365224, 0, 0
0.03365283, 1, 0
0.03365557, 0, 0
0.03365617, 0, 1
0.03365892, 0, 0
0.03365951, 1, 0
0.03366225, 0, 0
0.03366285, 0, 1
0.03366559, 0, 0
0.03366619, 1, 0
0.03366893, 0, 0
0.03366953, 0, 1
0.03367227, 0, 0
0.03367287, 1, 0
0.03367561, 0, 0
0.03367620, 0, 1
0.03367895, 0, 0
0.03367955, 1, 0
0.03368229, 0, 0
0.03368288, 0, 1
0.03368563, 0, 0
0.03368623, 1, 0
0.03368897, 0, 0
0.03368956, 0, 1
0.03369231, 0, 0
0.03369291, 1, 0
0.03369565, 0, 0
0.03369624, 0, 1
0.03369899, 0, 0
0.03369959, 1, 0
0.03370233, 0, 0
0.03370292, 0, 1
0.03370567, 0, 0
0.03370627, 1, 0
0.03370901, 0, 0
0.03370960, 0, 1
0.03371235, 0, 0
0.03371295, 1, 0
0.03371569, 0, 0
0.03371628, 0, 1
0.03371903, 0, 0
0.03371963, 1, 0
0.03372236, 0, 0
0.03372296, 0, 1
0.03372571, 0, 0
0.03372631, 1, 0
0.03372905, 0, 0
0.03372964, 0, 1
0.03373239, 0, 0
0.03373299, 1, 0
0.03373573, 0, 0
0.03373632, 0, 1
0.03373907, 0, 0
0.03373967, 1, 0
0.03374240, 0, 0
0.03374300, 0, 1
0.03374575, 0, 0
0.03374635, 1, 0
0.03374908, 0, 0
0.03374968, 0, 1
0.03375243, 0, 0
0.03375303, 1, 0
0.03375576, 0, 0
0.03375636, 0, 1
0.03375911, 0, 0
0.03375971, 1, 0
0.03376244, 0, 0
0.03376304, 0, 1
0.03376579, 0, 0
0.03376639, 1, 0
0.03376912, 0, 0
0.03376972, 0, 1
0.03377247, 0, 0
0.03377307, 1, 0
0.03377580, 0, 0
0.03377640, 0, 1
0.03377915, 0, 0
0.03377975, 1, 0
0.03378248, 0, 0
0.03378308, 0, 1
0.03378583, 0, 0
0.03378643, 1, 0
0.03378916, 0, 0
0.03378976, 0, 1
0.03379251, 0, 0
0.03379311, 1, 0
0.03379584, 0, 0
0.03379644, 0, 1
0.03379919, 0, 0
0.03379979, 1, 0
0.03380252, 0, 0
0.03380312, 0, 1
0.03380587, 0, 0
0.03380647, 1, 0
0.03380920, 0, 0
0.03380980, 0, 1
0.03381255, 0, 0
0.03381314, 1, 0
0.03381588, 0, 0
0.03381648, 0, 1
0.03381923, 0, 0
0.03381982, 1, 0
0.03382256, 0, 0
0.03382316, 0, 1
0.03382590, 0, 0
0.03382650, 1, 0
0.03382924, 0, 0
0.03382984, 0, 1
0.03383258, 0, 0
0.03383318, 1, 0
0.03383592, 0, 0
0.03383652, 0, 1
0.03383926, 0, 0
0.03383986, 1, 0
0.03384260, 0, 0
0.03384319, 0, 1
0.03384594, 0, 0
0.03384654, 1, 0
0.03384928, 0, 0
0.03384987, 0, 1
0.03385262, 0, 0
0.03385322, 1, 0
0.03385596, 0, 0
0.03385655, 0, 1
0.03385930, 0, 0
0.03385990, 1, 0
0.03386264, 0, 0
0.03386323, 0, 1
0.03386598, 0, 0
0.03386658, 1, 0
0.03386932, 0, 0
0.03386991, 0, 1
0.03387266, 0, 0
0.03387326, 1, 0
0.03387600, 0, 0
0.03387659, 0, 1
0.03387934, 0, 0
0.03387994, 1, 0
0.03388268, 0, 0
0.03388327, 0, 1
0.03388602, 0, 0
0.03388662, 1, 0
0.03388936, 0, 0
0.03388995, 0, 1
0.03389270, 0, 0
0.03389330, 1, 0
0.03389604, 0, 0
0.03389663, 0, 1
0.03389938, 0, 0
0.03389998, 1, 0
0.03390272, 0, 0
0.03390331, 0, 1
0.03390606, 0, 0
0.03390666, 1, 0
0.03390939, 0, 0
0.03390999, 0, 1
0.03391274, 0, 0
0.03391334, 1, 0
0.03391607, 0, 0
0.03391667, 0, 1
0.03391942, 0, 0
0.03392002, 1, 0
0.03392275, 0, 0
0.03392335, 0, 1
0.03392610, 0, 0
0.03392670, 1, 0
0.03392943, 0, 0
0.03393003, 0, 1
0.03393278, 0, 0
0.03393338, 1, 0
0.03393611, 0, 0
0.03393671, 0, 1
0.03393946, 0, 0
0.03394006, 1, 0
0.03394279, 0, 0
0.03394339, 0, 1
0.03394614, 0, 0
0.03394674, 1, 0
0.03394947, 0, 0
0.03395007, 0, 1
0.03395282, 0, 0
0.03395342, 1, 0
0.03395615, 0, 0
0.03395675, 0, 1
0.03395950, 0, 0
0.03396010, 1, 0
0.03396283, 0, 0
0.03396343, 0, 1
0.03396618, 0, 0
0.03396678, 1, 0
0.03396951, 0, 0
0.03397011, 0, 1
0.03397286, 0, 0
0.03397346, 1, 0
0.03397619, 0, 0
0.03397679, 0, 1
0.03397954, 0, 0
0.03398013, 1, 0
0.03398287, 0, 0
0.03398347, 0, 1
0.03398622, 0, 0
0.03398681, 1, 0
0.03398955, 0, 0
0.03399015, 0, 1
0.03399290, 0, 0
0.03399349, 1, 0
0.03399623, 0, 0
0.03399683, 0, 1
0.03399958, 0, 0
0.03400017, 1, 0
0.03400291, 0, 0
0.03400351, 0, 1
0.03400625, 0, 0
0.03400685, 1, 0
0.03400959, 0, 0
0.03401019, 0, 1
0.03401293, 0, 0
0.03401353, 1, 0
0.03401627, 0, 0
0.03401686, 0, 1
0.03401961, 0, 0
0.03402021, 1, 0
0.03402295, 0, 0
0.03402354, 0, 1
0.03402629, 0, 0
0.03402689, 1, 0
0.03402963, 0, 0
0.03403022, 0, 1
0.03403297, 0, 0
0.03403357, 1, 0
0.03403631, 0, 0
0.03403690, 0, 1
0.03403965, 0, 0
0.03404025, 1, 0
0.03404299, 0, 0
0.03404358, 0, 1
0.03404633, 0, 0
0.03404693, 1, 0
0.03404967, 0, 0
0.03405026, 0, 1
0.03405301, 0, 0
0.03405361, 1, 0
0.03405635, 0, 0
0.03405694, 0, 1
0.03405969, 0, 0
0.03406029, 1, 0
0.03406303, 0, 0
0.03406362, 0, 1
0.03406637, 0, 0
0.03406697, 1, 0
0.03406971, 0, 0
0.03407030, 0, 1
0.03407305, 0, 0
0.03407365, 1, 0
0.03407638, 0, 0
0.03407698, 0, 1
0.03407973, 0, 0
0.03408033, 1, 0
0.03408306, 0, 0
0.03408366, 0, 1
0.03408641, 0, 0
0.03408701, 1, 0
0.03408974, 0, 0
0.03409034, 0, 1
0.03409309, 0, 0
0.03409369, 1, 0
0.03409642, 0, 0
0.03409702, 0, 1
0.03409977, 0, 0
0.03410037, 1, 0
0.03410310, 0, 0
0.03410370, 0, 1
0.03410645, 0, 0
0.03410705, 1, 0
0.03410978, 0, 0
0.03411038, 0, 1
0.03411313, 0, 0
0.03411373, 1, 0
0.03411646, 0, 0
0.03411706, 0, 1
0.03411981, 0, 0
0.03412041, 1, 0
0.03412314, 0, 0
0.03412374, 0, 1
0.03412649, 0, 0
0.03412709, 1, 0
0.03412982, 0, 0
0.03413042, 0, 1
0.03413317, 0, 0
0.03413377, 1, 0
0.03413650, 0, 0
0.03413710, 0, 1
0.03413985, 0, 0
0.03414045, 1, 0
0.03414318, 0, 0
0.03414378, 0, 1
0.03414653, 0, 0
0.03414713, 1, 0
0.03414986, 0, 0
0.03415046, 0, 1
0.03415321, 0, 0
0.03415380, 1, 0
0.03415654, 0, 0
0.03415714, 0, 1
0.03415988, 0, 0
0.03416048, 1, 0
0.03416322, 0, 0
0.03416382, 0, 1
0.03416656, 0, 0
0.03416716, 1, 0
0.03416990, 0, 0
0.03417050, 0, 1
0.03417324, 0, 0
0.03417384, 1, 0
0.03417658, 0, 0
0.03417718, 0, 1
0.03417992, 0, 0
0.03418052, 1, 0
0.03418326, 0, 0
0.03418386, 0, 1
0.03418660, 0, 0
0.03418720, 1, 0
0.03418994, 0, 0
0.03419053, 0, 1
0.03419328, 0, 0
0.03419388, 1, 0
0.03419662, 0, 0
0.03419721, 0, 1
0.03419996, 0, 0
0.03420056, 1, 0
0.03420330, 0, 0
0.03420389, 0, 1
0.03420664, 0, 0
0.03420724, 1, 0
0.03420998, 0, 0
0.03421057, 0, 1
0.03421332, 0, 0
0.03421392, 1, 0
0.03421666, 0, 0
0.03421725, 0, 1
0.03422000, 0, 0
0.03422060, 1, 0
0.03422334, 0, 0
0.03422393, 0, 1
0.03422668, 0, 0
0.03422728, 1, 0
0.03423002, 0, 0
0.03423061, 0, 1
0.03423336, 0, 0
0.03423396, 1, 0
0.03423670, 0, 0
0.03423729, 0, 1
0.03424004, 0, 0
0.03424064, 1, 0
0.03424337, 0, 0
0.03424397, 0, 1
0.03424672, 0, 0
0.03424732, 1, 0
0.03425005, 0, 0
0.03425065, 0, 1
0.03425340, 0, 0
0.03425400, 1, 0
0.03425673, 0, 0
0.03425733, 0, 1
0.03426008, 0, 0
0.03426068, 1, 0
0.03426341, 0, 0
0.03426401, 0, 1
0.03426676, 0, 0
0.03426736, 1, 0
0.03427009, 0, 0
0.03427069, 0, 1
0.03427344, 0, 0
0.03427404, 1, 0
0.03427677, 0, 0
0.03427737, 0, 1
0.03428012, 0, 0
0.03428072, 1, 0
0.03428345, 0, 0
0.03428405, 0, 1
0.03428680, 0, 0
0.03428740, 1, 0
0.03429013, 0, 0
0.03429073, 0, 1
0.03429348, 0, 0
0.03429408, 1, 0
0.03429681, 0, 0
0.03429741, 0, 1
0.03430016, 0, 0
0.03430076, 1, 0
0.03430349, 0, 0
0.03430409, 0, 1
0.03430684, 0, 0
0.03430744, 1, 0
0.03431017, 0, 0
0.03431077, 0, 1
0.03431352, 0, 0
0.03431412, 1, 0
0.03431685, 0, 0
0.03431745, 0, 1
0.03432020, 0, 0
0.03432080, 1, 0
0.03432353, 0, 0
0.03432413, 0, 1
0.03432688, 0, 0
0.03432747, 1, 0
0.03433021, 0, 0
0.03433081, 0, 1
0.03433356, 0, 0
0.03433415, 1, 0
0.03433689, 0, 0
0.03433749, 0, 1
0.03434023, 0, 0
0.03434083, 1, 0
0.03434357, 0, 0
0.03434417, 0, 1
0.03434691, 0, 0
0.03434751, 1, 0
0.03435025, 0, 0
0.03435085, 0, 1
0.03435359, 0, 0
0.03435419, 1, 0
0.03435693, 0, 0
0.03435752, 0, 1
0.03436027, 0, 0
0.03436087, 1, 0
0.03436361, 0, 0
0.03436420, 0, 1
0.03436695, 0, 0
0.03436755, 1, 0
0.03437029, 0, 0
0.03437088, 0, 1
0.03437363, 0, 0
0.03437423, 1, 0
0.03437697, 0, 0
0.03437756, 0, 1
0.03438031, 0, 0
0.03438091, 1, 0
0.03438365, 0, 0
0.03438424, 0, 1
0.03438699, 0, 0
0.03438759, 1, 0
0.03439033, 0, 0
0.03439092, 0, 1
0.03439367, 0, 0
0.03439427, 1, 0
0.03439701, 0, 0
0.03439760, 0, 1
0.03440035, 0, 0
0.03440095, 1, 0
0.03440369, 0, 0
0.03440428, 0, 1
0.03440703, 0, 0
0.03440763, 1, 0
0.03441036, 0, 0
0.03441096, 0, 1
0.03441371, 0, 0
0.03441431, 1, 0
0.03441704, 0, 0
0.03441764, 0, 1
0.03442039, 0, 0
0.03442099, 1, 0
0.03442372, 0, 0
0.03442432, 0, 1
0.03442707, 0, 0
0.03442767, 1, 0
0.03443040, 0, 0
0.03443100, 0, 1
0.03443375, 0, 0
0.03443435, 1, 0
0.03443708, 0, 0
0.03443768, 0, 1
0.03444043, 0, 0
0.03444103, 1, 0
0.03444376, 0, 0
0.03444436, 0, 1
0.03444711, 0, 0
0.03444771, 1, 0
0.03445044, 0, 0
0.03445104, 0, 1
0.03445379, 0, 0
0.03445439, 1, 0
0.03445712, 0, 0
0.03445772, 0, 1
0.03446047, 0, 0
0.03446107, 1, 0
0.03446380, 0, 0
0.03446440, 0, 1
0.03446715, 0, 0
0.03446775, 1, 0
0.03447048, 0, 0
0.03447108, 0, 1
0.03447383, 0, 0
0.03447443, 1, 0
0.03447716, 0, 0
0.03447776, 0, 1
0.03448051, 0, 0
0.03448111, 1, 0
0.03448384, 0, 0
0.03448444, 0, 1
0.03448719, 0, 0
0.03448779, 1, 0
0.03449052, 0, 0
0.03449112, 0, 1
0.03449387, 0, 0
0.03449446, 1, 0
0.03449720, 0, 0
0.03449780, 0, 1
0.03450055, 0, 0
0.03450114, 1, 0
0.03450388, 0, 0
0.03450448, 0, 1
0.03450722, 0, 0
0.03450782, 1, 0
0.03451056, 0, 0
0.03451116, 0, 1
0.03451390, 0, 0
0.03451450, 1, 0
0.03451724, 0, 0
0.03451784, 0, 1
0.03452058, 0, 0
0.03452118, 1, 0
0.03452392, 0, 0
0.03452452, 0, 1
0.03452726, 0, 0
0.03452786, 1, 0
0.03453060, 0, 0
0.03453119, 0, 1
0.03453394, 0, 0
0.03453454, 1, 0
0.03453728, 0, 0
0.03453787, 0, 1
0.03454062, 0, 0
0.03454122, 1, 0
0.03454396, 0, 0
0.03454455, 0, 1
0.03454730, 0, 0
0.03454790, 1, 0
0.03455064, 0, 0
0.03455123, 0, 1
0.03455398, 0, 0
0.03455458, 1, 0
0.03455732, 0, 0
0.03455791, 0, 1
0.03456066, 0, 0
0.03456126, 1, 0
0.03456400, 0, 0
0.03456459, 0, 1
0.03456734, 0, 0
0.03456794, 1, 0
0.03457068, 0, 0
0.03457127, 0, 1
0.03457402, 0, 0
0.03457462, 1, 0
0.03457736, 0, 0
0.03457795, 0, 1
0.03458070, 0, 0
0.03458130, 1, 0
0.03458404, 0, 0
0.03458463, 0, 1
0.03458738, 0, 0
0.03458798, 1, 0
0.03459071, 0, 0
0.03459131, 0, 1
0.03459406, 0, 0
0.03459466, 1, 0
0.03459739, 0, 0
0.03459799, 0, 1
0.03460074, 0, 0
0.03460134, 1, 0
0.03460407, 0, 0
0.03460467, 0, 1
0.03460742, 0, 0
0.03460802, 1, 0
0.03461075, 0, 0
0.03461135, 0, 1
0.03461410, 0, 0
0.03461470, 1, 0
0.03461743, 0, 0
0.03461803, 0, 1
0.03462078, 0, 0
0.03462138, 1, 0
0.03462411, 0, 0
0.03462471, 0, 1
0.03462746, 0, 0
0.03462806, 1, 0
0.03463079, 0, 0
0.03463139, 0, 1
0.03463414, 0, 0
0.03463474, 1, 0
0.03463747, 0, 0
0.03463807, 0, 1
0.03464082, 0, 0
0.03464142, 1, 0
0.03464415, 0, 0
0.03464475, 0, 1
0.03464750, 0, 0
0.03464810, 1, 0
0.03465083, 0, 0
0.03465143, 0, 1
0.03465418, 0, 0
0.03465478, 1, 0
0.03465751, 0, 0
0.03465811, 0, 1
0.03466086, 0, 0
0.03466146, 1, 0
0.03466419, 0, 0
0.03466479, 0, 1
0.03466754, 0, 0
0.03466814, 1, 0
0.03467087, 0, 0
0.03467147, 0, 1
0.03467422, 0, 0
0.03467481, 1, 0
0.03467755, 0, 0
0.03467815, 0, 1
0.03468090, 0, 0
0.03468149, 1, 0
0.03468423, 0, 0
0.03468483, 0, 1
0.03468757, 0, 0
0.03468817, 1, 0
0.03469091, 0, 0
0.03469151, 0, 1
0.03469425, 0, 0
0.03469485, 1, 0
0.03469759, 0, 0
0.03469818, 0, 1
0.03470093, 0, 0
0.03470153, 1, 0
0.03470427, 0, 0
0.03470486, 0, 1
0.03470761, 0, 0
0.03470821, 1, 0
0.03471095, 0, 0
0.03471154, 0, 1
0.03471429, 0, 0
0.03471489, 1, 0
0.03471763, 0, 0
0.03471822, 0, 1
0.03472097, 0, 0
0.03472157, 1, 0
0.03472431, 0, 0
0.03472490, 0, 1
0.03472765, 0, 0
0.03472825, 1, 0
0.03473099, 0, 0
0.03473158, 0, 1
0.03473433, 0, 0
0.03473493, 1, 0
0.03473767, 0, 0
0.03473826, 0, 1
0.03474101, 0, 0
0.03474161, 1, 0
0.03474435, 0, 0
0.03474494, 0, 1
0.03474769, 0, 0
0.03474829, 1, 0
0.03475103, 0, 0
0.03475162, 0, 1
0.03475437, 0, 0
0.03475497, 1, 0
0.03475770, 0, 0
0.03475830, 0, 1
0.03476105, 0, 0
0.03476165, 1, 0
0.03476438, 0, 0
0.03476498, 0, 1
0.03476773, 0, 0
0.03476833, 1, 0
0.03477106, 0, 0
0.03477166, 0, 1
0.03477441, 0, 0
0.03477501, 1, 0
0.03477774, 0, 0
0.03477834, 0, 1
0.03478109, 0, 0
0.03478169, 1, 0
0.03478442, 0, 0
0.03478502, 0, 1
0.03478777, 0, 0
0.03478837, 1, 0
0.03479110, 0, 0
0.03479170, 0, 1
0.03479445, 0, 0
0.03479505, 1, 0
0.03479778, 0, 0
0.03479838, 0, 1
0.03480113, 0, 0
0.03480173, 1, 0
0.03480446, 0, 0
0.03480506, 0, 1
0.03480781, 0, 0
0.03480841, 1, 0
0.03481114, 0, 0
0.03481174, 0, 1
0.03481449, 0, 0
0.03481509, 1, 0
0.03481782, 0, 0
0.03481842, 0, 1
0.03482117, 0, 0
0.03482177, 1, 0
0.03482450, 0, 0
0.03482510, 0, 1
0.03482785, 0, 0
0.03482845, 1, 0
0.03483118, 0, 0
0.03483178, 0, 1
0.03483453, 0, 0
0.03483513, 1, 0
0.03483786, 0, 0
0.03483846, 0, 1
0.03484121, 0, 0
0.03484180, 1, 0
0.03484454, 0, 0
0.03484514, 0, 1
0.03484789, 0, 0
0.03484848, 1, 0
0.03485122, 0, 0
0.03485182, 0, 1
0.03485456, 0, 0
0.03485516, 1, 0
0.03485790, 0, 0
0.03485850, 0, 1
0.03486124, 0, 0
0.03486184, 1, 0
0.03486458, 0, 0
0.03486518, 0, 1
0.03486792, 0, 0
0.03486852, 1, 0
0.03487126, 0, 0
0.03487185, 0, 1
0.03487460, 0, 0
0.03487520, 1, 0
0.03487794, 0, 0
0.03487853, 0, 1
0.03488128, 0, 0
0.03488188, 1, 0
0.03488462, 0, 0
0.03488521, 0, 1
0.03488796, 0, 0
0.03488856, 1, 0
0.03489130, 0, 0
0.03489189, 0, 1
0.03489464, 0, 0
0.03489524, 1, 0
0.03489798, 0, 0
0.03489857, 0, 1
0.03490132, 0, 0
0.03490192, 1, 0
0.03490466, 0, 0
0.03490525, 0, 1
0.03490800, 0, 0
0.03490860, 1, 0
0.03491134, 0, 0
0.03491193, 0, 1
0.03491468, 0, 0
0.03491528, 1, 0
0.03491802, 0, 0
0.03491861, 0, 1
0.03492136, 0, 0
0.03492196, 1, 0
0.03492469, 0, 0
0.03492529, 0, 1
0.03492804, 0, 0
0.03492864, 1, 0
0.03493137, 0, 0
0.03493197, 0, 1
0.03493472, 0, 0
0.03493532, 1, 0
0.03493805, 0, 0
0.03493865, 0, 1
0.03494140, 0, 0
0.03494200, 1, 0
0.03494473, 0, 0
0.03494533, 0, 1
0.03494808, 0, 0
0.03494868, 1, 0
0.03495141, 0, 0
0.03495201, 0, 1
0.03495476, 0, 0
0.03495536, 1, 0
0.03495809, 0, 0
0.03495869, 0, 1
0.03496144, 0, 0
0.03496204, 1, 0
0.03496477, 0, 0
0.03496537, 0, 1
0.03496812, 0, 0
0.03496872, 1, 0
0.03497145, 0, 0
0.03497205, 0, 1
0.03497480, 0, 0
0.03497540, 1, 0
0.03497813, 0, 0
0.03497873, 0, 1
0.03498148, 0, 0
0.03498208, 1, 0
0.03498481, 0, 0
0.03498541, 0, 1
0.03498816, 0, 0
0.03498876, 1, 0
0.03499149, 0, 0
0.03499209, 0, 1
0.03499484, 0, 0
0.03499544, 1, 0
0.03499817, 0, 0
0.03499877, 0, 1
0.03500152, 0, 0
0.03500211, 1, 0
0.03500485, 0, 0
0.03500545, 0, 1
0.03500820, 0, 0
0.03500879, 1, 0
0.03501153, 0, 0
0.03501213, 0, 1
0.03501488, 0, 0
0.03501548, 1, 0
0.03501821, 0, 0
0.03501881, 0, 1
0.03502156, 0, 0
0.03502215, 1, 0
0.03502489, 0, 0
0.03502549, 0, 1
0.03502823, 0, 0
0.03502883, 1, 0
0.03503157, 0, 0
0.03503217, 0, 1
0.03503491, 0, 0
0.03503551, 1, 0
0.03503825, 0, 0
0.03503884, 0, 1
0.03504159, 0, 0
0.03504219, 1, 0
0.03504493, 0, 0
0.03504552, 0, 1
0.03504827, 0, 0
0.03504887, 1, 0
0.03505161, 0, 0
0.03505220, 0, 1
0.03505495, 0, 0
0.03505555, 1, 0
0.03505829, 0, 0
0.03505888, 0, 1
0.03506163, 0, 0
0.03506223, 1, 0
0.03506497, 0, 0
0.03506556, 0, 1
0.03506831, 0, 0
0.03506891, 1, 0
0.03507165, 0, 0
0.03507224, 0, 1
0.03507499, 0, 0
0.03507559, 1, 0
0.03507833, 0, 0
0.03507892, 0, 1
0.03508167, 0, 0
0.03508227, 1, 0
0.03508501, 0, 0
0.03508560, 0, 1
0.03508835, 0, 0
0.03508895, 1, 0
0.03509169, 0, 0
0.03509228, 0, 1
0.03509503, 0, 0
0.03509563, 1, 0
0.03509837, 0, 0
0.03509896, 0, 1
0.03510171, 0, 0
0.03510231, 1, 0
0.03510504, 0, 0
0.03510564, 0, 1
0.03510839, 0, 0
0.03510899, 1, 0
0.03511172, 0, 0
0.03511232, 0, 1
0.03511507, 0, 0
0.03511567, 1, 0
0.03511840, 0, 0
0.03511900, 0, 1
0.03512175, 0, 0
0.03512235, 1, 0
0.03512508, 0, 0
0.03512568, 0, 1
0.03512843, 0, 0
0.03512903, 1, 0
0.03513176, 0, 0
0.03513236, 0, 1
0.03513511, 0, 0
0.03513571, 1, 0
0.03513844, 0, 0
0.03513904, 0, 1
0.03514179, 0, 0
0.03514239, 1, 0
0.03514512, 0, 0
0.03514572, 0, 1
0.03514847, 0, 0
0.03514907, 1, 0
0.03515180, 0, 0
0.03515240, 0, 1
0.03515515, 0, 0
0.03515575, 1, 0
0.03515848, 0, 0
0.03515908, 0, 1
0.03516183, 0, 0
0.03516243, 1, 0
0.03516516, 0, 0
0.03516576, 0, 1
0.03516851, 0, 0
0.03516911, 1, 0
0.03517184, 0, 0
0.03517244, 0, 1
0.03517519, 0, 0
0.03517579, 1, 0
0.03517852, 0, 0
0.03517912, 0, 1
0.03518187, 0, 0
0.03518246, 1, 0
0.03518520, 0, 0
0.03518580, 0, 1
0.03518854, 0, 0
0.03518914, 1, 0
0.03519188, 0, 0
0.03519248, 0, 1
0.03519522, 0, 0
0.03519582, 1, 0
0.03519856, 0, 0
0.03519916, 0, 1
0.03520190, 0, 0
0.03520250, 1, 0
0.03520524, 0, 0
0.03520583, 0, 1
0.03520858, 0, 0
0.03520918, 1, 0
0.03521192, 0, 0
0.03521252, 0, 1
0.03521526, 0, 0
0.03521586, 1, 0
0.03521860, 0, 0
0.03521919, 0, 1
0.03522194, 0, 0
0.03522254, 1, 0
0.03522528, 0, 0
0.03522587, 0, 1
0.03522862, 0, 0
0.03522922, 1, 0
0.03523196, 0, 0
0.03523255, 0, 1
0.03523530, 0, 0
0.03523590, 1, 0
0.03523864, 0, 0
0.03523923, 0, 1
0.03524198, 0, 0
0.03524258, 1, 0
0.03524532, 0, 0
0.03524591, 0, 1
0.03524866, 0, 0
0.03524926, 1, 0
0.03525200, 0, 0
0.03525259, 0, 1
0.03525534, 0, 0
0.03525594, 1, 0
0.03525868, 0, 0
0.03525927, 0, 1
0.03526202, 0, 0
0.03526262, 1, 0
0.03526535, 0, 0
0.03526595, 0, 1
0.03526870, 0, 0
0.03526930, 1, 0
0.03527203, 0, 0
0.03527263, 0, 1
0.03527538, 0, 0
0.03527598, 1, 0
0.03527871, 0, 0
0.03527931, 0, 1
0.03528206, 0, 0
0.03528266, 1, 0
0.03528539, 0, 0
0.03528599, 0, 1
0.03528874, 0, 0
0.03528934, 1, 0
0.03529207, 0, 0
0.03529267, 0, 1
0.03529542, 0, 0
0.03529602, 1, 0
0.03529875, 0, 0
0.03529935, 0, 1
0.03530210, 0, 0
0.03530270, 1, 0
0.03530543, 0, 0
0.03530603, 0, 1
0.03530878, 0, 0
0.03530938, 1, 0
0.03531211, 0, 0
0.03531271, 0, 1
0.03531546, 0, 0
0.03531606, 1, 0
0.03531879, 0, 0
0.03531939, 0, 1
0.03532214, 0, 0
0.03532274, 1, 0
0.03532547, 0, 0
0.03532607, 0, 1
0.03532882, 0, 0
0.03532942, 1, 0
0.03533215, 0, 0
0.03533275, 0, 1
0.03533550, 0, 0
0.03533610, 1, 0
0.03533883, 0, 0
0.03533943, 0, 1
0.03534218, 0, 0
0.03534278, 1, 0
0.03534551, 0, 0
0.03534611, 0, 1
0.03534886, 0, 0
0.03534946, 1, 0
0.03535219, 0, 0
0.03535279, 0, 1
0.03535554, 0, 0
0.03535613, 1, 0
0.03535887, 0, 0
0.03535947, 0, 1
0.03536222, 0, 0
0.03536281, 1, 0
0.03536555, 0, 0
0.03536615, 0, 1
0.03536889, 0, 0
0.03536949, 1, 0
0.03537223, 0, 0
0.03537282, 0, 1
0.03537557, 0, 0
0.03537617, 1, 0
0.03537891, 0, 0
0.03537950, 0, 1
0.03538225, 0, 0
0.03538285, 1, 0
0.03538559, 0, 0
0.03538618, 0, 1
0.03538893, 0, 0
0.03538953, 1, 0
0.03539227, 0, 0
0.03539286, 0, 1
0.03539561, 0, 0
0.03539621, 1, 0
0.03539895, 0, 0
0.03539954, 0, 1
0.03540229, 0, 0
0.03540289, 1, 0
0.03540563, 0, 0
0.03540622, 0, 1
0.03540897, 0, 0
0.03540957, 1, 0
0.03541231, 0, 0
0.03541290, 0, 1
0.03541565, 0, 0
0.03541625, 1, 0
0.03541899, 0, 0
0.03541958, 0, 1
0.03542233, 0, 0
0.03542293, 1, 0
0.03542567, 0, 0
0.03542626, 0, 1
0.03542901, 0, 0
0.03542961, 1, 0
0.03543235, 0, 0
0.03543294, 0, 1
0.03543569, 0, 0
0.03543629, 1, 0
0.03543902, 0, 0
0.03543962, 0, 1
0.03544237, 0, 0
0.03544297, 1, 0
0.03544570, 0, 0
0.03544630, 0, 1
0.03544905, 0, 0
0.03544965, 1, 0
0.03545238, 0, 0
0.03545298, 0, 1
0.03545573, 0, 0
0.03545633, 1, 0
0.03545906, 0, 0
0.03545966, 0, 1
0.03546241, 0, 0
0.03546301, 1, 0
0.03546574, 0, 0
0.03546634, 0, 1
0.03546909, 0, 0
0.03546969, 1, 0
0.03547242, 0, 0
0.03547302, 0, 1
0.03547577, 0, 0
0.03547637, 1, 0
0.03547910, 0, 0
0.03547970, 0, 1
0.03548245, 0, 0
0.03548305, 1, 0
0.03548578, 0, 0
0.03548638, 0, 1
0.03548913, 0, 0
0.03548973, 1, 0
0.03549246, 0, 0
0.03549306, 0, 1
0.03549581, 0, 0
0.03549641, 1, 0
0.03549914, 0, 0
0.03549974, 0, 1
0.03550249, 0, 0
0.03550309, 1, 0
0.03550582, 0, 0
0.03550642, 0, 1
0.03550917, 0, 0
0.03550977, 1, 0
0.03551250, 0, 0
0.03551310, 0, 1
0.03551585, 0, 0
0.03551645, 1, 0
0.03551918, 0, 0
0.03551978, 0, 1
0.03552253, 0, 0
0.03552313, 1, 0
0.03552586, 0, 0
0.03552646, 0, 1
0.03552921, 0, 0
0.03552980, 1, 0
0.03553254, 0, 0
0.03553314, 0, 1
0.03553589, 0, 0
0.03553648, 1, 0
0.03553922, 0, 0
0.03553982, 0, 1
0.03554256, 0, 0
0.03554316, 1, 0
0.03554590, 0, 0
0.03554649, 0, 1
0.03554924, 0, 0
0.03554984, 1, 0
0.03555258, 0, 0
0.03555317, 0, 1
0.03555592, 0, 0
0.03555652, 1, 0
0.03555926, 0, 0
0.03555985, 0, 1
0.03556260, 0, 0
0.03556320, 1, 0
0.03556594, 0, 0
0.03556653, 0, 1
0.03556928, 0, 0
0.03556988, 1, 0
0.03557262, 0, 0
0.03557321, 0, 1
0.03557596, 0, 0
0.03557656, 1, 0
0.03557930, 0, 0
0.03557989, 0, 1
0.03558264, 0, 0
0.03558324, 1, 0
0.03558598, 0, 0
0.03558657, 0, 1
0.03558932, 0, 0
0.03558992, 1, 0
0.03559266, 0, 0
0.03559325, 0, 1
0.03559600, 0, 0
0.03559660, 1, 0
0.03559934, 0, 0
0.03559993, 0, 1
0.03560268, 0, 0
0.03560328, 1, 0
0.03560602, 0, 0
0.03560661, 0, 1
0.03560936, 0, 0
0.03560996, 1, 0
0.03561269, 0, 0
0.03561329, 0, 1
0.03561604, 0, 0
0.03561664, 1, 0
0.03561937, 0, 0
0.03561997, 0, 1
0.03562272, 0, 0
0.03562332, 1, 0
0.03562605, 0, 0
0.03562665, 0, 1
0.03562940, 0, 0
0.03563000, 1, 0
0.03563273, 0, 0
0.03563333, 0, 1
0.03563608, 0, 0
0.03563668, 1, 0
0.03563941, 0, 0
0.03564001, 0, 1
0.03564276, 0, 0
0.03564336, 1, 0
0.03564609, 0, 0
0.03564669, 0, 1
0.03564944, 0, 0
0.03565004, 1, 0
0.03565277, 0, 0
0.03565337, 0, 1
0.03565612, 0, 0
0.03565672, 1, 0
0.03565945, 0, 0
0.03566005, 0, 1
0.03566280, 0, 0
0.03566340, 1, 0
0.03566613, 0, 0
0.03566673, 0, 1
0.03566948, 0, 0
0.03567008, 1, 0
0.03567281, 0, 0
0.03567341, 0, 1
0.03567616, 0, 0
0.03567676, 1, 0
0.03567949, 0, 0
0.03568009, 0, 1
0.03568284, 0, 0
0.03568344, 1, 0
0.03568617, 0, 0
0.03568677, 0, 1
0.03568952, 0, 0
0.03569011, 1, 0
0.03569285, 0, 0
0.03569345, 0, 1
0.03569620, 0, 0
0.03569679, 1, 0
0.03569953, 0, 0
0.03570013, 0, 1
0.03570288, 0, 0
0.03570347, 1, 0
0.03570621, 0, 0
0.03570681, 0, 1
0.03570956, 0, 0
0.03571015, 1, 0
0.03571289, 0, 0
0.03571349, 0, 1
0.03571623, 0, 0
0.03571683, 1, 0
0.03571957, 0, 0
0.03572016, 0, 1
0.03572291, 0, 0
0.03572351, 1, 0
0.03572625, 0, 0
0.03572684, 0, 1
0.03572959, 0, 0
0.03573019, 1, 0
0.03573293, 0, 0
0.03573352, 0, 1
0.03573627, 0, 0
0.03573687, 1, 0
0.03573961, 0, 0
0.03574020, 0, 1
0.03574295, 0, 0
0.03574355, 1, 0
0.03574629, 0, 0
0.03574688, 0, 1
0.03574963, 0, 0
0.03575023, 1, 0
0.03575297, 0, 0
0.03575356, 0, 1
0.03575631, 0, 0
0.03575691, 1, 0
0.03575965, 0, 0
0.03576024, 0, 1
0.03576299, 0, 0
0.03576359, 1, 0
0.03576633, 0, 0
0.03576692, 0, 1
0.03576967, 0, 0
0.03577027, 1, 0
0.03577301, 0, 0
0.03577360, 0, 1
0.03577635, 0, 0
0.03577695, 1, 0
0.03577968, 0, 0
0.03578028, 0, 1
0.03578303, 0, 0
0.03578363, 1, 0
0.03578636, 0, 0
0.03578696, 0, 1
0.03578971, 0, 0
0.03579031, 1, 0
0.03579304, 0, 0
0.03579364, 0, 1
0.03579639, 0, 0
0.03579699, 1, 0
0.03579972, 0, 0
0.03580032, 0, 1
0.03580307, 0, 0
0.03580367, 1, 0
0.03580640, 0, 0
0.03580700, 0, 1
0.03580975, 0, 0
0.03581035, 1, 0
0.03581308, 0, 0
0.03581368, 0, 1
0.03581643, 0, 0
0.03581703, 1, 0
0.03581976, 0, 0
0.03582036, 0, 1
0.03582311, 0, 0
0.03582371, 1, 0
0.03582644, 0, 0
0.03582704, 0, 1
0.03582979, 0, 0
0.03583039, 1, 0
0.03583312, 0, 0
0.03583372, 0, 1
0.03583647, 0, 0
0.03583707, 1, 0
0.03583980, 0, 0
0.03584040, 0, 1
0.03584315, 0, 0
0.03584375, 1, 0
0.03584648, 0, 0
0.03584708, 0, 1
0.03584983, 0, 0
0.03585043, 1, 0
0.03585316, 0, 0
0.03585376, 0, 1
0.03585651, 0, 0
0.03585710, 1, 0
0.03585984, 0, 0
0.03586044, 0, 1
0.03586319, 0, 0
0.03586378, 1, 0
0.03586652, 0, 0
0.03586712, 0, 1
0.03586987, 0, 0
0.03587046, 1, 0
0.03587320, 0, 0
0.03587380, 0, 1
0.03587654, 0, 0
0.03587714, 1, 0
0.03587988, 0, 0
0.03588048, 0, 1
0.03588322, 0, 0
0.03588382, 1, 0
0.03588656, 0, 0
0.03588715, 0, 1
0.03588990, 0, 0
0.03589050, 1, 0
0.03589324, 0, 0
0.03589383, 0, 1
0.03589658, 0, 0
0.03589718, 1, 0
0.03589992, 0, 0
0.03590051, 0, 1
0.03590326, 0, 0
0.03590386, 1, 0
0.03590660, 0, 0
0.03590719, 0, 1
0.03590994, 0, 0
0.03591054, 1, 0
0.03591328, 0, 0
0.03591387, 0, 1
0.03591662, 0, 0
0.03591722, 1, 0
0.03591996, 0, 0
0.03592055, 0, 1
0.03592330, 0, 0
0.03592390, 1, 0
0.03592664, 0, 0
0.03592723, 0, 1
0.03592998, 0, 0
0.03593058, 1, 0
0.03593332, 0, 0
0.03593391, 0, 1
0.03593666, 0, 0
0.03593726, 1, 0
0.03594000, 0, 0
0.03594059, 0, 1
0.03594334, 0, 0
0.03594394, 1, 0
0.03594668, 0, 0
0.03594727, 0, 1
0.03595002, 0, 0
0.03595062, 1, 0
0.03595336, 0, 0
0.03595395, 0, 1
0.03595670, 0, 0
0.03595730, 1, 0
0.03596003, 0, 0
0.03596063, 0, 1
0.03596338, 0, 0
0.03596398, 1, 0
0.03596671, 0, 0
0.03596731, 0, 1
0.03597006, 0, 0
0.03597066, 1, 0
0.03597339, 0, 0
0.03597399, 0, 1
0.03597674, 0, 0
0.03597734, 1, 0
0.03598007, 0, 0
0.03598067, 0, 1
0.03598342, 0, 0
0.03598402, 1, 0
0.03598675, 0, 0
0.03598735, 0, 1
0.03599010, 0, 0
0.03599070, 1, 0
0.03599343, 0, 0
0.03599403, 0, 1
0.03599678, 0, 0
0.03599738, 1, 0
0.03600011, 0, 0
0.03600071, 0, 1
0.03600346, 0, 0
0.03600406, 1, 0
0.03600679, 0, 0
0.03600739, 0, 1
0.03601014, 0, 0
0.03601074, 1, 0
0.03601347, 0, 0
0.03601407, 0, 1
0.03601682, 0, 0
0.03601742, 1, 0
0.03602015, 0, 0
0.03602075, 0, 1
0.03602350, 0, 0
0.03602410, 1, 0
0.03602683, 0, 0
0.03602743, 0, 1
0.03603018, 0, 0
0.03603078, 1, 0
0.03603351, 0, 0
0.03603411, 0, 1
0.03603686, 0, 0
0.03603745, 1, 0
0.03604019, 0, 0
0.03604079, 0, 1
0.03604354, 0, 0
0.03604413, 1, 0
0.03604687, 0, 0
0.03604747, 0, 1
0.03605021, 0, 0
0.03605081, 1, 0
0.03605355, 0, 0
0.03605415, 0, 1
0.03605689, 0, 0
0.03605749, 1, 0
0.03606023, 0, 0
0.03606083, 0, 1
0.03606357, 0, 0
0.03606417, 1, 0
0.03606691, 0, 0
0.03606750, 0, 1
0.03607025, 0, 0
0.03607085, 1, 0
0.03607359, 0, 0
0.03607418, 0, 1
0.03607693, 0, 0
0.03607753, 1, 0
0.03608027, 0, 0
0.03608086, 0, 1
0.03608361, 0, 0
0.03608421, 1, 0
0.03608695, 0, 0
0.03608754, 0, 1
0.03609029, 0, 0
0.03609089, 1, 0
0.03609363, 0, 0
0.03609422, 0, 1
0.03609697, 0, 0
0.03609757, 1, 0
0.03610031, 0, 0
0.03610090, 0, 1
0.03610365, 0, 0
0.03610425, 1, 0
0.03610699, 0, 0
0.03610758, 0, 1
0.03611033, 0, 0
0.03611093, 1, 0
0.03611367, 0, 0
0.03611426, 0, 1
0.03611701, 0, 0
0.03611761, 1, 0
0.03612035, 0, 0
0.03612094, 0, 1
0.03612369, 0, 0
0.03612429, 1, 0
0.03612702, 0, 0
0.03612762, 0, 1
0.03613037, 0, 0
0.03613097, 1, 0
0.03613370, 0, 0
0.03613430, 0, 1
0.03613705, 0, 0
0.03613765, 1, 0
0.03614038, 0, 0
0.03614098, 0, 1
0.03614373, 0, 0
0.03614433, 1, 0
0.03614706, 0, 0
0.03614766, 0, 1
0.03615041, 0, 0
0.03615101, 1, 0
0.03615374, 0, 0
0.03615434, 0, 1
0.03615709, 0, 0
0.03615769, 1, 0
0.03616042, 0, 0
0.03616102, 0, 1
0.03616377, 0, 0
0.03616437, 1, 0
0.03616710, 0, 0
0.03616770, 0, 1
0.03617045, 0, 0
0.03617105, 1, 0
0.03617378, 0, 0
0.03617438, 0, 1
0.03617713, 0, 0
0.03617773, 1, 0
0.03618046, 0, 0
0.03618106, 0, 1
0.03618381, 0, 0
0.03618441, 1, 0
0.03618714, 0, 0
0.03618774, 0, 1
0.03619049, 0, 0
0.03619109, 1, 0
0.03619382, 0, 0
0.03619442, 0, 1
0.03619717, 0, 0
0.03619777, 1, 0
0.03620050, 0, 0
0.03620110, 0, 1
0.03620385, 0, 0
0.03620444, 1, 0
0.03620718, 0, 0
0.03620778, 0, 1
0.03621053, 0, 0
0.03621112, 1, 0
0.03621386, 0, 0
0.03621446, 0, 1
0.03621721, 0, 0
0.03621780, 1, 0
0.03622054, 0, 0
0.03622114, 0, 1
0.03622388, 0, 0
0.03622448, 1, 0
0.03622722, 0, 0
0.03622782, 0, 1
0.03623056, 0, 0
0.03623116, 1, 0
0.03623390, 0, 0
0.03623450, 0, 1
0.03623724, 0, 0
0.03623784, 1, 0
0.03624058, 0, 0
0.03624117, 0, 1
0.03624392, 0, 0
0.03624452, 1, 0
0.03624726, 0, 0
0.03624785, 0, 1
0.03625060, 0, 0
0.03625120, 1, 0
0.03625394, 0, 0
0.03625453, 0, 1
0.03625728, 0, 0
0.03625788, 1, 0
0.03626062, 0, 0
0.03626121, 0, 1
0.03626396, 0, 0
0.03626456, 1, 0
0.03626730, 0, 0
0.03626789, 0, 1
0.03627064, 0, 0
0.03627124, 1, 0
0.03627398, 0, 0
0.03627457, 0, 1
0.03627732, 0, 0
0.03627792, 1, 0
0.03628066, 0, 0
0.03628125, 0, 1
0.03628400, 0, 0
0.03628460, 1, 0
0.03628733, 0, 0
0.03628793, 0, 1
0.03629068, 0, 0
0.03629128, 1, 0
0.03629402, 0, 0
0.03629461, 0, 1
0.03629736, 0, 0
0.03629796, 1, 0
0.03630069, 0, 0
0.03630129, 0, 1
0.03630404, 0, 0
0.03630464, 1, 0
0.03630737, 0, 0
0.03630797, 0, 1
0.03631072, 0, 0
0.03631132, 1, 0
0.03631405, 0, 0
0.03631465, 0, 1
0.03631740, 0, 0
0.03631800, 1, 0
0.03632073, 0, 0
0.03632133, 0, 1
0.03632408, 0, 0
0.03632468, 1, 0
0.03632741, 0, 0
0.03632801, 0, 1
0.03633076, 0, 0
0.03633136, 1, 0
0.03633409, 0, 0
0.03633469, 0, 1
0.03633744, 0, 0
0.03633804, 1, 0
0.03634077, 0, 0
0.03634137, 0, 1
0.03634412, 0, 0
0.03634472, 1, 0
0.03634745, 0, 0
0.03634805, 0, 1
0.03635080, 0, 0
0.03635140, 1, 0
0.03635413, 0, 0
0.03635473, 0, 1
0.03635748, 0, 0
0.03635808, 1, 0
0.03636081, 0, 0
0.03636141, 0, 1
0.03636416, 0, 0
0.03636476, 1, 0
0.03636749, 0, 0
0.03636809, 0, 1
0.03637084, 0, 0
0.03637144, 1, 0
0.03637417, 0, 0
0.03637477, 0, 1
0.03637752, 0, 0
0.03637811, 1, 0
0.03638085, 0, 0
0.03638145, 0, 1
0.03638420, 0, 0
0.03638479, 1, 0
0.03638753, 0, 0
0.03638813, 0, 1
0.03639088, 0, 0
0.03639147, 1, 0
0.03639421, 0, 0
0.03639481, 0, 1
0.03639755, 0, 0
0.03639815, 1, 0
0.03640089, 0, 0
0.03640149, 0, 1
0.03640423, 0, 0
0.03640483, 1, 0
0.03640757, 0, 0
0.03640816, 0, 1
0.03641091, 0, 0
0.03641151, 1, 0
0.03641425, 0, 0
0.03641484, 0, 1
0.03641759, 0, 0
0.03641819, 1, 0
0.03642093, 0, 0
0.03642152, 0, 1
0.03642427, 0, 0
0.03642487, 1, 0
0.03642761, 0, 0
0.03642820, 0, 1
0.03643095, 0, 0
0.03643155, 1, 0
0.03643429, 0, 0
0.03643488, 0, 1
0.03643763, 0, 0
0.03643823, 1, 0
0.03644097, 0, 0
0.03644156, 0, 1
0.03644431, 0, 0
0.03644491, 1, 0
0.03644765, 0, 0
0.03644824, 0, 1
0.03645099, 0, 0
0.03645159, 1, 0
0.03645433, 0, 0
0.03645492, 0, 1
0.03645767, 0, 0
0.03645827, 1, 0
0.03646101, 0, 0
0.03646160, 0, 1
0.03646435, 0, 0
0.03646495, 1, 0
0.03646768, 0, 0
0.03646828, 0, 1
0.03647103, 0, 0
0.03647163, 1, 0
0.03647436, 0, 0
0.03647496, 0, 1
0.03647771, 0, 0
0.03647831, 1, 0
0.03648104, 0, 0
0.03648164, 0, 1
0.03648439, 0, 0
0.03648499, 1, 0
0.03648772, 0, 0
0.03648832, 0, 1
0.03649107, 0, 0
0.03649167, 1, 0
0.03649440, 0, 0
0.03649500, 0, 1
0.03649775, 0, 0
0.03649835, 1, 0
0.03650108, 0, 0
0.03650168, 0, 1
0.03650443, 0, 0
0.03650503, 1, 0
0.03650776, 0, 0
0.03650836, 0, 1
0.03651111, 0, 0
0.03651171, 1, 0
0.03651444, 0, 0
0.03651504, 0, 1
0.03651779, 0, 0
0.03651839, 1, 0
0.03652112, 0, 0
0.03652172, 0, 1
0.03652447, 0, 0
0.03652507, 1, 0
0.03652780, 0, 0
0.03652840, 0, 1
0.03653115, 0, 0
0.03653175, 1, 0
0.03653448, 0, 0
0.03653508, 0, 1
0.03653783, 0, 0
0.03653843, 1, 0
0.03654116, 0, 0
0.03654176, 0, 1
0.03654451, 0, 0
0.03654511, 1, 0
0.03654784, 0, 0
0.03654844, 0, 1
0.03655119, 0, 0
0.03655178, 1, 0
0.03655452, 0, 0
0.03655512, 0, 1
0.03655787, 0, 0
0.03655846, 1, 0
0.03656120, 0, 0
0.03656180, 0, 1
0.03656454, 0, 0
0.03656514, 1, 0
0.03656788, 0, 0
0.03656847, 0, 1
0.03657122, 0, 0
0.03657182, 1, 0
0.03657456, 0, 0
0.03657515, 0, 1
0.03657790, 0, 0
0.03657850, 1, 0
0.03658124, 0, 0
0.03658183, 0, 1
0.03658458, 0, 0
0.03658518, 1, 0
0.03658792, 0, 0
0.03658851, 0, 1
0.03659126, 0, 0
0.03659186, 1, 0
0.03659460, 0, 0
0.03659519, 0, 1
0.03659794, 0, 0
0.03659854, 1, 0
0.03660128, 0, 0
0.03660187, 0, 1
0.03660462, 0, 0
0.03660522, 1, 0
0.03660796, 0, 0
0.03660855, 0, 1
0.03661130, 0, 0
0.03661190, 1, 0
0.03661464, 0, 0
0.03661523, 0, 1
0.03661798, 0, 0
0.03661858, 1, 0
0.03662132, 0, 0
0.03662191, 0, 1
0.03662466, 0, 0
0.03662526, 1, 0
0.03662800, 0, 0
0.03662859, 0, 1
0.03663134, 0, 0
0.03663194, 1, 0
0.03663467, 0, 0
0.03663527, 0, 1
0.03663802, 0, 0
0.03663862, 1, 0
0.03664135, 0, 0
0.03664195, 0, 1
0.03664470, 0, 0
0.03664530, 1, 0
0.03664803, 0, 0
0.03664863, 0, 1
0.03665138, 0, 0
0.03665198, 1, 0
0.03665471, 0, 0
0.03665531, 0, 1
0.03665806, 0, 0
0.03665866, 1, 0
0.03666139, 0, 0
0.03666199, 0, 1
0.03666474, 0, 0
0.03666534, 1, 0
0.03666807, 0, 0
0.03666867, 0, 1
0.03667142, 0, 0
0.03667202, 1, 0
0.03667475, 0, 0
0.03667535, 0, 1
0.03667810, 0, 0
0.03667870, 1, 0
0.03668143, 0, 0
0.03668203, 0, 1
0.03668478, 0, 0
0.03668538, 1, 0
0.03668811, 0, 0
0.03668871, 0, 1
0.03669146, 0, 0
0.03669206, 1, 0
0.03669479, 0, 0
0.03669539, 0, 1
0.03669814, 0, 0
0.03669874, 1, 0
0.03670147, 0, 0
0.03670207, 0, 1
0.03670482, 0, 0
0.03670542, 1, 0
0.03670815, 0, 0
0.03670875, 0, 1
0.03671150, 0, 0
0.03671210, 1, 0
0.03671483, 0, 0
0.03671543, 0, 1
0.03671818, 0, 0
0.03671878, 1, 0
0.03672151, 0, 0
0.03672211, 0, 1
0.03672485, 0, 0
0.03672545, 1, 0
0.03672819, 0, 0
0.03672879, 0, 1
0.03673153, 0, 0
0.03673213, 1, 0
0.03673487, 0, 0
0.03673547, 0, 1
0.03673821, 0, 0
0.03673881, 1, 0
0.03674155, 0, 0
0.03674215, 0, 1
0.03674489, 0, 0
0.03674549, 1, 0
0.03674823, 0, 0
0.03674883, 0, 1
0.03675157, 0, 0
0.03675217, 1, 0
0.03675491, 0, 0
0.03675550, 0, 1
0.03675825, 0, 0
0.03675885, 1, 0
0.03676159, 0, 0
0.03676218, 0, 1
0.03676493, 0, 0
0.03676553, 1, 0
0.03676827, 0, 0
0.03676886, 0, 1
0.03677161, 0, 0
0.03677221, 1, 0
0.03677495, 0, 0
0.03677554, 0, 1
0.03677829, 0, 0
0.03677889, 1, 0
0.03678163, 0, 0
0.03678222, 0, 1
0.03678497, 0, 0
0.03678557, 1, 0
0.03678831, 0, 0
0.03678890, 0, 1
0.03679165, 0, 0
0.03679225, 1, 0
0.03679499, 0, 0
0.03679558, 0, 1
0.03679833, 0, 0
0.03679893, 1, 0
0.03680167, 0, 0
0.03680226, 0, 1
0.03680501, 0, 0
0.03680561, 1, 0
0.03680834, 0, 0
0.03680894, 0, 1
0.03681169, 0, 0
0.03681229, 1, 0
0.03681502, 0, 0
0.03681562, 0, 1
0.03681837, 0, 0
0.03681897, 1, 0
0.03682170, 0, 0
0.03682230, 0, 1
0.03682505, 0, 0
0.03682565, 1, 0
0.03682838, 0, 0
0.03682898, 0, 1
0.03683173, 0, 0
0.03683233, 1, 0
0.03683506, 0, 0
0.03683566, 0, 1
0.03683841, 0, 0
0.03683901, 1, 0
0.03684174, 0, 0
0.03684234, 0, 1
0.03684509, 0, 0
0.03684569, 1, 0
0.03684842, 0, 0
0.03684902, 0, 1
0.03685177, 0, 0
0.03685237, 1, 0
0.03685510, 0, 0
0.03685570, 0, 1
0.03685845, 0, 0
0.03685905, 1, 0
0.03686178, 0, 0
0.03686238, 0, 1
0.03686513, 0, 0
0.03686573, 1, 0
0.03686846, 0, 0
0.03686906, 0, 1
0.03687181, 0, 0
0.03687241, 1, 0
0.03687514, 0, 0
0.03687574, 0, 1
0.03687849, 0, 0
0.03687909, 1, 0
0.03688182, 0, 0
0.03688242, 0, 1
0.03688517, 0, 0
0.03688577, 1, 0
0.03688850, 0, 0
0.03688910, 0, 1
0.03689185, 0, 0
0.03689245, 1, 0
0.03689518, 0, 0
0.03689578, 0, 1
0.03689853, 0, 0
0.03689912, 1, 0
0.03690186, 0, 0
0.03690246, 0, 1
0.03690521, 0, 0
0.03690580, 1, 0
0.03690854, 0, 0
0.03690914, 0, 1
0.03691188, 0, 0
0.03691248, 1, 0
0.03691522, 0, 0
0.03691581, 0, 1
0.03691856, 0, 0
0.03691916, 1, 0
0.03692190, 0, 0
0.03692249, 0, 1
0.03692524, 0, 0
0.03692584, 1, 0
0.03692858, 0, 0
0.03692917, 0, 1
0.03693192, 0, 0
0.03693252, 1, 0
0.03693526, 0, 0
0.03693585, 0, 1
0.03693860, 0, 0
0.03693920, 1, 0
0.03694194, 0, 0
0.03694253, 0, 1
0.03694528, 0, 0
0.03694588, 1, 0
0.03694862, 0, 0
0.03694921, 0, 1
0.03695196, 0, 0
0.03695256, 1, 0
0.03695530, 0, 0
0.03695589, 0, 1
0.03695864, 0, 0
0.03695924, 1, 0
0.03696198, 0, 0
0.03696257, 0, 1
0.03696532, 0, 0
0.03696592, 1, 0
0.03696866, 0, 0
0.03696925, 0, 1
0.03697200, 0, 0
0.03697260, 1, 0
0.03697534, 0, 0
0.03697593, 0, 1
0.03697868, 0, 0
0.03697928, 1, 0
0.03698201, 0, 0
0.03698261, 0, 1
0.03698536, 0, 0
0.03698596, 1, 0
0.03698869, 0, 0
0.03698929, 0, 1
0.03699204, 0, 0
0.03699264, 1, 0
0.03699537, 0, 0
0.03699597, 0, 1
0.03699872, 0, 0
0.03699932, 1, 0
0.03700205, 0, 0
0.03700265, 0, 1
0.03700540, 0, 0
0.03700600, 1, 0
0.03700873, 0, 0
0.03700933, 0, 1
0.03701208, 0, 0
0.03701268, 1, 0
0.03701541, 0, 0
0.03701601, 0, 1
0.03701876, 0, 0
0.03701936, 1, 0
0.03702209, 0, 0
0.03702269, 0, 1
0.03702544, 0, 0
0.03702604, 1, 0
0.03702877, 0, 0
0.03702937, 0, 1
0.03703212, 0, 0
0.03703272, 1, 0
0.03703545, 0, 0
0.03703605, 0, 1
0.03703880, 0, 0
0.03703940, 1, 0
0.03704213, 0, 0
0.03704273, 0, 1
0.03704548, 0, 0
0.03704608, 1, 0
0.03704881, 0, 0
0.03704941, 0, 1
0.03705216, 0, 0
0.03705276, 1, 0
0.03705549, 0, 0
0.03705609, 0, 1
0.03705884, 0, 0
0.03705944, 1, 0
0.03706217, 0, 0
0.03706277, 0, 1
0.03706552, 0, 0
0.03706612, 1, 0
0.03706885, 0, 0
0.03706945, 0, 1
0.03707220, 0, 0
0.03707279, 1, 0
0.03707553, 0, 0
0.03707613, 0, 1
0.03707887, 0, 0
0.03707947, 1, 0
0.03708221, 0, 0
0.03708280, 0, 1
0.03708555, 0, 0
0.03708615, 1, 0
0.03708889, 0, 0
0.03708948, 0, 1
0.03709223, 0, 0
0.03709283, 1, 0
0.03709557, 0, 0
0.03709616, 0, 1
0.03709891, 0, 0
0.03709951, 1, 0
0.03710225, 0, 0
0.03710284, 0, 1
0.03710559, 0, 0
0.03710619, 1, 0
0.03710893, 0, 0
0.03710952, 0, 1
0.03711227, 0, 0
0.03711287, 1, 0
0.03711561, 0, 0
0.03711620, 0, 1
0.03711895, 0, 0
0.03711955, 1, 0
0.03712229, 0, 0
0.03712288, 0, 1
0.03712563, 0, 0
0.03712623, 1, 0
0.03712897, 0, 0
0.03712956, 0, 1
0.03713231, 0, 0
0.03713291, 1, 0
0.03713565, 0, 0
0.03713624, 0, 1
0.03713899, 0, 0
0.03713959, 1, 0
0.03714233, 0, 0
0.03714292, 0, 1
0.03714567, 0, 0
0.03714627, 1, 0
0.03714901, 0, 0
0.03714960, 0, 1
0.03715235, 0, 0
0.03715295, 1, 0
0.03715568, 0, 0
0.03715628, 0, 1
0.03715903, 0, 0
0.03715963, 1, 0
0.03716236, 0, 0
0.03716296, 0, 1
0.03716571, 0, 0
0.03716631, 1, 0
0.03716904, 0, 0
0.03716964, 0, 1
0.03717239, 0, 0
0.03717299, 1, 0
0.03717572, 0, 0
0.03717632, 0, 1
0.03717907, 0, 0
0.03717967, 1, 0
0.03718240, 0, 0
0.03718300, 0, 1
0.03718575, 0, 0
0.03718635, 1, 0
0.03718908, 0, 0
0.03718968, 0, 1
0.03719243, 0, 0
0.03719303, 1, 0
0.03719576, 0, 0
0.03719636, 0, 1
0.03719911, 0, 0
0.03719971, 1, 0
0.03720244, 0, 0
0.03720304, 0, 1
0.03720579, 0, 0
0.03720639, 1, 0
0.03720912, 0, 0
0.03720972, 0, 1
0.03721247, 0, 0
0.03721307, 1, 0
0.03721580, 0, 0
0.03721640, 0, 1
0.03721915, 0, 0
0.03721975, 1, 0
0.03722248, 0, 0
0.03722308, 0, 1
0.03722583, 0, 0
0.03722643, 1, 0
0.03722916, 0, 0
0.03722976, 0, 1
0.03723251, 0, 0
0.03723310, 1, 0
0.03723584, 0, 0
0.03723644, 0, 1
0.03723919, 0, 0
0.03723978, 1, 0
0.03724252, 0, 0
0.03724312, 0, 1
0.03724587, 0, 0
0.03724646, 1, 0
0.03724920, 0, 0
0.03724980, 0, 1
0.03725254, 0, 0
0.03725314, 1, 0
0.03725588, 0, 0
0.03725648, 0, 1
0.03725922, 0, 0
0.03725982, 1, 0
0.03726256, 0, 0
0.03726315, 0, 1
0.03726590, 0, 0
0.03726650, 1, 0
0.03726924, 0, 0
0.03726983, 0, 1
0.03727258, 0, 0
0.03727318, 1, 0
0.03727592, 0, 0
0.03727651, 0, 1
0.03727926, 0, 0
0.03727986, 1, 0
0.03728260, 0, 0
0.03728319, 0, 1
0.03728594, 0, 0
0.03728654, 1, 0
0.03728928, 0, 0
0.03728987, 0, 1
0.03729262, 0, 0
0.03729322, 1, 0
0.03729596, 0, 0
0.03729655, 0, 1
0.03729930, 0, 0
0.03729990, 1, 0
0.03730264, 0, 0
0.03730323, 0, 1
0.03730598, 0, 0
0.03730658, 1, 0
0.03730932, 0, 0
0.03730991, 0, 1
0.03731266, 0, 0
0.03731326, 1, 0
0.03731600, 0, 0
0.03731659, 0, 1
0.03731934, 0, 0
0.03731994, 1, 0
0.03732267, 0, 0
0.03732327, 0, 1
0.03732602, 0, 0
0.03732662, 1, 0
0.03732935, 0, 0
0.03732995, 0, 1
0.03733270, 0, 0
0.03733330, 1, 0
0.03733603, 0, 0
0.03733663, 0, 1
0.03733938, 0, 0
0.03733998, 1, 0
0.03734271, 0, 0
0.03734331, 0, 1
0.03734606, 0, 0
0.03734666, 1, 0
0.03734939, 0, 0
0.03734999, 0, 1
0.03735274, 0, 0
0.03735334, 1, 0
0.03735607, 0, 0
0.03735667, 0, 1
0.03735942, 0, 0
0.03736002, 1, 0
0.03736275, 0, 0
0.03736335, 0, 1
0.03736610, 0, 0
0.03736670, 1, 0
0.03736943, 0, 0
0.03737003, 0, 1
0.03737278, 0, 0
0.03737338, 1, 0
0.03737611, 0, 0
0.03737671, 0, 1
0.03737946, 0, 0
0.03738006, 1, 0
0.03738279, 0, 0
0.03738339, 0, 1
0.03738614, 0, 0
0.03738674, 1, 0
0.03738947, 0, 0
0.03739007, 0, 1
0.03739282, 0, 0
0.03739342, 1, 0
0.03739615, 0, 0
0.03739675, 0, 1
0.03739950, 0, 0
0.03740009, 1, 0
0.03740283, 0, 0
0.03740343, 0, 1
0.03740618, 0, 0
0.03740677, 1, 0
0.03740951, 0, 0
0.03741011, 0, 1
0.03741286, 0, 0
0.03741345, 1, 0
0.03741619, 0, 0
0.03741679, 0, 1
0.03741954, 0, 0
0.03742013, 1, 0
0.03742287, 0, 0
0.03742347, 0, 1
0.03742621, 0, 0
0.03742681, 1, 0
0.03742955, 0, 0
0.03743014, 0, 1
0.03743289, 0, 0
0.03743349, 1, 0
0.03743623, 0, 0
0.03743682, 0, 1
0.03743957, 0, 0
0.03744017, 1, 0
0.03744291, 0, 0
0.03744350, 0, 1
0.03744625, 0, 0
0.03744685, 1, 0
0.03744959, 0, 0
0.03745018, 0, 1
0.03745293, 0, 0
0.03745353, 1, 0
0.03745627, 0, 0
0.03745686, 0, 1
0.03745961, 0, 0
0.03746021, 1, 0
0.03746295, 0, 0
0.03746354, 0, 1
0.03746629, 0, 0
0.03746689, 1, 0
0.03746963, 0, 0
0.03747022, 0, 1
0.03747297, 0, 0
0.03747357, 1, 0
0.03747631, 0, 0
0.03747690, 0, 1
0.03747965, 0, 0
0.03748025, 1, 0
0.03748299, 0, 0
0.03748358, 0, 1
0.03748633, 0, 0
0.03748693, 1, 0
0.03748966, 0, 0
0.03749026, 0, 1
0.03749301, 0, 0
0.03749361, 1, 0
0.03749635, 0, 0
0.03749694, 0, 1
0.03749969, 0, 0
0.03750029, 1, 0
0.03750302, 0, 0
0.03750362, 0, 1
0.03750637, 0, 0
0.03750697, 1, 0
0.03750970, 0, 0
0.03751030, 0, 1
0.03751305, 0, 0
0.03751365, 1, 0
0.03751638, 0, 0
0.03751698, 0, 1
0.03751973, 0, 0
0.03752033, 1, 0
0.03752306, 0, 0
0.03752366, 0, 1
0.03752641, 0, 0
0.03752701, 1, 0
0.03752974, 0, 0
0.03753034, 0, 1
0.03753309, 0, 0
0.03753369, 1, 0
0.03753642, 0, 0
0.03753702, 0, 1
0.03753977, 0, 0
0.03754037, 1, 0
0.03754310, 0, 0
0.03754370, 0, 1
0.03754645, 0, 0
0.03754705, 1, 0
0.03754978, 0, 0
0.03755038, 0, 1
0.03755313, 0, 0
0.03755373, 1, 0
0.03755646, 0, 0
0.03755706, 0, 1
0.03755981, 0, 0
0.03756041, 1, 0
0.03756314, 0, 0
0.03756374, 0, 1
0.03756649, 0, 0
0.03756709, 1, 0
0.03756982, 0, 0
0.03757042, 0, 1
0.03757317, 0, 0
0.03757376, 1, 0
0.03757650, 0, 0
0.03757710, 0, 1
0.03757985, 0, 0
0.03758044, 1, 0
0.03758318, 0, 0
0.03758378, 0, 1
0.03758653, 0, 0
0.03758712, 1, 0
0.03758986, 0, 0
0.03759046, 0, 1
0.03759320, 0, 0
0.03759380, 1, 0
0.03759654, 0, 0
0.03759714, 0, 1
0.03759988, 0, 0
0.03760048, 1, 0
0.03760322, 0, 0
0.03760381, 0, 1
0.03760656, 0, 0
0.03760716, 1, 0
0.03760990, 0, 0
0.03761049, 0, 1
0.03761324, 0, 0
0.03761384, 1, 0
0.03761658, 0, 0
0.03761717, 0, 1
0.03761992, 0, 0
0.03762052, 1, 0
0.03762326, 0, 0
0.03762385, 0, 1
0.03762660, 0, 0
0.03762720, 1, 0
0.03762994, 0, 0
0.03763053, 0, 1
0.03763328, 0, 0
0.03763388, 1, 0
0.03763662, 0, 0
0.03763721, 0, 1
0.03763996, 0, 0
0.03764056, 1, 0
0.03764330, 0, 0
0.03764389, 0, 1
0.03764664, 0, 0
0.03764724, 1, 0
0.03764998, 0, 0
0.03765057, 0, 1
0.03765332, 0, 0
0.03765392, 1, 0
0.03765665, 0, 0
0.03765725, 0, 1
0.03766000, 0, 0
0.03766060, 1, 0
0.03766333, 0, 0
0.03766393, 0, 1
0.03766668, 0, 0
0.03766728, 1, 0
0.03767001, 0, 0
0.03767061, 0, 1
0.03767336, 0, 0
0.03767396, 1, 0
0.03767669, 0, 0
0.03767729, 0, 1
0.03768004, 0, 0
0.03768064, 1, 0
0.03768337, 0, 0
0.03768397, 0, 1
0.03768672, 0, 0
0.03768732, 1, 0
0.03769005, 0, 0
0.03769065, 0, 1
0.03769340, 0, 0
0.03769400, 1, 0
0.03769673, 0, 0
0.03769733, 0, 1
0.03770008, 0, 0
0.03770068, 1, 0
0.03770341, 0, 0
0.03770401, 0, 1
0.03770676, 0, 0
0.03770736, 1, 0
0.03771009, 0, 0
0.03771069, 0, 1
0.03771344, 0, 0
0.03771404, 1, 0
0.03771677, 0, 0
0.03771737, 0, 1
0.03772012, 0, 0
0.03772072, 1, 0
0.03772345, 0, 0
0.03772405, 0, 1
0.03772680, 0, 0
0.03772740, 1, 0
0.03773013, 0, 0
0.03773073, 0, 1
0.03773348, 0, 0
0.03773408, 1, 0
0.03773681, 0, 0
0.03773741, 0, 1
0.03774016, 0, 0
0.03774076, 1, 0
0.03774349, 0, 0
0.03774409, 0, 1
0.03774684, 0, 0
0.03774743, 1, 0
0.03775017, 0, 0
0.03775077, 0, 1
0.03775352, 0, 0
0.03775411, 1, 0
0.03775685, 0, 0
0.03775745, 0, 1
0.03776019, 0, 0
0.03776079, 1, 0
0.03776353, 0, 0
0.03776412, 0, 1
0.03776687, 0, 0
0.03776747, 1, 0
0.03777021, 0, 0
0.03777080, 0, 1
0.03777355, 0, 0
0.03777415, 1, 0
0.03777689, 0, 0
0.03777748, 0, 1
0.03778023, 0, 0
0.03778083, 1, 0
0.03778357, 0, 0
0.03778416, 0, 1
0.03778691, 0, 0
0.03778751, 1, 0
0.03779025, 0, 0
0.03779084, 0, 1
0.03779359, 0, 0
0.03779419, 1, 0
0.03779693, 0, 0
0.03779752, 0, 1
0.03780027, 0, 0
0.03780087, 1, 0
0.03780361, 0, 0
0.03780420, 0, 1
0.03780695, 0, 0
0.03780755, 1, 0
0.03781029, 0, 0
0.03781088, 0, 1
0.03781363, 0, 0
0.03781423, 1, 0
0.03781697, 0, 0
0.03781756, 0, 1
0.03782031, 0, 0
0.03782091, 1, 0
0.03782365, 0, 0
0.03782424, 0, 1
0.03782699, 0, 0
0.03782759, 1, 0
0.03783032, 0, 0
0.03783092, 0, 1
0.03783367, 0, 0
0.03783427, 1, 0
0.03783701, 0, 0
0.03783760, 0, 1
0.03784035, 0, 0
0.03784095, 1, 0
0.03784368, 0, 0
0.03784428, 0, 1
0.03784703, 0, 0
0.03784763, 1, 0
0.03785036, 0, 0
0.03785096, 0, 1
0.03785371, 0, 0
0.03785431, 1, 0
0.03785704, 0, 0
0.03785764, 0, 1
0.03786039, 0, 0
0.03786099, 1, 0
0.03786372, 0, 0
0.03786432, 0, 1
0.03786707, 0, 0
0.03786767, 1, 0
0.03787040, 0, 0
0.03787100, 0, 1
0.03787375, 0, 0
0.03787435, 1, 0
0.03787708, 0, 0
0.03787768, 0, 1
0.03788043, 0, 0
0.03788103, 1, 0
0.03788376, 0, 0
0.03788436, 0, 1
0.03788711, 0, 0
0.03788771, 1, 0
0.03789044, 0, 0
0.03789104, 0, 1
0.03789379, 0, 0
0.03789439, 1, 0
0.03789712, 0, 0
0.03789772, 0, 1
0.03790047, 0, 0
0.03790107, 1, 0
0.03790380, 0, 0
0.03790440, 0, 1
0.03790715, 0, 0
0.03790774, 1, 0
0.03791048, 0, 0
0.03791108, 0, 1
0.03791383, 0, 0
0.03791442, 1, 0
0.03791716, 0, 0
0.03791776, 0, 1
0.03792050, 0, 0
0.03792110, 1, 0
0.03792384, 0, 0
0.03792444, 0, 1
0.03792718, 0, 0
0.03792778, 1, 0
0.03793052, 0, 0
0.03793112, 0, 1
0.03793386, 0, 0
0.03793446, 1, 0
0.03793720, 0, 0
0.03793780, 0, 1
0.03794054, 0, 0
0.03794114, 1, 0
0.03794388, 0, 0
0.03794448, 0, 1
0.03794722, 0, 0
0.03794782, 1, 0
0.03795056, 0, 0
0.03795115, 0, 1
0.03795390, 0, 0
0.03795450, 1, 0
0.03795724, 0, 0
0.03795783, 0, 1
0.03796058, 0, 0
0.03796118, 1, 0
0.03796392, 0, 0
0.03796451, 0, 1
0.03796726, 0, 0
0.03796786, 1, 0
0.03797060, 0, 0
0.03797119, 0, 1
0.03797394, 0, 0
0.03797454, 1, 0
0.03797728, 0, 0
0.03797787, 0, 1
0.03798062, 0, 0
0.03798122, 1, 0
0.03798396, 0, 0
0.03798455, 0, 1
0.03798730, 0, 0
0.03798790, 1, 0
0.03799064, 0, 0
0.03799123, 0, 1
0.03799398, 0, 0
0.03799458, 1, 0
0.03799732, 0, 0
0.03799791, 0, 1
0.03800066, 0, 0
0.03800126, 1, 0
0.03800399, 0, 0
0.03800459, 0, 1
0.03800734, 0, 0
0.03800794, 1, 0
0.03801067, 0, 0
0.03801127, 0, 1
0.03801402, 0, 0
0.03801462, 1, 0
0.03801735, 0, 0
0.03801795, 0, 1
0.03802070, 0, 0
0.03802130, 1, 0
0.03802403, 0, 0
0.03802463, 0, 1
0.03802738, 0, 0
0.03802798, 1, 0
0.03803071, 0, 0
0.03803131, 0, 1
0.03803406, 0, 0
0.03803466, 1, 0
0.03803739, 0, 0
0.03803799, 0, 1
0.03804074, 0, 0
0.03804134, 1, 0
0.03804407, 0, 0
0.03804467, 0, 1
0.03804742, 0, 0
0.03804802, 1, 0
0.03805075, 0, 0
0.03805135, 0, 1
0.03805410, 0, 0
0.03805470, 1, 0
0.03805743, 0, 0
0.03805803, 0, 1
0.03806078, 0, 0
0.03806138, 1, 0
0.03806411, 0, 0
0.03806471, 0, 1
0.03806746, 0, 0
0.03806806, 1, 0
0.03807079, 0, 0
0.03807139, 0, 1
0.03807414, 0, 0
0.03807474, 1, 0
0.03807747, 0, 0
0.03807807, 0, 1
0.03808082, 0, 0
0.03808142, 1, 0
0.03808415, 0, 0
0.03808475, 0, 1
0.03808750, 0, 0
0.03808810, 1, 0
0.03809083, 0, 0
0.03809143, 0, 1
0.03809418, 0, 0
0.03809477, 1, 0
0.03809751, 0, 0
0.03809811, 0, 1
0.03810085, 0, 0
0.03810145, 1, 0
0.03810419, 0, 0
0.03810479, 0, 1
0.03810753, 0, 0
0.03810813, 1, 0
0.03811087, 0, 0
0.03811147, 0, 1
0.03811421, 0, 0
0.03811481, 1, 0
0.03811755, 0, 0
0.03811814, 0, 1
0.03812089, 0, 0
0.03812149, 1, 0
0.03812423, 0, 0
0.03812482, 0, 1
0.03812757, 0, 0
0.03812817, 1, 0
0.03813091, 0, 0
0.03813150, 0, 1
0.03813425, 0, 0
0.03813485, 1, 0
0.03813759, 0, 0
0.03813818, 0, 1
0.03814093, 0, 0
0.03814153, 1, 0
0.03814427, 0, 0
0.03814486, 0, 1
0.03814761, 0, 0
0.03814821, 1, 0
0.03815095, 0, 0
0.03815154, 0, 1
0.03815429, 0, 0
0.03815489, 1, 0
0.03815763, 0, 0
0.03815822, 0, 1
0.03816097, 0, 0
0.03816157, 1, 0
0.03816431, 0, 0
0.03816490, 0, 1
0.03816765, 0, 0
0.03816825, 1, 0
0.03817099, 0, 0
0.03817158, 0, 1
0.03817433, 0, 0
0.03817493, 1, 0
0.03817766, 0, 0
0.03817826, 0, 1
0.03818101, 0, 0
0.03818161, 1, 0
0.03818434, 0, 0
0.03818494, 0, 1
0.03818769, 0, 0
0.03818829, 1, 0
0.03819102, 0, 0
0.03819162, 0, 1
0.03819437, 0, 0
0.03819497, 1, 0
0.03819770, 0, 0
0.03819830, 0, 1
0.03820105, 0, 0
0.03820165, 1, 0
0.03820438, 0, 0
0.03820498, 0, 1
0.03820773, 0, 0
0.03820833, 1, 0
0.03821106, 0, 0
0.03821166, 0, 1
0.03821441, 0, 0
0.03821501, 1, 0
0.03821774, 0, 0
0.03821834, 0, 1
0.03822109, 0, 0
0.03822169, 1, 0
0.03822442, 0, 0
0.03822502, 0, 1
0.03822777, 0, 0
0.03822837, 1, 0
0.03823110, 0, 0
0.03823170, 0, 1
0.03823445, 0, 0
0.03823505, 1, 0
0.03823778, 0, 0
0.03823838, 0, 1
0.03824113, 0, 0
0.03824173, 1, 0
0.03824446, 0, 0
0.03824506, 0, 1
0.03824781, 0, 0
0.03824841, 1, 0
0.03825114, 0, 0
0.03825174, 0, 1
0.03825449, 0, 0
0.03825508, 1, 0
0.03825782, 0, 0
0.03825842, 0, 1
0.03826117, 0, 0
0.03826176, 1, 0
0.03826450, 0, 0
0.03826510, 0, 1
0.03826785, 0, 0
0.03826844, 1, 0
0.03827118, 0, 0
0.03827178, 0, 1
0.03827452, 0, 0
0.03827512, 1, 0
0.03827786, 0, 0
0.03827846, 0, 1
0.03828120, 0, 0
0.03828180, 1, 0
0.03828454, 0, 0
0.03828513, 0, 1
0.03828788, 0, 0
0.03828848, 1, 0
0.03829122, 0, 0
0.03829181, 0, 1
0.03829456, 0, 0
0.03829516, 1, 0
0.03829790, 0, 0
0.03829849, 0, 1
0.03830124, 0, 0
0.03830184, 1, 0
0.03830458, 0, 0
0.03830517, 0, 1
0.03830792, 0, 0
0.03830852, 1, 0
0.03831126, 0, 0
0.03831185, 0, 1
0.03831460, 0, 0
0.03831520, 1, 0
0.03831794, 0, 0
0.03831853, 0, 1
0.03832128, 0, 0
0.03832188, 1, 0
0.03832462, 0, 0
0.03832521, 0, 1
0.03832796, 0, 0
0.03832856, 1, 0
0.03833130, 0, 0
0.03833189, 0, 1
0.03833464, 0, 0
0.03833524, 1, 0
0.03833798, 0, 0
0.03833857, 0, 1
0.03834132, 0, 0
0.03834192, 1, 0
0.03834465, 0, 0
0.03834525, 0, 1
0.03834800, 0, 0
0.03834860, 1, 0
0.03835133, 0, 0
0.03835193, 0, 1
0.03835468, 0, 0
0.03835528, 1, 0
0.03835801, 0, 0
0.03835861, 0, 1
0.03836136, 0, 0
0.03836196, 1, 0
0.03836469, 0, 0
0.03836529, 0, 1
0.03836804, 0, 0
0.03836864, 1, 0
0.03837137, 0, 0
0.03837197, 0, 1
0.03837472, 0, 0
0.03837532, 1, 0
0.03837805, 0, 0
0.03837865, 0, 1
0.03838140, 0, 0
0.03838200, 1, 0
0.03838473, 0, 0
0.03838533, 0, 1
0.03838808, 0, 0
0.03838868, 1, 0
0.03839141, 0, 0
0.03839201, 0, 1
0.03839476, 0, 0
0.03839536, 1, 0
0.03839809, 0, 0
0.03839869, 0, 1
0.03840144, 0, 0
0.03840204, 1, 0
0.03840477, 0, 0
0.03840537, 0, 1
0.03840812, 0, 0
0.03840872, 1, 0
0.03841145, 0, 0
0.03841205, 0, 1
0.03841480, 0, 0
0.03841540, 1, 0
0.03841813, 0, 0
0.03841873, 0, 1
0.03842148, 0, 0
0.03842208, 1, 0
0.03842481, 0, 0
0.03842541, 0, 1
0.03842816, 0, 0
0.03842875, 1, 0
0.03843149, 0, 0
0.03843209, 0, 1
0.03843483, 0, 0
0.03843543, 1, 0
0.03843817, 0, 0
0.03843877, 0, 1
0.03844151, 0, 0
0.03844211, 1, 0
0.03844485, 0, 0
0.03844545, 0, 1
0.03844819, 0, 0
0.03844879, 1, 0
0.03845153, 0, 0
0.03845213, 0, 1
0.03845487, 0, 0
0.03845547, 1, 0
0.03845821, 0, 0
0.03845880, 0, 1
0.03846155, 0, 0
0.03846215, 1, 0
0.03846489, 0, 0
0.03846548, 0, 1
0.03846823, 0, 0
0.03846883, 1, 0
0.03847157, 0, 0
0.03847216, 0, 1
0.03847491, 0, 0
0.03847551, 1, 0
0.03847825, 0, 0
0.03847884, 0, 1
0.03848159, 0, 0
0.03848219, 1, 0
0.03848493, 0, 0
0.03848552, 0, 1
0.03848827, 0, 0
0.03848887, 1, 0
0.03849161, 0, 0
0.03849220, 0, 1
0.03849495, 0, 0
0.03849555, 1, 0
0.03849829, 0, 0
0.03849888, 0, 1
0.03850163, 0, 0
0.03850223, 1, 0
0.03850497, 0, 0
0.03850556, 0, 1
0.03850831, 0, 0
0.03850891, 1, 0
0.03851165, 0, 0
0.03851224, 0, 1
0.03851499, 0, 0
0.03851559, 1, 0
0.03851832, 0, 0
0.03851892, 0, 1
0.03852167, 0, 0
0.03852227, 1, 0
0.03852500, 0, 0
0.03852560, 0, 1
0.03852835, 0, 0
0.03852895, 1, 0
0.03853168, 0, 0
0.03853228, 0, 1
0.03853503, 0, 0
0.03853563, 1, 0
0.03853836, 0, 0
0.03853896, 0, 1
0.03854171, 0, 0
0.03854231, 1, 0
0.03854504, 0, 0
0.03854564, 0, 1
0.03854839, 0, 0
0.03854899, 1, 0
0.03855172, 0, 0
0.03855232, 0, 1
0.03855507, 0, 0
0.03855567, 1, 0
0.03855840, 0, 0
0.03855900, 0, 1
0.03856175, 0, 0
0.03856235, 1, 0
0.03856508, 0, 0
0.03856568, 0, 1
0.03856843, 0, 0
0.03856903, 1, 0
0.03857176, 0, 0
0.03857236, 0, 1
0.03857511, 0, 0
0.03857571, 1, 0
0.03857844, 0, 0
0.03857904, 0, 1
0.03858179, 0, 0
0.03858239, 1, 0
0.03858512, 0, 0
0.03858572, 0, 1
0.03858847, 0, 0
0.03858907, 1, 0
0.03859180, 0, 0
0.03859240, 0, 1
0.03859515, 0, 0
0.03859574, 1, 0
0.03859848, 0, 0
0.03859908, 0, 1
0.03860183, 0, 0
0.03860242, 1, 0
0.03860516, 0, 0
0.03860576, 0, 1
0.03860851, 0, 0
0.03860910, 1, 0
0.03861184, 0, 0
0.03861244, 0, 1
0.03861518, 0, 0
0.03861578, 1, 0
0.03861852, 0, 0
0.03861911, 0, 1
0.03862186, 0, 0
0.03862246, 1, 0
0.03862520, 0, 0
0.03862580, 0, 1
0.03862854, 0, 0
0.03862914, 1, 0
0.03863188, 0, 0
0.03863247, 0, 1
0.03863522, 0, 0
0.03863582, 1, 0
0.03863856, 0, 0
0.03863915, 0, 1
0.03864190, 0, 0
0.03864250, 1, 0
0.03864524, 0, 0
0.03864583, 0, 1
0.03864858, 0, 0
0.03864918, 1, 0
0.03865192, 0, 0
0.03865251, 0, 1
0.03865526, 0, 0
0.03865586, 1, 0
0.03865860, 0, 0
0.03865919, 0, 1
0.03866194, 0, 0
0.03866254, 1, 0
0.03866528, 0, 0
0.03866587, 0, 1
0.03866862, 0, 0
0.03866922, 1, 0
0.03867196, 0, 0
0.03867255, 0, 1
0.03867530, 0, 0
0.03867590, 1, 0
0.03867864, 0, 0
0.03867923, 0, 1
0.03868198, 0, 0
0.03868258, 1, 0
0.03868532, 0, 0
0.03868591, 0, 1
0.03868866, 0, 0
0.03868926, 1, 0
0.03869199, 0, 0
0.03869259, 0, 1
0.03869534, 0, 0
0.03869594, 1, 0
0.03869867, 0, 0
0.03869927, 0, 1
0.03870202, 0, 0
0.03870262, 1, 0
0.03870535, 0, 0
0.03870595, 0, 1
0.03870870, 0, 0
0.03870930, 1, 0
0.03871203, 0, 0
0.03871263, 0, 1
0.03871538, 0, 0
0.03871598, 1, 0
0.03871871, 0, 0
0.03871931, 0, 1
0.03872206, 0, 0
0.03872266, 1, 0
0.03872539, 0, 0
0.03872599, 0, 1
0.03872874, 0, 0
0.03872934, 1, 0
0.03873207, 0, 0
0.03873267, 0, 1
0.03873542, 0, 0
0.03873602, 1, 0
0.03873875, 0, 0
0.03873935, 0, 1
0.03874210, 0, 0
0.03874270, 1, 0
0.03874543, 0, 0
0.03874603, 0, 1
0.03874878, 0, 0
0.03874938, 1, 0
0.03875211, 0, 0
0.03875271, 0, 1
0.03875546, 0, 0
0.03875606, 1, 0
0.03875879, 0, 0
0.03875939, 0, 1
0.03876214, 0, 0
0.03876274, 1, 0
0.03876547, 0, 0
0.03876607, 0, 1
0.03876882, 0, 0
0.03876942, 1, 0
0.03877215, 0, 0
0.03877275, 0, 1
0.03877550, 0, 0
0.03877609, 1, 0
0.03877883, 0, 0
0.03877943, 0, 1
0.03878217, 0, 0
0.03878277, 1, 0
0.03878551, 0, 0
0.03878611, 0, 1
0.03878885, 0, 0
0.03878945, 1, 0
0.03879219, 0, 0
0.03879279, 0, 1
0.03879553, 0, 0
0.03879613, 1, 0
0.03879887, 0, 0
0.03879946, 0, 1
0.03880221, 0, 0
0.03880281, 1, 0
0.03880555, 0, 0
0.03880614, 0, 1
0.03880889, 0, 0
0.03880949, 1, 0
0.03881223, 0, 0
0.03881282, 0, 1
0.03881557, 0, 0
0.03881617, 1, 0
0.03881891, 0, 0
0.03881950, 0, 1
0.03882225, 0, 0
0.03882285, 1, 0
0.03882559, 0, 0
0.03882618, 0, 1
0.03882893, 0, 0
0.03882953, 1, 0
0.03883227, 0, 0
0.03883286, 0, 1
0.03883561, 0, 0
0.03883621, 1, 0
0.03883895, 0, 0
0.03883954, 0, 1
0.03884229, 0, 0
0.03884289, 1, 0
0.03884563, 0, 0
0.03884622, 0, 1
0.03884897, 0, 0
0.03884957, 1, 0
0.03885231, 0, 0
0.03885290, 0, 1
0.03885565, 0, 0
0.03885625, 1, 0
0.03885899, 0, 0
0.03885958, 0, 1
0.03886233, 0, 0
0.03886293, 1, 0
0.03886566, 0, 0
0.03886626, 0, 1
0.03886901, 0, 0
0.03886961, 1, 0
0.03887234, 0, 0
0.03887294, 0, 1
0.03887569, 0, 0
0.03887629, 1, 0
0.03887902, 0, 0
0.03887962, 0, 1
0.03888237, 0, 0
0.03888297, 1, 0
0.03888570, 0, 0
0.03888630, 0, 1
0.03888905, 0, 0
0.03888965, 1, 0
0.03889238, 0, 0
0.03889298, 0, 1
0.03889573, 0, 0
0.03889633, 1, 0
0.03889906, 0, 0
0.03889966, 0, 1
0.03890241, 0, 0
0.03890301, 1, 0
0.03890574, 0, 0
0.03890634, 0, 1
0.03890909, 0, 0
0.03890969, 1, 0
0.03891242, 0, 0
0.03891302, 0, 1
0.03891577, 0, 0
0.03891637, 1, 0
0.03891910, 0, 0
0.03891970, 0, 1
0.03892245, 0, 0
0.03892305, 1, 0
0.03892578, 0, 0
0.03892638, 0, 1
0.03892913, 0, 0
0.03892973, 1, 0
0.03893246, 0, 0
0.03893306, 0, 1
0.03893581, 0, 0
0.03893641, 1, 0
0.03893914, 0, 0
0.03893974, 0, 1
0.03894249, 0, 0
0.03894308, 1, 0
0.03894582, 0, 0
0.03894642, 0, 1
0.03894917, 0, 0
0.03894976, 1, 0
0.03895250, 0, 0
0.03895310, 0, 1
0.03895585, 0, 0
0.03895644, 1, 0
0.03895918, 0, 0
0.03895978, 0, 1
0.03896252, 0, 0
0.03896312, 1, 0
0.03896586, 0, 0
0.03896645, 0, 1
0.03896920, 0, 0
0.03896980, 1, 0
0.03897254, 0, 0
0.03897313, 0, 1
0.03897588, 0, 0
0.03897648, 1, 0
0.03897922, 0, 0
0.03897981, 0, 1
0.03898256, 0, 0
0.03898316, 1, 0
0.03898590, 0, 0
0.03898649, 0, 1
0.03898924, 0, 0
0.03898984, 1, 0
0.03899258, 0, 0
0.03899317, 0, 1
0.03899592, 0, 0
0.03899652, 1, 0
0.03899926, 0, 0
0.03899985, 0, 1
0.03900260, 0, 0
0.03900320, 1, 0
0.03900594, 0, 0
0.03900653, 0, 1
0.03900928, 0, 0
0.03900988, 1, 0
0.03901262, 0, 0
0.03901321, 0, 1
0.03901596, 0, 0
0.03901656, 1, 0
0.03901930, 0, 0
0.03901989, 0, 1
0.03902264, 0, 0
0.03902324, 1, 0
0.03902598, 0, 0
0.03902657, 0, 1
0.03902932, 0, 0
0.03902992, 1, 0
0.03903265, 0, 0
0.03903325, 0, 1
0.03903600, 0, 0
0.03903660, 1, 0
0.03903933, 0, 0
0.03903993, 0, 1
0.03904268, 0, 0
0.03904328, 1, 0
0.03904601, 0, 0
0.03904661, 0, 1
0.03904936, 0, 0
0.03904996, 1, 0
0.03905269, 0, 0
0.03905329, 0, 1
0.03905604, 0, 0
0.03905664, 1, 0
0.03905937, 0, 0
0.03905997, 0, 1
0.03906272, 0, 0
0.03906332, 1, 0
0.03906605, 0, 0
0.03906665, 0, 1
0.03906940, 0, 0
0.03907000, 1, 0
0.03907273, 0, 0
0.03907333, 0, 1
0.03907608, 0, 0
0.03907668, 1, 0
0.03907941, 0, 0
0.03908001, 0, 1
0.03908276, 0, 0
0.03908336, 1, 0
0.03908609, 0, 0
0.03908669, 0, 1
0.03908944, 0, 0
0.03909004, 1, 0
0.03909277, 0, 0
0.03909337, 0, 1
0.03909612, 0, 0
0.03909672, 1, 0
0.03909945, 0, 0
0.03910005, 0, 1
0.03910280, 0, 0
0.03910340, 1, 0
0.03910613, 0, 0
0.03910673, 0, 1
0.03910948, 0, 0
0.03911008, 1, 0
0.03911281, 0, 0
0.03911341, 0, 1
0.03911616, 0, 0
0.03911675, 1, 0
0.03911949, 0, 0
0.03912009, 0, 1
0.03912283, 0, 0
0.03912343, 1, 0
0.03912617, 0, 0
0.03912677, 0, 1
0.03912951, 0, 0
0.03913011, 1, 0
0.03913285, 0, 0
0.03913344, 0, 1
0.03913619, 0, 0
0.03913679, 1, 0
0.03913953, 0, 0
0.03914012, 0, 1
0.03914287, 0, 0
0.03914347, 1, 0
0.03914621, 0, 0
0.03914680, 0, 1
0.03914955, 0, 0
0.03915015, 1, 0
0.03915289, 0, 0
0.03915348, 0, 1
0.03915623, 0, 0
0.03915683, 1, 0
0.03915957, 0, 0
0.03916016, 0, 1
0.03916291, 0, 0
0.03916351, 1, 0
0.03916625, 0, 0
0.03916684, 0, 1
0.03916959, 0, 0
0.03917019, 1, 0
0.03917293, 0, 0
0.03917352, 0, 1
0.03917627, 0, 0
0.03917687, 1, 0
0.03917961, 0, 0
0.03918020, 0, 1
0.03918295, 0, 0
0.03918355, 1, 0
0.03918629, 0, 0
0.03918688, 0, 1
0.03918963, 0, 0
0.03919023, 1, 0
0.03919297, 0, 0
0.03919356, 0, 1
0.03919631, 0, 0
0.03919691, 1, 0
0.03919965, 0, 0
0.03920024, 0, 1
0.03920299, 0, 0
0.03920359, 1, 0
0.03920632, 0, 0
0.03920692, 0, 1
0.03920967, 0, 0
0.03921027, 1, 0
0.03921300, 0, 0
0.03921360, 0, 1
0.03921635, 0, 0
0.03921695, 1, 0
0.03921968, 0, 0
0.03922028, 0, 1
0.03922303, 0, 0
0.03922363, 1, 0
0.03922636, 0, 0
0.03922696, 0, 1
0.03922971, 0, 0
0.03923031, 1, 0
0.03923304, 0, 0
0.03923364, 0, 1
0.03923639, 0, 0
0.03923699, 1, 0
0.03923972, 0, 0
0.03924032, 0, 1
0.03924307, 0, 0
0.03924367, 1, 0
0.03924640, 0, 0
0.03924700, 0, 1
0.03924975, 0, 0
0.03925035, 1, 0
0.03925308, 0, 0
0.03925368, 0, 1
0.03925643, 0, 0
0.03925703, 1, 0
0.03925976, 0, 0
0.03926036, 0, 1
0.03926311, 0, 0
0.03926371, 1, 0
0.03926644, 0, 0
0.03926704, 0, 1
0.03926979, 0, 0
0.03927039, 1, 0
0.03927312, 0, 0
0.03927372, 0, 1
0.03927647, 0, 0
0.03927706, 1, 0
0.03927980, 0, 0
0.03928040, 0, 1
0.03928315, 0, 0
0.03928374, 1, 0
0.03928648, 0, 0
0.03928708, 0, 1
0.03928983, 0, 0
0.03929042, 1, 0
0.03929316, 0, 0
0.03929376, 0, 1
0.03929651, 0, 0
0.03929710, 1, 0
0.03929984, 0, 0
0.03930044, 0, 1
0.03930318, 0, 0
0.03930378, 1, 0
0.03930652, 0, 0
0.03930712, 0, 1
0.03930986, 0, 0
0.03931046, 1, 0
0.03931320, 0, 0
0.03931379, 0, 1
0.03931654, 0, 0
0.03931714, 1, 0
0.03931988, 0, 0
0.03932047, 0, 1
0.03932322, 0, 0
0.03932382, 1, 0
0.03932656, 0, 0
0.03932715, 0, 1
0.03932990, 0, 0
0.03933050, 1, 0
0.03933324, 0, 0
0.03933383, 0, 1
0.03933658, 0, 0
0.03933718, 1, 0
0.03933992, 0, 0
0.03934051, 0, 1
0.03934326, 0, 0
0.03934386, 1, 0
0.03934660, 0, 0
0.03934719, 0, 1
0.03934994, 0, 0
0.03935054, 1, 0
0.03935328, 0, 0
0.03935387, 0, 1
0.03935662, 0, 0
0.03935722, 1, 0
0.03935996, 0, 0
0.03936055, 0, 1
0.03936330, 0, 0
0.03936390, 1, 0
0.03936663, 0, 0
0.03936723, 0, 1
0.03936998, 0, 0
0.03937058, 1, 0
0.03937331, 0, 0
0.03937391, 0, 1
0.03937666, 0, 0
0.03937726, 1, 0
0.03937999, 0, 0
0.03938059, 0, 1
0.03938334, 0, 0
0.03938394, 1, 0
0.03938667, 0, 0
0.03938727, 0, 1
0.03939002, 0, 0
0.03939062, 1, 0
0.03939335, 0, 0
0.03939395, 0, 1
0.03939670, 0, 0
0.03939730, 1, 0
0.03940003, 0, 0
0.03940063, 0, 1
0.03940338, 0, 0
0.03940398, 1, 0
0.03940671, 0, 0
0.03940731, 0, 1
0.03941006, 0, 0
0.03941066, 1, 0
0.03941339, 0, 0
0.03941399, 0, 1
0.03941674, 0, 0
0.03941734, 1, 0
0.03942007, 0, 0
0.03942067, 0, 1
0.03942342, 0, 0
0.03942402, 1, 0
0.03942675, 0, 0
0.03942735, 0, 1
0.03943010, 0, 0
0.03943070, 1, 0
0.03943343, 0, 0
0.03943403, 0, 1
0.03943678, 0, 0
0.03943738, 1, 0
0.03944011, 0, 0
0.03944071, 0, 1
0.03944346, 0, 0
0.03944406, 1, 0
0.03944679, 0, 0
0.03944739, 0, 1
0.03945014, 0, 0
0.03945074, 1, 0
0.03945347, 0, 0
0.03945407, 0, 1
0.03945682, 0, 0
0.03945741, 1, 0
0.03946015, 0, 0
0.03946075, 0, 1
0.03946349, 0, 0
0.03946409, 1, 0
0.03946683, 0, 0
0.03946743, 0, 1
0.03947017, 0, 0
0.03947077, 1, 0
0.03947351, 0, 0
0.03947411, 0, 1
0.03947685, 0, 0
0.03947745, 1, 0
0.03948019, 0, 0
0.03948079, 0, 1
0.03948353, 0, 0
0.03948413, 1, 0
0.03948687, 0, 0
0.03948746, 0, 1
0.03949021, 0, 0
0.03949081, 1, 0
0.03949355, 0, 0
0.03949414, 0, 1
0.03949689, 0, 0
0.03949749, 1, 0
0.03950023, 0, 0
0.03950082, 0, 1
0.03950357, 0, 0
0.03950417, 1, 0
0.03950691, 0, 0
0.03950750, 0, 1
0.03951025, 0, 0
0.03951085, 1, 0
0.03951359, 0, 0
0.03951418, 0, 1
0.03951693, 0, 0
0.03951753, 1, 0
0.03952027, 0, 0
0.03952086, 0, 1
0.03952361, 0, 0
0.03952421, 1, 0
0.03952695, 0, 0
0.03952754, 0, 1
0.03953029, 0, 0
0.03953089, 1, 0
0.03953363, 0, 0
0.03953422, 0, 1
0.03953697, 0, 0
0.03953757, 1, 0
0.03954030, 0, 0
0.03954090, 0, 1
0.03954365, 0, 0
0.03954425, 1, 0
0.03954698, 0, 0
0.03954758, 0, 1
0.03955033, 0, 0
0.03955093, 1, 0
0.03955366, 0, 0
0.03955426, 0, 1
0.03955701, 0, 0
0.03955761, 1, 0
0.03956034, 0, 0
0.03956094, 0, 1
0.03956369, 0, 0
0.03956429, 1, 0
0.03956702, 0, 0
0.03956762, 0, 1
0.03957037, 0, 0
0.03957097, 1, 0
0.03957370, 0, 0
0.03957430, 0, 1
0.03957705, 0, 0
0.03957765, 1, 0
0.03958038, 0, 0
0.03958098, 0, 1
0.03958373, 0, 0
0.03958433, 1, 0
0.03958706, 0, 0
0.03958766, 0, 1
0.03959041, 0, 0
0.03959101, 1, 0
0.03959374, 0, 0
0.03959434, 0, 1
0.03959709, 0, 0
0.03959769, 1, 0
0.03960042, 0, 0
0.03960102, 0, 1
0.03960377, 0, 0
0.03960437, 1, 0
0.03960710, 0, 0
0.03960770, 0, 1
0.03961045, 0, 0
0.03961105, 1, 0
0.03961378, 0, 0
0.03961438, 0, 1
0.03961713, 0, 0
0.03961772, 1, 0
0.03962046, 0, 0
0.03962106, 0, 1
0.03962381, 0, 0
0.03962440, 1, 0
0.03962714, 0, 0
0.03962774, 0, 1
0.03963049, 0, 0
0.03963108, 1, 0
0.03963382, 0, 0
0.03963442, 0, 1
0.03963717, 0, 0
0.03963776, 1, 0
0.03964050, 0, 0
0.03964110, 0, 1
0.03964384, 0, 0
0.03964444, 1, 0
0.03964718, 0, 0
0.03964778, 0, 1
0.03965052, 0, 0
0.03965112, 1, 0
0.03965386, 0, 0
0.03965445, 0, 1
0.03965720, 0, 0
0.03965780, 1, 0
0.03966054, 0, 0
0.03966113, 0, 1
0.03966388, 0, 0
0.03966448, 1, 0
0.03966722, 0, 0
0.03966781, 0, 1
0.03967056, 0, 0
0.03967116, 1, 0
0.03967390, 0, 0
0.03967449, 0, 1
0.03967724, 0, 0
0.03967784, 1, 0
0.03968058, 0, 0
0.03968117, 0, 1
0.03968392, 0, 0
0.03968452, 1, 0
0.03968726, 0, 0
0.03968785, 0, 1
0.03969060, 0, 0
0.03969120, 1, 0
0.03969394, 0, 0
0.03969453, 0, 1
0.03969728, 0, 0
0.03969788, 1, 0
0.03970062, 0, 0
0.03970121, 0, 1
0.03970396, 0, 0
0.03970456, 1, 0
0.03970730, 0, 0
0.03970789, 0, 1
0.03971064, 0, 0
0.03971124, 1, 0
0.03971398, 0, 0
0.03971457, 0, 1
0.03971732, 0, 0
0.03971792, 1, 0
0.03972065, 0, 0
0.03972125, 0, 1
0.03972400, 0, 0
0.03972460, 1, 0
0.03972733, 0, 0
0.03972793, 0, 1
0.03973068, 0, 0
0.03973128, 1, 0
0.03973401, 0, 0
0.03973461, 0, 1
0.03973736, 0, 0
0.03973796, 1, 0
0.03974069, 0, 0
0.03974129, 0, 1
0.03974404, 0, 0
0.03974464, 1, 0
0.03974737, 0, 0
0.03974797, 0, 1
0.03975072, 0, 0
0.03975132, 1, 0
0.03975405, 0, 0
0.03975465, 0, 1
0.03975740, 0, 0
0.03975800, 1, 0
0.03976073, 0, 0
0.03976133, 0, 1
0.03976408, 0, 0
0.03976468, 1, 0
0.03976741, 0, 0
0.03976801, 0, 1
0.03977076, 0, 0
0.03977136, 1, 0
0.03977409, 0, 0
0.03977469, 0, 1
0.03977744, 0, 0
0.03977804, 1, 0
0.03978077, 0, 0
0.03978137, 0, 1
0.03978412, 0, 0
0.03978472, 1, 0
0.03978745, 0, 0
0.03978805, 0, 1
0.03979080, 0, 0
0.03979139, 1, 0
0.03979413, 0, 0
0.03979473, 0, 1
0.03979748, 0, 0
0.03979807, 1, 0
0.03980081, 0, 0
0.03980141, 0, 1
0.03980416, 0, 0
0.03980475, 1, 0
0.03980749, 0, 0
0.03980809, 0, 1
0.03981083, 0, 0
0.03981143, 1, 0
0.03981417, 0, 0
0.03981476, 0, 1
0.03981751, 0, 0
0.03981811, 1, 0
0.03982085, 0, 0
0.03982144, 0, 1
0.03982419, 0, 0
0.03982479, 1, 0
0.03982753, 0, 0
0.03982812, 0, 1
0.03983087, 0, 0
0.03983147, 1, 0
0.03983421, 0, 0
0.03983480, 0, 1
0.03983755, 0, 0
0.03983815, 1, 0
0.03984089, 0, 0
0.03984148, 0, 1
0.03984423, 0, 0
0.03984483, 1, 0
0.03984757, 0, 0
0.03984816, 0, 1
0.03985091, 0, 0
0.03985151, 1, 0
0.03985425, 0, 0
0.03985484, 0, 1
0.03985759, 0, 0
0.03985819, 1, 0
0.03986093, 0, 0
0.03986152, 0, 1
0.03986427, 0, 0
0.03986487, 1, 0
0.03986761, 0, 0
0.03986820, 0, 1
0.03987095, 0, 0
0.03987155, 1, 0
0.03987429, 0, 0
0.03987488, 0, 1
0.03987763, 0, 0
0.03987823, 1, 0
0.03988097, 0, 0
0.03988156, 0, 1
0.03988431, 0, 0
0.03988491, 1, 0
0.03988764, 0, 0
0.03988824, 0, 1
0.03989099, 0, 0
0.03989159, 1, 0
0.03989432, 0, 0
0.03989492, 0, 1
0.03989767, 0, 0
0.03989827, 1, 0
0.03990100, 0, 0
0.03990160, 0, 1
0.03990435, 0, 0
0.03990495, 1, 0
0.03990768, 0, 0
0.03990828, 0, 1
0.03991103, 0, 0
0.03991163, 1, 0
0.03991436, 0, 0
0.03991496, 0, 1
0.03991771, 0, 0
0.03991831, 1, 0
0.03992104, 0, 0
0.03992164, 0, 1
0.03992439, 0, 0
0.03992499, 1, 0
0.03992772, 0, 0
0.03992832, 0, 1
0.03993107, 0, 0
0.03993167, 1, 0
0.03993440, 0, 0
0.03993500, 0, 1
0.03993775, 0, 0
0.03993835, 1, 0
0.03994108, 0, 0
0.03994168, 0, 1
0.03994443, 0, 0
0.03994503, 1, 0
0.03994776, 0, 0
0.03994836, 0, 1
0.03995111, 0, 0
0.03995171, 1, 0
0.03995444, 0, 0
0.03995504, 0, 1
0.03995779, 0, 0
0.03995839, 1, 0
0.03996112, 0, 0
0.03996172, 0, 1
0.03996447, 0, 0
0.03996507, 1, 0
0.03996780, 0, 0
0.03996840, 0, 1
0.03997115, 0, 0
0.03997174, 1, 0
0.03997448, 0, 0
0.03997508, 0, 1
0.03997782, 0, 0
0.03997842, 1, 0
0.03998116, 0, 0
0.03998176, 0, 1
0.03998450, 0, 0
0.03998510, 1, 0
0.03998784, 0, 0
0.03998844, 0, 1
0.03999118, 0, 0
0.03999178, 1, 0
0.03999452, 0, 0
0.03999512, 0, 1
0.03999786, 0, 0
0.03999846, 1, 0
0.04000120, 0, 0
0.04000179, 0, 1
0.04000454, 0, 0
0.04000514, 1, 0
0.04000788, 0, 0
0.04000847, 0, 1
0.04001122, 0, 0
0.04001182, 1, 0
0.04001456, 0, 0
0.04001515, 0, 1
0.04001790, 0, 0
0.04001850, 1, 0
0.04002124, 0, 0
0.04002183, 0, 1
0.04002458, 0, 0
0.04002518, 1, 0
0.04002792, 0, 0
0.04002851, 0, 1
0.04003126, 0, 0
0.04003186, 1, 0
0.04003460, 0, 0
0.04003519, 0, 1
0.04003794, 0, 0
0.04003854, 1, 0
0.04004128, 0, 0
0.04004187, 0, 1
0.04004462, 0, 0
0.04004522, 1, 0
0.04004796, 0, 0
0.04004855, 0, 1
0.04005130, 0, 0
0.04005190, 1, 0
0.04005463, 0, 0
0.04005523, 0, 1
0.04005798, 0, 0
0.04005858, 1, 0
0.04006131, 0, 0
0.04006191, 0, 1
0.04006466, 0, 0
0.04006526, 1, 0
0.04006799, 0, 0
0.04006859, 0, 1
0.04007134, 0, 0
0.04007194, 1, 0
0.04007467, 0, 0
0.04007527, 0, 1
0.04007802, 0, 0
0.04007862, 1, 0
0.04008135, 0, 0
0.04008195, 0, 1
0.04008470, 0, 0
0.04008530, 1, 0
0.04008803, 0, 0
0.04008863, 0, 1
0.04009138, 0, 0
0.04009198, 1, 0
0.04009471, 0, 0
0.04009531, 0, 1
0.04009806, 0, 0
0.04009866, 1, 0
0.04010139, 0, 0
0.04010199, 0, 1
0.04010474, 0, 0
0.04010534, 1, 0
0.04010807, 0, 0
0.04010867, 0, 1
0.04011142, 0, 0
0.04011202, 1, 0
0.04011475, 0, 0
0.04011535, 0, 1
0.04011810, 0, 0
0.04011870, 1, 0
0.04012143, 0, 0
0.04012203, 0, 1
0.04012478, 0, 0
0.04012538, 1, 0
0.04012811, 0, 0
0.04012871, 0, 1
0.04013146, 0, 0
0.04013205, 1, 0
0.04013479, 0, 0
0.04013539, 0, 1
0.04013814, 0, 0
0.04013873, 1, 0
0.04014147, 0, 0
0.04014207, 0, 1
0.04014481, 0, 0
0.04014541, 1, 0
0.04014815, 0, 0
0.04014875, 0, 1
0.04015149, 0, 0
0.04015209, 1, 0
0.04015483, 0, 0
0.04015542, 0, 1
0.04015817, 0, 0
0.04015877, 1, 0
0.04016151, 0, 0
0.04016210, 0, 1
0.04016485, 0, 0
0.04016545, 1, 0
0.04016819, 0, 0
0.04016878, 0, 1
0.04017153, 0, 0
0.04017213, 1, 0
0.04017487, 0, 0
0.04017546, 0, 1
0.04017821, 0, 0
0.04017881, 1, 0
0.04018155, 0, 0
0.04018214, 0, 1
0.04018489, 0, 0
0.04018549, 1, 0
0.04018823, 0, 0
0.04018882, 0, 1
0.04019157, 0, 0
0.04019217, 1, 0
0.04019491, 0, 0
0.04019550, 0, 1
0.04019825, 0, 0
0.04019885, 1, 0
0.04020159, 0, 0
0.04020218, 0, 1
0.04020493, 0, 0
0.04020553, 1, 0
0.04020827, 0, 0
0.04020886, 0, 1
0.04021161, 0, 0
0.04021221, 1, 0
0.04021495, 0, 0
0.04021554, 0, 1
0.04021829, 0, 0
0.04021889, 1, 0
0.04022162, 0, 0
0.04022222, 0, 1
0.04022497, 0, 0
0.04022557, 1, 0
0.04022830, 0, 0
0.04022890, 0, 1
0.04023165, 0, 0
0.04023225, 1, 0
0.04023498, 0, 0
0.04023558, 0, 1
0.04023833, 0, 0
0.04023893, 1, 0
0.04024166, 0, 0
0.04024226, 0, 1
0.04024501, 0, 0
0.04024561, 1, 0
0.04024834, 0, 0
0.04024894, 0, 1
0.04025169, 0, 0
0.04025229, 1, 0
0.04025502, 0, 0
0.04025562, 0, 1
0.04025837, 0, 0
0.04025897, 1, 0
0.04026170, 0, 0
0.04026230, 0, 1
0.04026505, 0, 0
0.04026565, 1, 0
0.04026838, 0, 0
0.04026898, 0, 1
0.04027173, 0, 0
0.04027233, 1, 0
0.04027506, 0, 0
0.04027566, 0, 1
0.04027841, 0, 0
0.04027901, 1, 0
0.04028174, 0, 0
0.04028234, 0, 1
0.04028509, 0, 0
0.04028569, 1, 0
0.04028842, 0, 0
0.04028902, 0, 1
0.04029177, 0, 0
0.04029237, 1, 0
0.04029510, 0, 0
0.04029570, 0, 1
0.04029845, 0, 0
0.04029905, 1, 0
0.04030178, 0, 0
0.04030238, 0, 1
0.04030513, 0, 0
0.04030573, 1, 0
0.04030846, 0, 0
0.04030906, 0, 1
0.04031181, 0, 0
0.04031240, 1, 0
0.04031514, 0, 0
0.04031574, 0, 1
0.04031849, 0, 0
0.04031908, 1, 0
0.04032182, 0, 0
0.04032242, 0, 1
0.04032517, 0, 0
0.04032576, 1, 0
0.04032850, 0, 0
0.04032910, 0, 1
0.04033184, 0, 0
0.04033244, 1, 0
0.04033518, 0, 0
0.04033577, 0, 1
0.04033852, 0, 0
0.04033912, 1, 0
0.04034186, 0, 0
0.04034245, 0, 1
0.04034520, 0, 0
0.04034580, 1, 0
0.04034854, 0, 0
0.04034913, 0, 1
0.04035188, 0, 0
0.04035248, 1, 0
0.04035522, 0, 0
0.04035581, 0, 1
0.04035856, 0, 0
0.04035916, 1, 0
0.04036190, 0, 0
0.04036249, 0, 1
0.04036524, 0, 0
0.04036584, 1, 0
0.04036858, 0, 0
0.04036917, 0, 1
0.04037192, 0, 0
0.04037252, 1, 0
0.04037526, 0, 0
0.04037585, 0, 1
0.04037860, 0, 0
0.04037920, 1, 0
0.04038193, 0, 0
0.04038253, 0, 1
0.04038528, 0, 0
0.04038588, 1, 0
0.04038862, 0, 0
0.04038921, 0, 1
0.04039196, 0, 0
0.04039256, 1, 0
0.04039530, 0, 0
0.04039589, 0, 1
0.04039864, 0, 0
0.04039924, 1, 0
0.04040197, 0, 0
0.04040257, 0, 1
0.04040532, 0, 0
0.04040592, 1, 0
0.04040865, 0, 0
0.04040925, 0, 1
0.04041200, 0, 0
0.04041260, 1, 0
0.04041533, 0, 0
0.04041593, 0, 1
0.04041868, 0, 0
0.04041928, 1, 0
0.04042201, 0, 0
0.04042261, 0, 1
0.04042536, 0, 0
0.04042596, 1, 0
0.04042869, 0, 0
0.04042929, 0, 1
0.04043204, 0, 0
0.04043264, 1, 0
0.04043537, 0, 0
0.04043597, 0, 1
0.04043872, 0, 0
0.04043932, 1, 0
0.04044205, 0, 0
0.04044265, 0, 1
0.04044540, 0, 0
0.04044600, 1, 0
0.04044873, 0, 0
0.04044933, 0, 1
0.04045208, 0, 0
0.04045268, 1, 0
0.04045541, 0, 0
0.04045601, 0, 1
0.04045876, 0, 0
0.04045936, 1, 0
0.04046209, 0, 0
0.04046269, 0, 1
0.04046544, 0, 0
0.04046604, 1, 0
0.04046877, 0, 0
0.04046937, 0, 1
0.04047212, 0, 0
0.04047272, 1, 0
0.04047545, 0, 0
0.04047605, 0, 1
0.04047880, 0, 0
0.04047939, 1, 0
0.04048213, 0, 0
0.04048273, 0, 1
0.04048548, 0, 0
0.04048607, 1, 0
0.04048881, 0, 0
0.04048941, 0, 1
0.04049215, 0, 0
0.04049275, 1, 0
0.04049549, 0, 0
0.04049608, 0, 1
0.04049883, 0, 0
0.04049943, 1, 0
0.04050217, 0, 0
0.04050276, 0, 1
0.04050551, 0, 0
0.04050611, 1, 0
0.04050885, 0, 0
0.04050944, 0, 1
0.04051219, 0, 0
0.04051279, 1, 0
0.04051553, 0, 0
0.04051612, 0, 1
0.04051887, 0, 0
0.04051947, 1, 0
0.04052221, 0, 0
0.04052280, 0, 1
0.04052555, 0, 0
0.04052615, 1, 0
0.04052889, 0, 0
0.04052948, 0, 1
0.04053223, 0, 0
0.04053283, 1, 0
0.04053557, 0, 0
0.04053616, 0, 1
0.04053891, 0, 0
0.04053951, 1, 0
0.04054225, 0, 0
0.04054284, 0, 1
0.04054559, 0, 0
0.04054619, 1, 0
0.04054893, 0, 0
0.04054952, 0, 1
0.04055227, 0, 0
0.04055287, 1, 0
0.04055561, 0, 0
0.04055620, 0, 1
0.04055895, 0, 0
0.04055955, 1, 0
0.04056229, 0, 0
0.04056288, 0, 1
0.04056563, 0, 0
0.04056623, 1, 0
0.04056897, 0, 0
0.04056956, 0, 1
0.04057231, 0, 0
0.04057291, 1, 0
0.04057564, 0, 0
0.04057624, 0, 1
0.04057899, 0, 0
0.04057959, 1, 0
0.04058232, 0, 0
0.04058292, 0, 1
0.04058567, 0, 0
0.04058627, 1, 0
0.04058900, 0, 0
0.04058960, 0, 1
0.04059235, 0, 0
0.04059295, 1, 0
0.04059568, 0, 0
0.04059628, 0, 1
0.04059903, 0, 0
0.04059963, 1, 0
0.04060236, 0, 0
0.04060296, 0, 1
0.04060571, 0, 0
0.04060631, 1, 0
0.04060904, 0, 0
0.04060964, 0, 1
0.04061239, 0, 0
0.04061299, 1, 0
0.04061572, 0, 0
0.04061632, 0, 1
0.04061907, 0, 0
0.04061967, 1, 0
0.04062240, 0, 0
0.04062300, 0, 1
0.04062575, 0, 0
0.04062635, 1, 0
0.04062908, 0, 0
0.04062968, 0, 1
0.04063243, 0, 0
0.04063303, 1, 0
0.04063576, 0, 0
0.04063636, 0, 1
0.04063911, 0, 0
0.04063970, 1, 0
0.04064244, 0, 0
0.04064304, 0, 1
0.04064579, 0, 0
0.04064639, 1, 0
0.04064912, 0, 0
0.04064972, 0, 1
0.04065247, 0, 0
0.04065306, 1, 0
0.04065580, 0, 0
0.04065640, 0, 1
0.04065915, 0, 0
0.04065974, 1, 0
0.04066248, 0, 0
0.04066308, 0, 1
0.04066582, 0, 0
0.04066642, 1, 0
0.04066916, 0, 0
0.04066976, 0, 1
0.04067250, 0, 0
0.04067310, 1, 0
0.04067584, 0, 0
0.04067643, 0, 1
0.04067918, 0, 0
0.04067978, 1, 0
0.04068252, 0, 0
0.04068311, 0, 1
0.04068586, 0, 0
0.04068646, 1, 0
0.04068920, 0, 0
0.04068979, 0, 1
0.04069254, 0, 0
0.04069314, 1, 0
0.04069588, 0, 0
0.04069647, 0, 1
0.04069922, 0, 0
0.04069982, 1, 0
0.04070256, 0, 0
0.04070315, 0, 1
0.04070590, 0, 0
0.04070650, 1, 0
0.04070924, 0, 0
0.04070983, 0, 1
0.04071258, 0, 0
0.04071318, 1, 0
0.04071592, 0, 0
0.04071651, 0, 1
0.04071926, 0, 0
0.04071986, 1, 0
0.04072260, 0, 0
0.04072319, 0, 1
0.04072594, 0, 0
0.04072654, 1, 0
0.04072928, 0, 0
0.04072987, 0, 1
0.04073262, 0, 0
0.04073322, 1, 0
0.04073595, 0, 0
0.04073655, 0, 1
0.04073930, 0, 0
0.04073990, 1, 0
0.04074263, 0, 0
0.04074323, 0, 1
0.04074598, 0, 0
0.04074658, 1, 0
0.04074931, 0, 0
0.04074991, 0, 1
0.04075266, 0, 0
0.04075326, 1, 0
0.04075599, 0, 0
0.04075659, 0, 1
0.04075934, 0, 0
0.04075994, 1, 0
0.04076267, 0, 0
0.04076327, 0, 1
0.04076602, 0, 0
0.04076662, 1, 0
0.04076935, 0, 0
0.04076995, 0, 1
0.04077270, 0, 0
0.04077330, 1, 0
0.04077603, 0, 0
0.04077663, 0, 1
0.04077938, 0, 0
0.04077998, 1, 0
0.04078271, 0, 0
0.04078331, 0, 1
0.04078606, 0, 0
0.04078666, 1, 0
0.04078939, 0, 0
0.04078999, 0, 1
0.04079274, 0, 0
0.04079334, 1, 0
0.04079607, 0, 0
0.04079667, 0, 1
0.04079942, 0, 0
0.04080002, 1, 0
0.04080275, 0, 0
0.04080335, 0, 1
0.04080610, 0, 0
0.04080670, 1, 0
0.04080943, 0, 0
0.04081003, 0, 1
0.04081278, 0, 0
0.04081337, 1, 0
0.04081611, 0, 0
0.04081671, 0, 1
0.04081946, 0, 0
0.04082005, 1, 0
0.04082279, 0, 0
0.04082339, 0, 1
0.04082614, 0, 0
0.04082673, 1, 0
0.04082947, 0, 0
0.04083007, 0, 1
0.04083282, 0, 0
0.04083341, 1, 0
0.04083615, 0, 0
0.04083675, 0, 1
0.04083949, 0, 0
0.04084009, 1, 0
0.04084283, 0, 0
0.04084343, 0, 1
0.04084617, 0, 0
0.04084677, 1, 0
0.04084951, 0, 0
0.04085010, 0, 1
0.04085285, 0, 0
0.04085345, 1, 0
0.04085619, 0, 0
0.04085678, 0, 1
0.04085953, 0, 0
0.04086013, 1, 0
0.04086287, 0, 0
0.04086346, 0, 1
0.04086621, 0, 0
0.04086681, 1, 0
0.04086955, 0, 0
0.04087014, 0, 1
0.04087289, 0, 0
0.04087349, 1, 0
0.04087623, 0, 0
0.04087682, 0, 1
0.04087957, 0, 0
0.04088017, 1, 0
0.04088291, 0, 0
0.04088350, 0, 1
0.04088625, 0, 0
0.04088685, 1, 0
0.04088959, 0, 0
0.04089018, 0, 1
0.04089293, 0, 0
0.04089353, 1, 0
0.04089627, 0, 0
0.04089686, 0, 1
0.04089961, 0, 0
0.04090021, 1, 0
0.04090295, 0, 0
0.04090354, 0, 1
0.04090629, 0, 0
0.04090689, 1, 0
0.04090962, 0, 0
0.04091022, 0, 1
0.04091297, 0, 0
0.04091357, 1, 0
0.04091630, 0, 0
0.04091690, 0, 1
0.04091965, 0, 0
0.04092025, 1, 0
0.04092298, 0, 0
0.04092358, 0, 1
0.04092633, 0, 0
0.04092693, 1, 0
0.04092966, 0, 0
0.04093026, 0, 1
0.04093301, 0, 0
0.04093361, 1, 0
0.04093634, 0, 0
0.04093694, 0, 1
0.04093969, 0, 0
0.04094029, 1, 0
0.04094302, 0, 0
0.04094362, 0, 1
0.04094637, 0, 0
0.04094697, 1, 0
0.04094970, 0, 0
0.04095030, 0, 1
0.04095305, 0, 0
0.04095365, 1, 0
0.04095638, 0, 0
0.04095698, 0, 1
0.04095973, 0, 0
0.04096033, 1, 0
0.04096306, 0, 0
0.04096366, 0, 1
0.04096641, 0, 0
0.04096701, 1, 0
0.04096974, 0, 0
0.04097034, 0, 1
0.04097309, 0, 0
0.04097369, 1, 0
0.04097642, 0, 0
0.04097702, 0, 1
0.04097977, 0, 0
0.04098037, 1, 0
0.04098310, 0, 0
0.04098370, 0, 1
0.04098645, 0, 0
0.04098705, 1, 0
0.04098978, 0, 0
0.04099038, 0, 1
0.04099313, 0, 0
0.04099372, 1, 0
0.04099646, 0, 0
0.04099706, 0, 1
0.04099981, 0, 0
0.04100040, 1, 0
0.04100314, 0, 0
0.04100374, 0, 1
0.04100648, 0, 0
0.04100708, 1, 0
0.04100982, 0, 0
0.04101042, 0, 1
0.04101316, 0, 0
0.04101376, 1, 0
0.04101650, 0, 0
0.04101710, 0, 1
0.04101984, 0, 0
0.04102044, 1, 0
0.04102318, 0, 0
0.04102377, 0, 1
0.04102652, 0, 0
0.04102712, 1, 0
0.04102986, 0, 0
0.04103045, 0, 1
0.04103320, 0, 0
0.04103380, 1, 0
0.04103654, 0, 0
0.04103713, 0, 1
0.04103988, 0, 0
0.04104048, 1, 0
0.04104322, 0, 0
0.04104381, 0, 1
0.04104656, 0, 0
0.04104716, 1, 0
0.04104990, 0, 0
0.04105049, 0, 1
0.04105324, 0, 0
0.04105384, 1, 0
0.04105658, 0, 0
0.04105717, 0, 1
0.04105992, 0, 0
0.04106052, 1, 0
0.04106326, 0, 0
0.04106385, 0, 1
0.04106660, 0, 0
0.04106720, 1, 0
0.04106994, 0, 0
0.04107053, 0, 1
0.04107328, 0, 0
0.04107388, 1, 0
0.04107662, 0, 0
0.04107721, 0, 1
0.04107996, 0, 0
0.04108056, 1, 0
0.04108329, 0, 0
0.04108389, 0, 1
0.04108664, 0, 0
0.04108724, 1, 0
0.04108997, 0, 0
0.04109057, 0, 1
0.04109332, 0, 0
0.04109392, 1, 0
0.04109665, 0, 0
0.04109725, 0, 1
0.04110000, 0, 0
0.04110060, 1, 0
0.04110333, 0, 0
0.04110393, 0, 1
0.04110668, 0, 0
0.04110728, 1, 0
0.04111001, 0, 0
0.04111061, 0, 1
0.04111336, 0, 0
0.04111396, 1, 0
0.04111669, 0, 0
0.04111729, 0, 1
0.04112004, 0, 0
0.04112064, 1, 0
0.04112337, 0, 0
0.04112397, 0, 1
0.04112672, 0, 0
0.04112732, 1, 0
0.04113005, 0, 0
0.04113065, 0, 1
0.04113340, 0, 0
0.04113400, 1, 0
0.04113673, 0, 0
0.04113733, 0, 1
0.04114008, 0, 0
0.04114068, 1, 0
0.04114341, 0, 0
0.04114401, 0, 1
0.04114676, 0, 0
0.04114736, 1, 0
0.04115009, 0, 0
0.04115069, 0, 1
0.04115344, 0, 0
0.04115404, 1, 0
0.04115677, 0, 0
0.04115737, 0, 1
0.04116012, 0, 0
0.04116071, 1, 0
0.04116345, 0, 0
0.04116405, 0, 1
0.04116680, 0, 0
0.04116739, 1, 0
0.04117013, 0, 0
0.04117073, 0, 1
0.04117348, 0, 0
0.04117407, 1, 0
0.04117681, 0, 0
0.04117741, 0, 1
0.04118015, 0, 0
0.04118075, 1, 0
0.04118349, 0, 0
0.04118408, 0, 1
0.04118683, 0, 0
0.04118743, 1, 0
0.04119017, 0, 0
0.04119076, 0, 1
0.04119351, 0, 0
0.04119411, 1, 0
0.04119685, 0, 0
0.04119744, 0, 1
0.04120019, 0, 0
0.04120079, 1, 0
0.04120353, 0, 0
0.04120412, 0, 1
0.04120687, 0, 0
0.04120747, 1, 0
0.04121021, 0, 0
0.04121080, 0, 1
0.04121355, 0, 0
0.04121415, 1, 0
0.04121689, 0, 0
0.04121748, 0, 1
0.04122023, 0, 0
0.04122083, 1, 0
0.04122357, 0, 0
0.04122416, 0, 1
0.04122691, 0, 0
0.04122751, 1, 0
0.04123025, 0, 0
0.04123084, 0, 1
0.04123359, 0, 0
0.04123419, 1, 0
0.04123693, 0, 0
0.04123752, 0, 1
0.04124027, 0, 0
0.04124087, 1, 0
0.04124361, 0, 0
0.04124420, 0, 1
0.04124695, 0, 0
0.04124755, 1, 0
0.04125029, 0, 0
0.04125088, 0, 1
0.04125363, 0, 0
0.04125423, 1, 0
0.04125696, 0, 0
0.04125756, 0, 1
0.04126031, 0, 0
0.04126091, 1, 0
0.04126364, 0, 0
0.04126424, 0, 1
0.04126699, 0, 0
0.04126759, 1, 0
0.04127032, 0, 0
0.04127092, 0, 1
0.04127367, 0, 0
0.04127427, 1, 0
0.04127700, 0, 0
0.04127760, 0, 1
0.04128035, 0, 0
0.04128095, 1, 0
0.04128368, 0, 0
0.04128428, 0, 1
0.04128703, 0, 0
0.04128763, 1, 0
0.04129036, 0, 0
0.04129096, 0, 1
0.04129371, 0, 0
0.04129431, 1, 0
0.04129704, 0, 0
0.04129764, 0, 1
0.04130039, 0, 0
0.04130099, 1, 0
0.04130372, 0, 0
0.04130432, 0, 1
0.04130707, 0, 0
0.04130767, 1, 0
0.04131040, 0, 0
0.04131100, 0, 1
0.04131375, 0, 0
0.04131435, 1, 0
0.04131708, 0, 0
0.04131768, 0, 1
0.04132043, 0, 0
0.04132103, 1, 0
0.04132376, 0, 0
0.04132436, 0, 1
0.04132711, 0, 0
0.04132770, 1, 0
0.04133044, 0, 0
0.04133104, 0, 1
0.04133379, 0, 0
0.04133439, 1, 0
0.04133712, 0, 0
0.04133772, 0, 1
0.04134047, 0, 0
0.04134106, 1, 0
0.04134380, 0, 0
0.04134440, 0, 1
0.04134715, 0, 0
0.04134774, 1, 0
0.04135048, 0, 0
0.04135108, 0, 1
0.04135382, 0, 0
0.04135442, 1, 0
0.04135716, 0, 0
0.04135775, 0, 1
0.04136050, 0, 0
0.04136110, 1, 0
0.04136384, 0, 0
0.04136443, 0, 1
0.04136718, 0, 0
0.04136778, 1, 0
0.04137052, 0, 0
0.04137111, 0, 1
0.04137386, 0, 0
0.04137446, 1, 0
0.04137720, 0, 0
0.04137779, 0, 1
0.04138054, 0, 0
0.04138114, 1, 0
0.04138388, 0, 0
0.04138447, 0, 1
0.04138722, 0, 0
0.04138782, 1, 0
0.04139056, 0, 0
0.04139115, 0, 1
0.04139390, 0, 0
0.04139450, 1, 0
0.04139724, 0, 0
0.04139783, 0, 1
0.04140058, 0, 0
0.04140118, 1, 0
0.04140392, 0, 0
0.04140451, 0, 1
0.04140726, 0, 0
0.04140786, 1, 0
0.04141060, 0, 0
0.04141119, 0, 1
0.04141394, 0, 0
0.04141454, 1, 0
0.04141727, 0, 0
0.04141787, 0, 1
0.04142062, 0, 0
0.04142122, 1, 0
0.04142395, 0, 0
0.04142455, 0, 1
0.04142730, 0, 0
0.04142790, 1, 0
0.04143063, 0, 0
0.04143123, 0, 1
0.04143398, 0, 0
0.04143458, 1, 0
0.04143731, 0, 0
0.04143791, 0, 1
0.04144066, 0, 0
0.04144126, 1, 0
0.04144399, 0, 0
0.04144459, 0, 1
0.04144734, 0, 0
0.04144794, 1, 0
0.04145067, 0, 0
0.04145127, 0, 1
0.04145402, 0, 0
0.04145462, 1, 0
0.04145735, 0, 0
0.04145795, 0, 1
0.04146070, 0, 0
0.04146130, 1, 0
0.04146403, 0, 0
0.04146463, 0, 1
0.04146738, 0, 0
0.04146798, 1, 0
0.04147071, 0, 0
0.04147131, 0, 1
0.04147406, 0, 0
0.04147466, 1, 0
0.04147739, 0, 0
0.04147799, 0, 1
0.04148074, 0, 0
0.04148134, 1, 0
0.04148407, 0, 0
0.04148467, 0, 1
0.04148742, 0, 0
0.04148802, 1, 0
0.04149075, 0, 0
0.04149135, 0, 1
0.04149410, 0, 0
0.04149470, 1, 0
0.04149743, 0, 0
0.04149803, 0, 1
0.04150078, 0, 0
0.04150137, 1, 0
0.04150411, 0, 0
0.04150471, 0, 1
0.04150746, 0, 0
0.04150805, 1, 0
0.04151079, 0, 0
0.04151139, 0, 1
0.04151413, 0, 0
0.04151473, 1, 0
0.04151747, 0, 0
0.04151807, 0, 1
0.04152081, 0, 0
0.04152141, 1, 0
0.04152415, 0, 0
0.04152475, 0, 1
0.04152749, 0, 0
0.04152809, 1, 0
0.04153083, 0, 0
0.04153142, 0, 1
0.04153417, 0, 0
0.04153477, 1, 0
0.04153751, 0, 0
0.04153810, 0, 1
0.04154085, 0, 0
0.04154145, 1, 0
0.04154419, 0, 0
0.04154478, 0, 1
0.04154753, 0, 0
0.04154813, 1, 0
0.04155087, 0, 0
0.04155146, 0, 1
0.04155421, 0, 0
0.04155481, 1, 0
0.04155755, 0, 0
0.04155814, 0, 1
0.04156089, 0, 0
0.04156149, 1, 0
0.04156423, 0, 0
0.04156482, 0, 1
0.04156757, 0, 0
0.04156817, 1, 0
0.04157091, 0, 0
0.04157150, 0, 1
0.04157425, 0, 0
0.04157485, 1, 0
0.04157759, 0, 0
0.04157818, 0, 1
0.04158093, 0, 0
0.04158153, 1, 0
0.04158427, 0, 0
0.04158486, 0, 1
0.04158761, 0, 0
0.04158821, 1, 0
0.04159095, 0, 0
0.04159154, 0, 1
0.04159429, 0, 0
0.04159489, 1, 0
0.04159762, 0, 0
0.04159822, 0, 1
0.04160097, 0, 0
0.04160157, 1, 0
0.04160430, 0, 0
0.04160490, 0, 1
0.04160765, 0, 0
0.04160825, 1, 0
0.04161098, 0, 0
0.04161158, 0, 1
0.04161433, 0, 0
0.04161493, 1, 0
0.04161766, 0, 0
0.04161826, 0, 1
0.04162101, 0, 0
0.04162161, 1, 0
0.04162434, 0, 0
0.04162494, 0, 1
0.04162769, 0, 0
0.04162829, 1, 0
0.04163102, 0, 0
0.04163162, 0, 1
0.04163437, 0, 0
0.04163497, 1, 0
0.04163770, 0, 0
0.04163830, 0, 1
0.04164105, 0, 0
0.04164165, 1, 0
0.04164438, 0, 0
0.04164498, 0, 1
0.04164773, 0, 0
0.04164833, 1, 0
0.04165106, 0, 0
0.04165166, 0, 1
0.04165441, 0, 0
0.04165501, 1, 0
0.04165774, 0, 0
0.04165834, 0, 1
0.04166109, 0, 0
0.04166169, 1, 0
0.04166442, 0, 0
0.04166502, 0, 1
0.04166777, 0, 0
0.04166836, 1, 0
0.04167110, 0, 0
0.04167170, 0, 1
0.04167445, 0, 0
0.04167504, 1, 0
0.04167778, 0, 0
0.04167838, 0, 1
0.04168113, 0, 0
0.04168172, 1, 0
0.04168446, 0, 0
0.04168506, 0, 1
0.04168780, 0, 0
0.04168840, 1, 0
0.04169114, 0, 0
0.04169174, 0, 1
0.04169448, 0, 0
0.04169508, 1, 0
0.04169782, 0, 0
0.04169841, 0, 1
0.04170116, 0, 0
0.04170176, 1, 0
0.04170450, 0, 0
0.04170509, 0, 1
0.04170784, 0, 0
0.04170844, 1, 0
0.04171118, 0, 0
0.04171177, 0, 1
0.04171452, 0, 0
0.04171512, 1, 0
0.04171786, 0, 0
0.04171845, 0, 1
0.04172120, 0, 0
0.04172180, 1, 0
0.04172454, 0, 0
0.04172513, 0, 1
0.04172788, 0, 0
0.04172848, 1, 0
0.04173122, 0, 0
0.04173181, 0, 1
0.04173456, 0, 0
0.04173516, 1, 0
0.04173790, 0, 0
0.04173849, 0, 1
0.04174124, 0, 0
0.04174184, 1, 0
0.04174458, 0, 0
0.04174517, 0, 1
0.04174792, 0, 0
0.04174852, 1, 0
0.04175126, 0, 0
0.04175185, 0, 1
0.04175460, 0, 0
0.04175520, 1, 0
0.04175794, 0, 0
0.04175853, 0, 1
0.04176128, 0, 0
0.04176188, 1, 0
0.04176462, 0, 0
0.04176521, 0, 1
0.04176796, 0, 0
0.04176856, 1, 0
0.04177129, 0, 0
0.04177189, 0, 1
0.04177464, 0, 0
0.04177524, 1, 0
0.04177797, 0, 0
0.04177857, 0, 1
0.04178132, 0, 0
0.04178192, 1, 0
0.04178465, 0, 0
0.04178525, 0, 1
0.04178800, 0, 0
0.04178860, 1, 0
0.04179133, 0, 0
0.04179193, 0, 1
0.04179468, 0, 0
0.04179528, 1, 0
0.04179801, 0, 0
0.04179861, 0, 1
0.04180136, 0, 0
0.04180196, 1, 0
0.04180469, 0, 0
0.04180529, 0, 1
0.04180804, 0, 0
0.04180864, 1, 0
0.04181137, 0, 0
0.04181197, 0, 1
0.04181472, 0, 0
0.04181532, 1, 0
0.04181805, 0, 0
0.04181865, 0, 1
0.04182140, 0, 0
0.04182200, 1, 0
0.04182473, 0, 0
0.04182533, 0, 1
0.04182808, 0, 0
0.04182868, 1, 0
0.04183141, 0, 0
0.04183201, 0, 1
0.04183476, 0, 0
0.04183536, 1, 0
0.04183809, 0, 0
0.04183869, 0, 1
0.04184144, 0, 0
0.04184203, 1, 0
0.04184477, 0, 0
0.04184537, 0, 1
0.04184812, 0, 0
0.04184871, 1, 0
0.04185145, 0, 0
0.04185205, 0, 1
0.04185480, 0, 0
0.04185539, 1, 0
0.04185813, 0, 0
0.04185873, 0, 1
0.04186148, 0, 0
0.04186207, 1, 0
0.04186481, 0, 0
0.04186541, 0, 1
0.04186815, 0, 0
0.04186875, 1, 0
0.04187149, 0, 0
0.04187208, 0, 1
0.04187483, 0, 0
0.04187543, 1, 0
0.04187817, 0, 0
0.04187876, 0, 1
0.04188151, 0, 0
0.04188211, 1, 0
0.04188485, 0, 0
0.04188544, 0, 1
0.04188819, 0, 0
0.04188879, 1, 0
0.04189153, 0, 0
0.04189212, 0, 1
0.04189487, 0, 0
0.04189547, 1, 0
0.04189821, 0, 0
0.04189880, 0, 1
0.04190155, 0, 0
0.04190215, 1, 0
0.04190489, 0, 0
0.04190548, 0, 1
0.04190823, 0, 0
0.04190883, 1, 0
0.04191157, 0, 0
0.04191216, 0, 1
0.04191491, 0, 0
0.04191551, 1, 0
0.04191825, 0, 0
0.04191884, 0, 1
0.04192159, 0, 0
0.04192219, 1, 0
0.04192493, 0, 0
0.04192552, 0, 1
0.04192827, 0, 0
0.04192887, 1, 0
0.04193160, 0, 0
0.04193220, 0, 1
0.04193495, 0, 0
0.04193555, 1, 0
0.04193828, 0, 0
0.04193888, 0, 1
0.04194163, 0, 0
0.04194223, 1, 0
0.04194496, 0, 0
0.04194556, 0, 1
0.04194831, 0, 0
0.04194891, 1, 0
0.04195164, 0, 0
0.04195224, 0, 1
0.04195499, 0, 0
0.04195559, 1, 0
0.04195832, 0, 0
0.04195892, 0, 1
0.04196167, 0, 0
0.04196227, 1, 0
0.04196500, 0, 0
0.04196560, 0, 1
0.04196835, 0, 0
0.04196895, 1, 0
0.04197168, 0, 0
0.04197228, 0, 1
0.04197503, 0, 0
0.04197563, 1, 0
0.04197836, 0, 0
0.04197896, 0, 1
0.04198171, 0, 0
0.04198231, 1, 0
0.04198504, 0, 0
0.04198564, 0, 1
0.04198839, 0, 0
0.04198899, 1, 0
0.04199172, 0, 0
0.04199232, 0, 1
0.04199507, 0, 0
0.04199567, 1, 0
0.04199840, 0, 0
0.04199900, 0, 1
0.04200175, 0, 0
0.04200235, 1, 0
0.04200508, 0, 0
0.04200568, 0, 1
0.04200843, 0, 0
0.04200903, 1, 0
0.04201176, 0, 0
0.04201236, 0, 1
0.04201511, 0, 0
0.04201571, 1, 0
0.04201844, 0, 0
0.04201904, 0, 1
0.04202179, 0, 0
0.04202238, 1, 0
0.04202512, 0, 0
0.04202572, 0, 1
0.04202846, 0, 0
0.04202906, 1, 0
0.04203180, 0, 0
0.04203240, 0, 1
0.04203514, 0, 0
0.04203574, 1, 0
0.04203848, 0, 0
0.04203907, 0, 1
0.04204182, 0, 0
0.04204242, 1, 0
0.04204516, 0, 0
0.04204575, 0, 1
0.04204850, 0, 0
0.04204910, 1, 0
0.04205184, 0, 0
0.04205243, 0, 1
0.04205518, 0, 0
0.04205578, 1, 0
0.04205852, 0, 0
0.04205911, 0, 1
0.04206186, 0, 0
0.04206246, 1, 0
0.04206520, 0, 0
0.04206579, 0, 1
0.04206854, 0, 0
0.04206914, 1, 0
0.04207188, 0, 0
0.04207247, 0, 1
0.04207522, 0, 0
0.04207582, 1, 0
0.04207856, 0, 0
0.04207915, 0, 1
0.04208190, 0, 0
0.04208250, 1, 0
0.04208524, 0, 0
0.04208583, 0, 1
0.04208858, 0, 0
0.04208918, 1, 0
0.04209192, 0, 0
0.04209251, 0, 1
0.04209526, 0, 0
0.04209586, 1, 0
0.04209860, 0, 0
0.04209919, 0, 1
0.04210194, 0, 0
0.04210254, 1, 0
0.04210528, 0, 0
0.04210587, 0, 1
0.04210862, 0, 0
0.04210922, 1, 0
0.04211196, 0, 0
0.04211255, 0, 1
0.04211530, 0, 0
0.04211590, 1, 0
0.04211863, 0, 0
0.04211923, 0, 1
0.04212198, 0, 0
0.04212258, 1, 0
0.04212531, 0, 0
0.04212591, 0, 1
0.04212866, 0, 0
0.04212926, 1, 0
0.04213199, 0, 0
0.04213259, 0, 1
0.04213534, 0, 0
0.04213594, 1, 0
0.04213867, 0, 0
0.04213927, 0, 1
0.04214202, 0, 0
0.04214262, 1, 0
0.04214535, 0, 0
0.04214595, 0, 1
0.04214870, 0, 0
0.04214930, 1, 0
0.04215203, 0, 0
0.04215263, 0, 1
0.04215538, 0, 0
0.04215598, 1, 0
0.04215871, 0, 0
0.04215931, 0, 1
0.04216206, 0, 0
0.04216266, 1, 0
0.04216539, 0, 0
0.04216599, 0, 1
0.04216874, 0, 0
0.04216934, 1, 0
0.04217207, 0, 0
0.04217267, 0, 1
0.04217542, 0, 0
0.04217602, 1, 0
0.04217875, 0, 0
0.04217935, 0, 1
0.04218210, 0, 0
0.04218270, 1, 0
0.04218543, 0, 0
0.04218603, 0, 1
0.04218878, 0, 0
0.04218937, 1, 0
0.04219211, 0, 0
0.04219271, 0, 1
0.04219546, 0, 0
0.04219605, 1, 0
0.04219879, 0, 0
0.04219939, 0, 1
0.04220213, 0, 0
0.04220273, 1, 0
0.04220547, 0, 0
0.04220607, 0, 1
0.04220881, 0, 0
0.04220941, 1, 0
0.04221215, 0, 0
0.04221275, 0, 1
0.04221549, 0, 0
0.04221609, 1, 0
0.04221883, 0, 0
0.04221942, 0, 1
0.04222217, 0, 0
0.04222277, 1, 0
0.04222551, 0, 0
0.04222610, 0, 1
0.04222885, 0, 0
0.04222945, 1, 0
0.04223219, 0, 0
0.04223278, 0, 1
0.04223553, 0, 0
0.04223613, 1, 0
0.04223887, 0, 0
0.04223946, 0, 1
0.04224221, 0, 0
0.04224281, 1, 0
0.04224555, 0, 0
0.04224614, 0, 1
0.04224889, 0, 0
0.04224949, 1, 0
0.04225223, 0, 0
0.04225282, 0, 1
0.04225557, 0, 0
0.04225617, 1, 0
0.04225891, 0, 0
0.04225950, 0, 1
0.04226225, 0, 0
0.04226285, 1, 0
0.04226559, 0, 0
0.04226618, 0, 1
0.04226893, 0, 0
0.04226953, 1, 0
0.04227226, 0, 0
0.04227286, 0, 1
0.04227561, 0, 0
0.04227621, 1, 0
0.04227895, 0, 0
0.04227954, 0, 1
0.04228229, 0, 0
0.04228289, 1, 0
0.04228562, 0, 0
0.04228622, 0, 1
0.04228897, 0, 0
0.04228957, 1, 0
0.04229230, 0, 0
0.04229290, 0, 1
0.04229565, 0, 0
0.04229625, 1, 0
0.04229898, 0, 0
0.04229958, 0, 1
0.04230233, 0, 0
0.04230293, 1, 0
0.04230566, 0, 0
0.04230626, 0, 1
0.04230901, 0, 0
0.04230961, 1, 0
0.04231234, 0, 0
0.04231294, 0, 1
0.04231569, 0, 0
0.04231629, 1, 0
0.04231902, 0, 0
0.04231962, 0, 1
0.04232237, 0, 0
0.04232297, 1, 0
0.04232570, 0, 0
0.04232630, 0, 1
0.04232905, 0, 0
0.04232965, 1, 0
0.04233238, 0, 0
0.04233298, 0, 1
0.04233573, 0, 0
0.04233633, 1, 0
0.04233906, 0, 0
0.04233966, 0, 1
0.04234241, 0, 0
0.04234301, 1, 0
0.04234574, 0, 0
0.04234634, 0, 1
0.04234909, 0, 0
0.04234969, 1, 0
0.04235242, 0, 0
0.04235302, 0, 1
0.04235577, 0, 0
0.04235637, 1, 0
0.04235910, 0, 0
0.04235970, 0, 1
0.04236245, 0, 0
0.04236304, 1, 0
0.04236578, 0, 0
0.04236638, 0, 1
0.04236912, 0, 0
0.04236972, 1, 0
0.04237246, 0, 0
0.04237306, 0, 1
0.04237580, 0, 0
0.04237640, 1, 0
0.04237914, 0, 0
0.04237973, 0, 1
0.04238248, 0, 0
0.04238308, 1, 0
0.04238582, 0, 0
0.04238641, 0, 1
0.04238916, 0, 0
0.04238976, 1, 0
0.04239250, 0, 0
0.04239309, 0, 1
0.04239584, 0, 0
0.04239644, 1, 0
0.04239918, 0, 0
0.04239977, 0, 1
0.04240252, 0, 0
0.04240312, 1, 0
0.04240586, 0, 0
0.04240645, 0, 1
0.04240920, 0, 0
0.04240980, 1, 0
0.04241254, 0, 0
0.04241313, 0, 1
0.04241588, 0, 0
0.04241648, 1, 0
0.04241922, 0, 0
0.04241981, 0, 1
0.04242256, 0, 0
0.04242316, 1, 0
0.04242590, 0, 0
0.04242649, 0, 1
0.04242924, 0, 0
0.04242984, 1, 0
0.04243258, 0, 0
0.04243317, 0, 1
0.04243592, 0, 0
0.04243652, 1, 0
0.04243926, 0, 0
0.04243985, 0, 1
0.04244260, 0, 0
0.04244320, 1, 0
0.04244594, 0, 0
0.04244653, 0, 1
0.04244928, 0, 0
0.04244988, 1, 0
0.04245261, 0, 0
0.04245321, 0, 1
0.04245596, 0, 0
0.04245656, 1, 0
0.04245929, 0, 0
0.04245989, 0, 1
0.04246264, 0, 0
0.04246324, 1, 0
0.04246597, 0, 0
0.04246657, 0, 1
0.04246932, 0, 0
0.04246992, 1, 0
0.04247265, 0, 0
0.04247325, 0, 1
0.04247600, 0, 0
0.04247660, 1, 0
0.04247933, 0, 0
0.04247993, 0, 1
0.04248268, 0, 0
0.04248328, 1, 0
0.04248601, 0, 0
0.04248661, 0, 1
0.04248936, 0, 0
0.04248996, 1, 0
0.04249269, 0, 0
0.04249329, 0, 1
0.04249604, 0, 0
0.04249664, 1, 0
0.04249937, 0, 0
0.04249997, 0, 1
0.04250272, 0, 0
0.04250332, 1, 0
0.04250605, 0, 0
0.04250665, 0, 1
0.04250940, 0, 0
0.04251000, 1, 0
0.04251273, 0, 0
0.04251333, 0, 1
0.04251608, 0, 0
0.04251668, 1, 0
0.04251941, 0, 0
0.04252001, 0, 1
0.04252276, 0, 0
0.04252336, 1, 0
0.04252609, 0, 0
0.04252669, 0, 1
0.04252944, 0, 0
0.04253004, 1, 0
0.04253277, 0, 0
0.04253337, 0, 1
0.04253612, 0, 0
0.04253671, 1, 0
0.04253945, 0, 0
0.04254005, 0, 1
0.04254279, 0, 0
0.04254339, 1, 0
0.04254613, 0, 0
0.04254672, 0, 1
0.04254947, 0, 0
0.04255007, 1, 0
0.04255281, 0, 0
0.04255340, 0, 1
0.04255615, 0, 0
0.04255675, 1, 0
0.04255949, 0, 0
0.04256008, 0, 1
0.04256283, 0, 0
0.04256343, 1, 0
0.04256617, 0, 0
0.04256676, 0, 1
0.04256951, 0, 0
0.04257011, 1, 0
0.04257285, 0, 0
0.04257344, 0, 1
0.04257619, 0, 0
0.04257679, 1, 0
0.04257953, 0, 0
0.04258012, 0, 1
0.04258287, 0, 0
0.04258347, 1, 0
0.04258621, 0, 0
0.04258680, 0, 1
0.04258955, 0, 0
0.04259015, 1, 0
0.04259289, 0, 0
0.04259348, 0, 1
0.04259623, 0, 0
0.04259683, 1, 0
0.04259957, 0, 0
0.04260016, 0, 1
0.04260291, 0, 0
0.04260351, 1, 0
0.04260625, 0, 0
0.04260684, 0, 1
0.04260959, 0, 0
0.04261019, 1, 0
0.04261292, 0, 0
0.04261352, 0, 1
0.04261627, 0, 0
0.04261687, 1, 0
0.04261960, 0, 0
0.04262020, 0, 1
0.04262295, 0, 0
0.04262355, 1, 0
0.04262628, 0, 0
0.04262688, 0, 1
0.04262963, 0, 0
0.04263023, 1, 0
0.04263296, 0, 0
0.04263356, 0, 1
0.04263631, 0, 0
0.04263691, 1, 0
0.04263964, 0, 0
0.04264024, 0, 1
0.04264299, 0, 0
0.04264359, 1, 0
0.04264632, 0, 0
0.04264692, 0, 1
0.04264967, 0, 0
0.04265027, 1, 0
0.04265300, 0, 0
0.04265360, 0, 1
0.04265635, 0, 0
0.04265695, 1, 0
0.04265968, 0, 0
0.04266028, 0, 1
0.04266303, 0, 0
0.04266363, 1, 0
0.04266636, 0, 0
0.04266696, 0, 1
0.04266971, 0, 0
0.04267031, 1, 0
0.04267304, 0, 0
0.04267364, 0, 1
0.04267639, 0, 0
0.04267699, 1, 0
0.04267972, 0, 0
0.04268032, 0, 1
0.04268307, 0, 0
0.04268367, 1, 0
0.04268640, 0, 0
0.04268700, 0, 1
0.04268975, 0, 0
0.04269035, 1, 0
0.04269308, 0, 0
0.04269368, 0, 1
0.04269643, 0, 0
0.04269703, 1, 0
0.04269976, 0, 0
0.04270036, 0, 1
0.04270311, 0, 0
0.04270370, 1, 0
0.04270644, 0, 0
0.04270704, 0, 1
0.04270979, 0, 0
0.04271038, 1, 0
0.04271312, 0, 0
0.04271372, 0, 1
0.04271646, 0, 0
0.04271706, 1, 0
0.04271980, 0, 0
0.04272039, 0, 1
0.04272314, 0, 0
0.04272374, 1, 0
0.04272648, 0, 0
0.04272707, 0, 1
0.04272982, 0, 0
0.04273042, 1, 0
0.04273316, 0, 0
0.04273375, 0, 1
0.04273650, 0, 0
0.04273710, 1, 0
0.04273984, 0, 0
0.04274043, 0, 1
0.04274318, 0, 0
0.04274378, 1, 0
0.04274652, 0, 0
0.04274711, 0, 1
0.04274986, 0, 0
0.04275046, 1, 0
0.04275320, 0, 0
0.04275379, 0, 1
0.04275654, 0, 0
0.04275714, 1, 0
0.04275988, 0, 0
0.04276047, 0, 1
0.04276322, 0, 0
0.04276382, 1, 0
0.04276656, 0, 0
0.04276715, 0, 1
0.04276990, 0, 0
0.04277050, 1, 0
0.04277324, 0, 0
0.04277383, 0, 1
0.04277658, 0, 0
0.04277718, 1, 0
0.04277992, 0, 0
0.04278051, 0, 1
0.04278326, 0, 0
0.04278386, 1, 0
0.04278660, 0, 0
0.04278719, 0, 1
0.04278994, 0, 0
0.04279054, 1, 0
0.04279328, 0, 0
0.04279387, 0, 1
0.04279662, 0, 0
0.04279722, 1, 0
0.04279995, 0, 0
0.04280055, 0, 1
0.04280330, 0, 0
0.04280390, 1, 0
0.04280663, 0, 0
0.04280723, 0, 1
0.04280998, 0, 0
0.04281058, 1, 0
0.04281331, 0, 0
0.04281391, 0, 1
0.04281666, 0, 0
0.04281726, 1, 0
0.04281999, 0, 0
0.04282059, 0, 1
0.04282334, 0, 0
0.04282394, 1, 0
0.04282667, 0, 0
0.04282727, 0, 1
0.04283002, 0, 0
0.04283062, 1, 0
0.04283335, 0, 0
0.04283395, 0, 1
0.04283670, 0, 0
0.04283730, 1, 0
0.04284003, 0, 0
0.04284063, 0, 1
0.04284338, 0, 0
0.04284398, 1, 0
0.04284671, 0, 0
0.04284731, 0, 1
0.04285006, 0, 0
0.04285066, 1, 0
0.04285339, 0, 0
0.04285399, 0, 1
0.04285674, 0, 0
0.04285734, 1, 0
0.04286007, 0, 0
0.04286067, 0, 1
0.04286342, 0, 0
0.04286402, 1, 0
0.04286675, 0, 0
0.04286735, 0, 1
0.04287010, 0, 0
0.04287069, 1, 0
0.04287343, 0, 0
0.04287403, 0, 1
0.04287678, 0, 0
0.04287737, 1, 0
0.04288011, 0, 0
0.04288071, 0, 1
0.04288345, 0, 0
0.04288405, 1, 0
0.04288679, 0, 0
0.04288739, 0, 1
0.04289013, 0, 0
0.04289073, 1, 0
0.04289347, 0, 0
0.04289407, 0, 1
0.04289681, 0, 0
0.04289741, 1, 0
0.04290015, 0, 0
0.04290074, 0, 1
0.04290349, 0, 0
0.04290409, 1, 0
0.04290683, 0, 0
0.04290742, 0, 1
0.04291017, 0, 0
0.04291077, 1, 0
0.04291351, 0, 0
0.04291410, 0, 1
0.04291685, 0, 0
0.04291745, 1, 0
0.04292019, 0, 0
0.04292078, 0, 1
0.04292353, 0, 0
0.04292413, 1, 0
0.04292687, 0, 0
0.04292746, 0, 1
0.04293021, 0, 0
0.04293081, 1, 0
0.04293355, 0, 0
0.04293414, 0, 1
0.04293689, 0, 0
0.04293749, 1, 0
0.04294023, 0, 0
0.04294082, 0, 1
0.04294357, 0, 0
0.04294417, 1, 0
0.04294691, 0, 0
0.04294750, 0, 1
0.04295025, 0, 0
0.04295085, 1, 0
0.04295359, 0, 0
0.04295418, 0, 1
0.04295693, 0, 0
0.04295753, 1, 0
0.04296026, 0, 0
0.04296086, 0, 1
0.04296361, 0, 0
0.04296421, 1, 0
0.04296694, 0, 0
0.04296754, 0, 1
0.04297029, 0, 0
0.04297089, 1, 0
0.04297362, 0, 0
0.04297422, 0, 1
0.04297697, 0, 0
0.04297757, 1, 0
0.04298030, 0, 0
0.04298090, 0, 1
0.04298365, 0, 0
0.04298425, 1, 0
0.04298698, 0, 0
0.04298758, 0, 1
0.04299033, 0, 0
0.04299093, 1, 0
0.04299366, 0, 0
0.04299426, 0, 1
0.04299701, 0, 0
0.04299761, 1, 0
0.04300034, 0, 0
0.04300094, 0, 1
0.04300369, 0, 0
0.04300429, 1, 0
0.04300702, 0, 0
0.04300762, 0, 1
0.04301037, 0, 0
0.04301097, 1, 0
0.04301370, 0, 0
0.04301430, 0, 1
0.04301705, 0, 0
0.04301765, 1, 0
0.04302038, 0, 0
0.04302098, 0, 1
0.04302373, 0, 0
0.04302433, 1, 0
0.04302706, 0, 0
0.04302766, 0, 1
0.04303041, 0, 0
0.04303101, 1, 0
0.04303374, 0, 0
0.04303434, 0, 1
0.04303709, 0, 0
0.04303768, 1, 0
0.04304042, 0, 0
0.04304102, 0, 1
0.04304377, 0, 0
0.04304436, 1, 0
0.04304710, 0, 0
0.04304770, 0, 1
0.04305045, 0, 0
0.04305104, 1, 0
0.04305378, 0, 0
0.04305438, 0, 1
0.04305713, 0, 0
0.04305772, 1, 0
0.04306046, 0, 0
0.04306106, 0, 1
0.04306380, 0, 0
0.04306440, 1, 0
0.04306714, 0, 0
0.04306774, 0, 1
0.04307048, 0, 0
0.04307108, 1, 0
0.04307382, 0, 0
0.04307441, 0, 1
0.04307716, 0, 0
0.04307776, 1, 0
0.04308050, 0, 0
0.04308109, 0, 1
0.04308384, 0, 0
0.04308444, 1, 0
0.04308718, 0, 0
0.04308777, 0, 1
0.04309052, 0, 0
0.04309112, 1, 0
0.04309386, 0, 0
0.04309445, 0, 1
0.04309720, 0, 0
0.04309780, 1, 0
0.04310054, 0, 0
0.04310113, 0, 1
0.04310388, 0, 0
0.04310448, 1, 0
0.04310722, 0, 0
0.04310781, 0, 1
0.04311056, 0, 0
0.04311116, 1, 0
0.04311390, 0, 0
0.04311449, 0, 1
0.04311724, 0, 0
0.04311784, 1, 0
0.04312058, 0, 0
0.04312117, 0, 1
0.04312392, 0, 0
0.04312452, 1, 0
0.04312725, 0, 0
0.04312785, 0, 1
0.04313060, 0, 0
0.04313120, 1, 0
0.04313393, 0, 0
0.04313453, 0, 1
0.04313728, 0, 0
0.04313788, 1, 0
0.04314061, 0, 0
0.04314121, 0, 1
0.04314396, 0, 0
0.04314456, 1, 0
0.04314729, 0, 0
0.04314789, 0, 1
0.04315064, 0, 0
0.04315124, 1, 0
0.04315397, 0, 0
0.04315457, 0, 1
0.04315732, 0, 0
0.04315792, 1, 0
0.04316065, 0, 0
0.04316125, 0, 1
0.04316400, 0, 0
0.04316460, 1, 0
0.04316733, 0, 0
0.04316793, 0, 1
0.04317068, 0, 0
0.04317128, 1, 0
0.04317401, 0, 0
0.04317461, 0, 1
0.04317736, 0, 0
0.04317796, 1, 0
0.04318069, 0, 0
0.04318129, 0, 1
0.04318404, 0, 0
0.04318464, 1, 0
0.04318737, 0, 0
0.04318797, 0, 1
0.04319072, 0, 0
0.04319132, 1, 0
0.04319405, 0, 0
0.04319465, 0, 1
0.04319740, 0, 0
0.04319800, 1, 0
0.04320073, 0, 0
0.04320133, 0, 1
0.04320408, 0, 0
0.04320467, 1, 0
0.04320741, 0, 0
0.04320801, 0, 1
0.04321076, 0, 0
0.04321135, 1, 0
0.04321409, 0, 0
0.04321469, 0, 1
0.04321743, 0, 0
0.04321803, 1, 0
0.04322077, 0, 0
0.04322137, 0, 1
0.04322411, 0, 0
0.04322471, 1, 0
0.04322745, 0, 0
0.04322805, 0, 1
0.04323079, 0, 0
0.04323139, 1, 0
0.04323413, 0, 0
0.04323473, 0, 1
0.04323747, 0, 0
0.04323807, 1, 0
0.04324081, 0, 0
0.04324140, 0, 1
0.04324415, 0, 0
0.04324475, 1, 0
0.04324749, 0, 0
0.04324808, 0, 1
0.04325083, 0, 0
0.04325143, 1, 0
0.04325417, 0, 0
0.04325476, 0, 1
0.04325751, 0, 0
0.04325811, 1, 0
0.04326085, 0, 0
0.04326144, 0, 1
0.04326419, 0, 0
0.04326479, 1, 0
0.04326753, 0, 0
0.04326812, 0, 1
0.04327087, 0, 0
0.04327147, 1, 0
0.04327421, 0, 0
0.04327480, 0, 1
0.04327755, 0, 0
0.04327815, 1, 0
0.04328089, 0, 0
0.04328148, 0, 1
0.04328423, 0, 0
0.04328483, 1, 0
0.04328757, 0, 0
0.04328816, 0, 1
0.04329091, 0, 0
0.04329151, 1, 0
0.04329425, 0, 0
0.04329484, 0, 1
0.04329759, 0, 0
0.04329819, 1, 0
0.04330092, 0, 0
0.04330152, 0, 1
0.04330427, 0, 0
0.04330487, 1, 0
0.04330760, 0, 0
0.04330820, 0, 1
0.04331095, 0, 0
0.04331155, 1, 0
0.04331428, 0, 0
0.04331488, 0, 1
0.04331763, 0, 0
0.04331823, 1, 0
0.04332096, 0, 0
0.04332156, 0, 1
0.04332431, 0, 0
0.04332491, 1, 0
0.04332764, 0, 0
0.04332824, 0, 1
0.04333099, 0, 0
0.04333159, 1, 0
0.04333432, 0, 0
0.04333492, 0, 1
0.04333767, 0, 0
0.04333827, 1, 0
0.04334100, 0, 0
0.04334160, 0, 1
0.04334435, 0, 0
0.04334495, 1, 0
0.04334768, 0, 0
0.04334828, 0, 1
0.04335103, 0, 0
0.04335163, 1, 0
0.04335436, 0, 0
0.04335496, 0, 1
0.04335771, 0, 0
0.04335831, 1, 0
0.04336104, 0, 0
0.04336164, 0, 1
0.04336439, 0, 0
0.04336499, 1, 0
0.04336772, 0, 0
0.04336832, 0, 1
0.04337107, 0, 0
0.04337167, 1, 0
0.04337440, 0, 0
0.04337500, 0, 1
0.04337775, 0, 0
0.04337835, 1, 0
0.04338108, 0, 0
0.04338168, 0, 1
0.04338443, 0, 0
0.04338502, 1, 0
0.04338776, 0, 0
0.04338836, 0, 1
0.04339110, 0, 0
0.04339170, 1, 0
0.04339444, 0, 0
0.04339504, 0, 1
0.04339778, 0, 0
0.04339838, 1, 0
0.04340112, 0, 0
0.04340172, 0, 1
0.04340446, 0, 0
0.04340506, 1, 0
0.04340780, 0, 0
0.04340839, 0, 1
0.04341114, 0, 0
0.04341174, 1, 0
0.04341448, 0, 0
0.04341507, 0, 1
0.04341782, 0, 0
0.04341842, 1, 0
0.04342116, 0, 0
0.04342175, 0, 1
0.04342450, 0, 0
0.04342510, 1, 0
0.04342784, 0, 0
0.04342843, 0, 1
0.04343118, 0, 0
0.04343178, 1, 0
0.04343452, 0, 0
0.04343511, 0, 1
0.04343786, 0, 0
0.04343846, 1, 0
0.04344120, 0, 0
0.04344179, 0, 1
0.04344454, 0, 0
0.04344514, 1, 0
0.04344788, 0, 0
0.04344847, 0, 1
0.04345122, 0, 0
0.04345182, 1, 0
0.04345456, 0, 0
0.04345515, 0, 1
0.04345790, 0, 0
0.04345850, 1, 0
0.04346124, 0, 0
0.04346183, 0, 1
0.04346458, 0, 0
0.04346518, 1, 0
0.04346792, 0, 0
0.04346851, 0, 1
0.04347126, 0, 0
0.04347186, 1, 0
0.04347459, 0, 0
0.04347519, 0, 1
0.04347794, 0, 0
0.04347854, 1, 0
0.04348127, 0, 0
0.04348187, 0, 1
0.04348462, 0, 0
0.04348522, 1, 0
0.04348795, 0, 0
0.04348855, 0, 1
0.04349130, 0, 0
0.04349190, 1, 0
0.04349463, 0, 0
0.04349523, 0, 1
0.04349798, 0, 0
0.04349858, 1, 0
0.04350131, 0, 0
0.04350191, 0, 1
0.04350466, 0, 0
0.04350526, 1, 0
0.04350799, 0, 0
0.04350859, 0, 1
0.04351134, 0, 0
0.04351194, 1, 0
0.04351467, 0, 0
0.04351527, 0, 1
0.04351802, 0, 0
0.04351862, 1, 0
0.04352135, 0, 0
0.04352195, 0, 1
0.04352470, 0, 0
0.04352530, 1, 0
0.04352803, 0, 0
0.04352863, 0, 1
0.04353138, 0, 0
0.04353198, 1, 0
0.04353471, 0, 0
0.04353531, 0, 1
0.04353806, 0, 0
0.04353866, 1, 0
0.04354139, 0, 0
0.04354199, 0, 1
0.04354474, 0, 0
0.04354534, 1, 0
0.04354807, 0, 0
0.04354867, 0, 1
0.04355142, 0, 0
0.04355201, 1, 0
0.04355475, 0, 0
0.04355535, 0, 1
0.04355810, 0, 0
0.04355869, 1, 0
0.04356143, 0, 0
0.04356203, 0, 1
0.04356478, 0, 0
0.04356537, 1, 0
0.04356811, 0, 0
0.04356871, 0, 1
0.04357145, 0, 0
0.04357205, 1, 0
0.04357479, 0, 0
0.04357539, 0, 1
0.04357813, 0, 0
0.04357873, 1, 0
0.04358147, 0, 0
0.04358206, 0, 1
0.04358481, 0, 0
0.04358541, 1, 0
0.04358815, 0, 0
0.04358874, 0, 1
0.04359149, 0, 0
0.04359209, 1, 0
0.04359483, 0, 0
0.04359542, 0, 1
0.04359817, 0, 0
0.04359877, 1, 0
0.04360151, 0, 0
0.04360210, 0, 1
0.04360485, 0, 0
0.04360545, 1, 0
0.04360819, 0, 0
0.04360878, 0, 1
0.04361153, 0, 0
0.04361213, 1, 0
0.04361487, 0, 0
0.04361546, 0, 1
0.04361821, 0, 0
0.04361881, 1, 0
0.04362155, 0, 0
0.04362214, 0, 1
0.04362489, 0, 0
0.04362549, 1, 0
0.04362823, 0, 0
0.04362882, 0, 1
0.04363157, 0, 0
0.04363217, 1, 0
0.04363491, 0, 0
0.04363550, 0, 1
0.04363825, 0, 0
0.04363885, 1, 0
0.04364158, 0, 0
0.04364218, 0, 1
0.04364493, 0, 0
0.04364553, 1, 0
0.04364826, 0, 0
0.04364886, 0, 1
0.04365161, 0, 0
0.04365221, 1, 0
0.04365494, 0, 0
0.04365554, 0, 1
0.04365829, 0, 0
0.04365889, 1, 0
0.04366162, 0, 0
0.04366222, 0, 1
0.04366497, 0, 0
0.04366557, 1, 0
0.04366830, 0, 0
0.04366890, 0, 1
0.04367165, 0, 0
0.04367225, 1, 0
0.04367498, 0, 0
0.04367558, 0, 1
0.04367833, 0, 0
0.04367893, 1, 0
0.04368166, 0, 0
0.04368226, 0, 1
0.04368501, 0, 0
0.04368561, 1, 0
0.04368834, 0, 0
0.04368894, 0, 1
0.04369169, 0, 0
0.04369229, 1, 0
0.04369502, 0, 0
0.04369562, 0, 1
0.04369837, 0, 0
0.04369897, 1, 0
0.04370170, 0, 0
0.04370230, 0, 1
0.04370505, 0, 0
0.04370565, 1, 0
0.04370838, 0, 0
0.04370898, 0, 1
0.04371173, 0, 0
0.04371233, 1, 0
0.04371506, 0, 0
0.04371566, 0, 1
0.04371841, 0, 0
0.04371900, 1, 0
0.04372174, 0, 0
0.04372234, 0, 1
0.04372509, 0, 0
0.04372568, 1, 0
0.04372842, 0, 0
0.04372902, 0, 1
0.04373176, 0, 0
0.04373236, 1, 0
0.04373510, 0, 0
0.04373570, 0, 1
0.04373845, 0, 0
0.04373904, 1, 0
0.04374178, 0, 0
0.04374238, 0, 1
0.04374512, 0, 0
0.04374572, 1, 0
0.04374846, 0, 0
0.04374906, 0, 1
0.04375180, 0, 0
0.04375240, 1, 0
0.04375514, 0, 0
0.04375573, 0, 1
0.04375848, 0, 0
0.04375908, 1, 0
0.04376182, 0, 0
0.04376241, 0, 1
0.04376516, 0, 0
0.04376576, 1, 0
0.04376850, 0, 0
0.04376909, 0, 1
0.04377184, 0, 0
0.04377244, 1, 0
0.04377518, 0, 0
0.04377577, 0, 1
0.04377852, 0, 0
0.04377912, 1, 0
0.04378186, 0, 0
0.04378245, 0, 1
0.04378520, 0, 0
0.04378580, 1, 0
0.04378854, 0, 0
0.04378913, 0, 1
0.04379188, 0, 0
0.04379248, 1, 0
0.04379522, 0, 0
0.04379581, 0, 1
0.04379856, 0, 0
0.04379916, 1, 0
0.04380190, 0, 0
0.04380249, 0, 1
0.04380524, 0, 0
0.04380584, 1, 0
0.04380858, 0, 0
0.04380917, 0, 1
0.04381192, 0, 0
0.04381252, 1, 0
0.04381525, 0, 0
0.04381585, 0, 1
0.04381860, 0, 0
0.04381920, 1, 0
0.04382193, 0, 0
0.04382253, 0, 1
0.04382528, 0, 0
0.04382588, 1, 0
0.04382861, 0, 0
0.04382921, 0, 1
0.04383196, 0, 0
0.04383256, 1, 0
0.04383529, 0, 0
0.04383589, 0, 1
0.04383864, 0, 0
0.04383924, 1, 0
0.04384197, 0, 0
0.04384257, 0, 1
0.04384532, 0, 0
0.04384592, 1, 0
0.04384865, 0, 0
0.04384925, 0, 1
0.04385200, 0, 0
0.04385260, 1, 0
0.04385533, 0, 0
0.04385593, 0, 1
0.04385868, 0, 0
0.04385928, 1, 0
0.04386201, 0, 0
0.04386261, 0, 1
0.04386536, 0, 0
0.04386596, 1, 0
0.04386869, 0, 0
0.04386929, 0, 1
0.04387204, 0, 0
0.04387264, 1, 0
0.04387537, 0, 0
0.04387597, 0, 1
0.04387872, 0, 0
0.04387932, 1, 0
0.04388205, 0, 0
0.04388265, 0, 1
0.04388540, 0, 0
0.04388600, 1, 0
0.04388873, 0, 0
0.04388933, 0, 1
0.04389208, 0, 0
0.04389268, 1, 0
0.04389541, 0, 0
0.04389601, 0, 1
0.04389876, 0, 0
0.04389935, 1, 0
0.04390209, 0, 0
0.04390269, 0, 1
0.04390543, 0, 0
0.04390603, 1, 0
0.04390877, 0, 0
0.04390937, 0, 1
0.04391211, 0, 0
0.04391271, 1, 0
0.04391545, 0, 0
0.04391605, 0, 1
0.04391879, 0, 0
0.04391939, 1, 0
0.04392213, 0, 0
0.04392273, 0, 1
0.04392547, 0, 0
0.04392607, 1, 0
0.04392881, 0, 0
0.04392940, 0, 1
0.04393215, 0, 0
0.04393275, 1, 0
0.04393549, 0, 0
0.04393608, 0, 1
0.04393883, 0, 0
0.04393943, 1, 0
0.04394217, 0, 0
0.04394276, 0, 1
0.04394551, 0, 0
0.04394611, 1, 0
0.04394885, 0, 0
0.04394944, 0, 1
0.04395219, 0, 0
0.04395279, 1, 0
0.04395553, 0, 0
0.04395612, 0, 1
0.04395887, 0, 0
0.04395947, 1, 0
0.04396221, 0, 0
0.04396280, 0, 1
0.04396555, 0, 0
0.04396615, 1, 0
0.04396889, 0, 0
0.04396948, 0, 1
0.04397223, 0, 0
0.04397283, 1, 0
0.04397557, 0, 0
0.04397616, 0, 1
0.04397891, 0, 0
0.04397951, 1, 0
0.04398225, 0, 0
0.04398284, 0, 1
0.04398559, 0, 0
0.04398619, 1, 0
0.04398892, 0, 0
0.04398952, 0, 1
0.04399227, 0, 0
0.04399287, 1, 0
0.04399560, 0, 0
0.04399620, 0, 1
0.04399895, 0, 0
0.04399955, 1, 0
0.04400228, 0, 0
0.04400288, 0, 1
0.04400563, 0, 0
0.04400623, 1, 0
0.04400896, 0, 0
0.04400956, 0, 1
0.04401231, 0, 0
0.04401291, 1, 0
0.04401564, 0, 0
0.04401624, 0, 1
0.04401899, 0, 0
0.04401959, 1, 0
0.04402232, 0, 0
0.04402292, 0, 1
0.04402567, 0, 0
0.04402627, 1, 0
0.04402900, 0, 0
0.04402960, 0, 1
0.04403235, 0, 0
0.04403295, 1, 0
0.04403568, 0, 0
0.04403628, 0, 1
0.04403903, 0, 0
0.04403963, 1, 0
0.04404236, 0, 0
0.04404296, 0, 1
0.04404571, 0, 0
0.04404631, 1, 0
0.04404904, 0, 0
0.04404964, 0, 1
0.04405239, 0, 0
0.04405299, 1, 0
0.04405572, 0, 0
0.04405632, 0, 1
0.04405907, 0, 0
0.04405967, 1, 0
0.04406240, 0, 0
0.04406300, 0, 1
0.04406575, 0, 0
0.04406635, 1, 0
0.04406908, 0, 0
0.04406968, 0, 1
0.04407243, 0, 0
0.04407302, 1, 0
0.04407576, 0, 0
0.04407636, 0, 1
0.04407910, 0, 0
0.04407970, 1, 0
0.04408244, 0, 0
0.04408304, 0, 1
0.04408578, 0, 0
0.04408638, 1, 0
0.04408912, 0, 0
0.04408972, 0, 1
0.04409246, 0, 0
0.04409306, 1, 0
0.04409580, 0, 0
0.04409639, 0, 1
0.04409914, 0, 0
0.04409974, 1, 0
0.04410248, 0, 0
0.04410307, 0, 1
0.04410582, 0, 0
0.04410642, 1, 0
0.04410916, 0, 0
0.04410975, 0, 1
0.04411250, 0, 0
0.04411310, 1, 0
0.04411584, 0, 0
0.04411643, 0, 1
0.04411918, 0, 0
0.04411978, 1, 0
0.04412252, 0, 0
0.04412311, 0, 1
0.04412586, 0, 0
0.04412646, 1, 0
0.04412920, 0, 0
0.04412979, 0, 1
0.04413254, 0, 0
0.04413314, 1, 0
0.04413588, 0, 0
0.04413647, 0, 1
0.04413922, 0, 0
0.04413982, 1, 0
0.04414256, 0, 0
0.04414315, 0, 1
0.04414590, 0, 0
0.04414650, 1, 0
0.04414924, 0, 0
0.04414983, 0, 1
0.04415258, 0, 0
0.04415318, 1, 0
0.04415592, 0, 0
0.04415651, 0, 1
0.04415926, 0, 0
0.04415986, 1, 0
0.04416259, 0, 0
0.04416319, 0, 1
0.04416594, 0, 0
0.04416654, 1, 0
0.04416927, 0, 0
0.04416987, 0, 1
0.04417262, 0, 0
0.04417322, 1, 0
0.04417595, 0, 0
0.04417655, 0, 1
0.04417930, 0, 0
0.04417990, 1, 0
0.04418263, 0, 0
0.04418323, 0, 1
0.04418598, 0, 0
0.04418658, 1, 0
0.04418931, 0, 0
0.04418991, 0, 1
0.04419266, 0, 0
0.04419326, 1, 0
0.04419599, 0, 0
0.04419659, 0, 1
0.04419934, 0, 0
0.04419994, 1, 0
0.04420267, 0, 0
0.04420327, 0, 1
0.04420602, 0, 0
0.04420662, 1, 0
0.04420935, 0, 0
0.04420995, 0, 1
0.04421270, 0, 0
0.04421330, 1, 0
0.04421603, 0, 0
0.04421663, 0, 1
0.04421938, 0, 0
0.04421998, 1, 0
0.04422271, 0, 0
0.04422331, 0, 1
0.04422606, 0, 0
0.04422666, 1, 0
0.04422939, 0, 0
0.04422999, 0, 1
0.04423274, 0, 0
0.04423333, 1, 0
0.04423607, 0, 0
0.04423667, 0, 1
0.04423942, 0, 0
0.04424001, 1, 0
0.04424275, 0, 0
0.04424335, 0, 1
0.04424610, 0, 0
0.04424669, 1, 0
0.04424943, 0, 0
0.04425003, 0, 1
0.04425277, 0, 0
0.04425337, 1, 0
0.04425611, 0, 0
0.04425671, 0, 1
0.04425945, 0, 0
0.04426005, 1, 0
0.04426279, 0, 0
0.04426338, 0, 1
0.04426613, 0, 0
0.04426673, 1, 0
0.04426947, 0, 0
0.04427006, 0, 1
0.04427281, 0, 0
0.04427341, 1, 0
0.04427615, 0, 0
0.04427674, 0, 1
0.04427949, 0, 0
0.04428009, 1, 0
0.04428283, 0, 0
0.04428342, 0, 1
0.04428617, 0, 0
0.04428677, 1, 0
0.04428951, 0, 0
0.04429010, 0, 1
0.04429285, 0, 0
0.04429345, 1, 0
0.04429619, 0, 0
0.04429678, 0, 1
0.04429953, 0, 0
0.04430013, 1, 0
0.04430287, 0, 0
0.04430346, 0, 1
0.04430621, 0, 0
0.04430681, 1, 0
0.04430955, 0, 0
0.04431014, 0, 1
0.04431289, 0, 0
0.04431349, 1, 0
0.04431623, 0, 0
0.04431682, 0, 1
0.04431957, 0, 0
0.04432017, 1, 0
0.04432290, 0, 0
0.04432350, 0, 1
0.04432625, 0, 0
0.04432685, 1, 0
0.04432958, 0, 0
0.04433018, 0, 1
0.04433293, 0, 0
0.04433353, 1, 0
0.04433626, 0, 0
0.04433686, 0, 1
0.04433961, 0, 0
0.04434021, 1, 0
0.04434294, 0, 0
0.04434354, 0, 1
0.04434629, 0, 0
0.04434689, 1, 0
0.04434962, 0, 0
0.04435022, 0, 1
0.04435297, 0, 0
0.04435357, 1, 0
0.04435630, 0, 0
0.04435690, 0, 1
0.04435965, 0, 0
0.04436025, 1, 0
0.04436298, 0, 0
0.04436358, 0, 1
0.04436633, 0, 0
0.04436693, 1, 0
0.04436966, 0, 0
0.04437026, 0, 1
0.04437301, 0, 0
0.04437361, 1, 0
0.04437634, 0, 0
0.04437694, 0, 1
0.04437969, 0, 0
0.04438029, 1, 0
0.04438302, 0, 0
0.04438362, 0, 1
0.04438637, 0, 0
0.04438697, 1, 0
0.04438970, 0, 0
0.04439030, 0, 1
0.04439305, 0, 0
0.04439365, 1, 0
0.04439638, 0, 0
0.04439698, 0, 1
0.04439973, 0, 0
0.04440033, 1, 0
0.04440306, 0, 0
0.04440366, 0, 1
0.04440641, 0, 0
0.04440700, 1, 0
0.04440974, 0, 0
0.04441034, 0, 1
0.04441309, 0, 0
0.04441368, 1, 0
0.04441642, 0, 0
0.04441702, 0, 1
0.04441976, 0, 0
0.04442036, 1, 0
0.04442310, 0, 0
0.04442369, 0, 1
0.04442644, 0, 0
0.04442704, 1, 0
0.04442978, 0, 0
0.04443038, 0, 1
0.04443312, 0, 0
0.04443372, 1, 0
0.04443646, 0, 0
0.04443706, 0, 1
0.04443980, 0, 0
0.04444040, 1, 0
0.04444314, 0, 0
0.04444373, 0, 1
0.04444648, 0, 0
0.04444708, 1, 0
0.04444982, 0, 0
0.04445041, 0, 1
0.04445316, 0, 0
0.04445376, 1, 0
0.04445650, 0, 0
0.04445709, 0, 1
0.04445984, 0, 0
0.04446044, 1, 0
0.04446318, 0, 0
0.04446377, 0, 1
0.04446652, 0, 0
0.04446712, 1, 0
0.04446986, 0, 0
0.04447045, 0, 1
0.04447320, 0, 0
0.04447380, 1, 0
0.04447654, 0, 0
0.04447713, 0, 1
0.04447988, 0, 0
0.04448048, 1, 0
0.04448322, 0, 0
0.04448381, 0, 1
0.04448656, 0, 0
0.04448716, 1, 0
0.04448990, 0, 0
0.04449049, 0, 1
0.04449324, 0, 0
0.04449384, 1, 0
0.04449657, 0, 0
0.04449717, 0, 1
0.04449992, 0, 0
0.04450052, 1, 0
0.04450325, 0, 0
0.04450385, 0, 1
0.04450660, 0, 0
0.04450720, 1, 0
0.04450993, 0, 0
0.04451053, 0, 1
0.04451328, 0, 0
0.04451388, 1, 0
0.04451661, 0, 0
0.04451721, 0, 1
0.04451996, 0, 0
0.04452056, 1, 0
0.04452329, 0, 0
0.04452389, 0, 1
0.04452664, 0, 0
0.04452724, 1, 0
0.04452997, 0, 0
0.04453057, 0, 1
0.04453332, 0, 0
0.04453392, 1, 0
0.04453665, 0, 0
0.04453725, 0, 1
0.04454000, 0, 0
0.04454060, 1, 0
0.04454333, 0, 0
0.04454393, 0, 1
0.04454668, 0, 0
0.04454728, 1, 0
0.04455001, 0, 0
0.04455061, 0, 1
0.04455336, 0, 0
0.04455396, 1, 0
0.04455669, 0, 0
0.04455729, 0, 1
0.04456004, 0, 0
0.04456064, 1, 0
0.04456337, 0, 0
0.04456397, 0, 1
0.04456672, 0, 0
0.04456732, 1, 0
0.04457005, 0, 0
0.04457065, 0, 1
0.04457340, 0, 0
0.04457400, 1, 0
0.04457673, 0, 0
0.04457733, 0, 1
0.04458008, 0, 0
0.04458068, 1, 0
0.04458341, 0, 0
0.04458401, 0, 1
0.04458676, 0, 0
0.04458735, 1, 0
0.04459009, 0, 0
0.04459069, 0, 1
0.04459343, 0, 0
0.04459403, 1, 0
0.04459677, 0, 0
0.04459737, 0, 1
0.04460011, 0, 0
0.04460071, 1, 0
0.04460345, 0, 0
0.04460404, 0, 1
0.04460679, 0, 0
0.04460739, 1, 0
0.04461013, 0, 0
0.04461072, 0, 1
0.04461347, 0, 0
0.04461407, 1, 0
0.04461681, 0, 0
0.04461740, 0, 1
0.04462015, 0, 0
0.04462075, 1, 0
0.04462349, 0, 0
0.04462408, 0, 1
0.04462683, 0, 0
0.04462743, 1, 0
0.04463017, 0, 0
0.04463076, 0, 1
0.04463351, 0, 0
0.04463411, 1, 0
0.04463685, 0, 0
0.04463744, 0, 1
0.04464019, 0, 0
0.04464079, 1, 0
0.04464353, 0, 0
0.04464412, 0, 1
0.04464687, 0, 0
0.04464747, 1, 0
0.04465021, 0, 0
0.04465080, 0, 1
0.04465355, 0, 0
0.04465415, 1, 0
0.04465689, 0, 0
0.04465748, 0, 1
0.04466023, 0, 0
0.04466083, 1, 0
0.04466357, 0, 0
0.04466416, 0, 1
0.04466691, 0, 0
0.04466751, 1, 0
0.04467025, 0, 0
0.04467084, 0, 1
0.04467359, 0, 0
0.04467419, 1, 0
0.04467692, 0, 0
0.04467752, 0, 1
0.04468027, 0, 0
0.04468087, 1, 0
0.04468360, 0, 0
0.04468420, 0, 1
0.04468695, 0, 0
0.04468755, 1, 0
0.04469028, 0, 0
0.04469088, 0, 1
0.04469363, 0, 0
0.04469423, 1, 0
0.04469696, 0, 0
0.04469756, 0, 1
0.04470031, 0, 0
0.04470091, 1, 0
0.04470364, 0, 0
0.04470424, 0, 1
0.04470699, 0, 0
0.04470759, 1, 0
0.04471032, 0, 0
0.04471092, 0, 1
0.04471367, 0, 0
0.04471427, 1, 0
0.04471700, 0, 0
0.04471760, 0, 1
0.04472035, 0, 0
0.04472095, 1, 0
0.04472368, 0, 0
0.04472428, 0, 1
0.04472703, 0, 0
0.04472763, 1, 0
0.04473036, 0, 0
0.04473096, 0, 1
0.04473371, 0, 0
0.04473431, 1, 0
0.04473704, 0, 0
0.04473764, 0, 1
0.04474039, 0, 0
0.04474099, 1, 0
0.04474372, 0, 0
0.04474432, 0, 1
0.04474707, 0, 0
0.04474766, 1, 0
0.04475040, 0, 0
0.04475100, 0, 1
0.04475375, 0, 0
0.04475434, 1, 0
0.04475708, 0, 0
0.04475768, 0, 1
0.04476043, 0, 0
0.04476102, 1, 0
0.04476376, 0, 0
0.04476436, 0, 1
0.04476710, 0, 0
0.04476770, 1, 0
0.04477044, 0, 0
0.04477104, 0, 1
0.04477378, 0, 0
0.04477438, 1, 0
0.04477712, 0, 0
0.04477771, 0, 1
0.04478046, 0, 0
0.04478106, 1, 0
0.04478380, 0, 0
0.04478439, 0, 1
0.04478714, 0, 0
0.04478774, 1, 0
0.04479048, 0, 0
0.04479107, 0, 1
0.04479382, 0, 0
0.04479442, 1, 0
0.04479716, 0, 0
0.04479775, 0, 1
0.04480050, 0, 0
0.04480110, 1, 0
0.04480384, 0, 0
0.04480443, 0, 1
0.04480718, 0, 0
0.04480778, 1, 0
0.04481052, 0, 0
0.04481111, 0, 1
0.04481386, 0, 0
0.04481446, 1, 0
0.04481720, 0, 0
0.04481779, 0, 1
0.04482054, 0, 0
0.04482114, 1, 0
0.04482388, 0, 0
0.04482447, 0, 1
0.04482722, 0, 0
0.04482782, 1, 0
0.04483056, 0, 0
0.04483115, 0, 1
0.04483390, 0, 0
0.04483450, 1, 0
0.04483723, 0, 0
0.04483783, 0, 1
0.04484058, 0, 0
0.04484118, 1, 0
0.04484391, 0, 0
0.04484451, 0, 1
0.04484726, 0, 0
0.04484786, 1, 0
0.04485059, 0, 0
0.04485119, 0, 1
0.04485394, 0, 0
0.04485454, 1, 0
0.04485727, 0, 0
0.04485787, 0, 1
0.04486062, 0, 0
0.04486122, 1, 0
0.04486395, 0, 0
0.04486455, 0, 1
0.04486730, 0, 0
0.04486790, 1, 0
0.04487063, 0, 0
0.04487123, 0, 1
0.04487398, 0, 0
0.04487458, 1, 0
0.04487731, 0, 0
0.04487791, 0, 1
0.04488066, 0, 0
0.04488126, 1, 0
0.04488399, 0, 0
0.04488459, 0, 1
0.04488734, 0, 0
0.04488794, 1, 0
0.04489067, 0, 0
0.04489127, 0, 1
0.04489402, 0, 0
0.04489462, 1, 0
0.04489735, 0, 0
0.04489795, 0, 1
0.04490070, 0, 0
0.04490130, 1, 0
0.04490403, 0, 0
0.04490463, 0, 1
0.04490738, 0, 0
0.04490798, 1, 0
0.04491071, 0, 0
0.04491131, 0, 1
0.04491406, 0, 0
0.04491466, 1, 0
0.04491739, 0, 0
0.04491799, 0, 1
0.04492074, 0, 0
0.04492133, 1, 0
0.04492407, 0, 0
0.04492467, 0, 1
0.04492742, 0, 0
0.04492801, 1, 0
0.04493075, 0, 0
0.04493135, 0, 1
0.04493409, 0, 0
0.04493469, 1, 0
0.04493743, 0, 0
0.04493803, 0, 1
0.04494077, 0, 0
0.04494137, 1, 0
0.04494411, 0, 0
0.04494470, 0, 1
0.04494745, 0, 0
0.04494805, 1, 0
0.04495079, 0, 0
0.04495138, 0, 1
0.04495413, 0, 0
0.04495473, 1, 0
0.04495747, 0, 0
0.04495806, 0, 1
0.04496081, 0, 0
0.04496141, 1, 0
0.04496415, 0, 0
0.04496474, 0, 1
0.04496749, 0, 0
0.04496809, 1, 0
0.04497083, 0, 0
0.04497142, 0, 1
0.04497417, 0, 0
0.04497477, 1, 0
0.04497751, 0, 0
0.04497810, 0, 1
0.04498085, 0, 0
0.04498145, 1, 0
0.04498419, 0, 0
0.04498478, 0, 1
0.04498753, 0, 0
0.04498813, 1, 0
0.04499087, 0, 0
0.04499146, 0, 1
0.04499421, 0, 0
0.04499481, 1, 0
0.04499755, 0, 0
0.04499814, 0, 1
0.04500089, 0, 0
0.04500149, 1, 0
0.04500422, 0, 0
0.04500482, 0, 1
0.04500757, 0, 0
0.04500817, 1, 0
0.04501090, 0, 0
0.04501150, 0, 1
0.04501425, 0, 0
0.04501485, 1, 0
0.04501758, 0, 0
0.04501818, 0, 1
0.04502093, 0, 0
0.04502153, 1, 0
0.04502426, 0, 0
0.04502486, 0, 1
0.04502761, 0, 0
0.04502821, 1, 0
0.04503094, 0, 0
0.04503154, 0, 1
0.04503429, 0, 0
0.04503489, 1, 0
0.04503762, 0, 0
0.04503822, 0, 1
0.04504097, 0, 0
0.04504157, 1, 0
0.04504430, 0, 0
0.04504490, 0, 1
0.04504765, 0, 0
0.04504825, 1, 0
0.04505098, 0, 0
0.04505158, 0, 1
0.04505433, 0, 0
0.04505493, 1, 0
0.04505766, 0, 0
0.04505826, 0, 1
0.04506101, 0, 0
0.04506161, 1, 0
0.04506434, 0, 0
0.04506494, 0, 1
0.04506769, 0, 0
0.04506829, 1, 0
0.04507102, 0, 0
0.04507162, 0, 1
0.04507437, 0, 0
0.04507497, 1, 0
0.04507770, 0, 0
0.04507830, 0, 1
0.04508105, 0, 0
0.04508165, 1, 0
0.04508438, 0, 0
0.04508498, 0, 1
0.04508773, 0, 0
0.04508832, 1, 0
0.04509106, 0, 0
0.04509166, 0, 1
0.04509441, 0, 0
0.04509500, 1, 0
0.04509774, 0, 0
0.04509834, 0, 1
0.04510109, 0, 0
0.04510168, 1, 0
0.04510442, 0, 0
0.04510502, 0, 1
0.04510777, 0, 0
0.04510836, 1, 0
0.04511110, 0, 0
0.04511170, 0, 1
0.04511444, 0, 0
0.04511504, 1, 0
0.04511778, 0, 0
0.04511837, 0, 1
0.04512112, 0, 0
0.04512172, 1, 0
0.04512446, 0, 0
0.04512505, 0, 1
0.04512780, 0, 0
0.04512840, 1, 0
0.04513114, 0, 0
0.04513173, 0, 1
0.04513448, 0, 0
0.04513508, 1, 0
0.04513782, 0, 0
0.04513841, 0, 1
0.04514116, 0, 0
0.04514176, 1, 0
0.04514450, 0, 0
0.04514509, 0, 1
0.04514784, 0, 0
0.04514844, 1, 0
0.04515118, 0, 0
0.04515177, 0, 1
0.04515452, 0, 0
0.04515512, 1, 0
0.04515786, 0, 0
0.04515845, 0, 1
0.04516120, 0, 0
0.04516180, 1, 0
0.04516454, 0, 0
0.04516513, 0, 1
0.04516788, 0, 0
0.04516848, 1, 0
0.04517122, 0, 0
0.04517181, 0, 1
0.04517456, 0, 0
0.04517516, 1, 0
0.04517789, 0, 0
0.04517849, 0, 1
0.04518124, 0, 0
0.04518184, 1, 0
0.04518457, 0, 0
0.04518517, 0, 1
0.04518792, 0, 0
0.04518852, 1, 0
0.04519125, 0, 0
0.04519185, 0, 1
0.04519460, 0, 0
0.04519520, 1, 0
0.04519793, 0, 0
0.04519853, 0, 1
0.04520128, 0, 0
0.04520188, 1, 0
0.04520461, 0, 0
0.04520521, 0, 1
0.04520796, 0, 0
0.04520856, 1, 0
0.04521129, 0, 0
0.04521189, 0, 1
0.04521464, 0, 0
0.04521524, 1, 0
0.04521797, 0, 0
0.04521857, 0, 1
0.04522132, 0, 0
0.04522192, 1, 0
0.04522465, 0, 0
0.04522525, 0, 1
0.04522800, 0, 0
0.04522860, 1, 0
0.04523133, 0, 0
0.04523193, 0, 1
0.04523468, 0, 0
0.04523528, 1, 0
0.04523801, 0, 0
0.04523861, 0, 1
0.04524136, 0, 0
0.04524196, 1, 0
0.04524469, 0, 0
0.04524529, 0, 1
0.04524804, 0, 0
0.04524864, 1, 0
0.04525137, 0, 0
0.04525197, 0, 1
0.04525472, 0, 0
0.04525531, 1, 0
0.04525805, 0, 0
0.04525865, 0, 1
0.04526140, 0, 0
0.04526199, 1, 0
0.04526473, 0, 0
0.04526533, 0, 1
0.04526808, 0, 0
0.04526867, 1, 0
0.04527141, 0, 0
0.04527201, 0, 1
0.04527475, 0, 0
0.04527535, 1, 0
0.04527809, 0, 0
0.04527869, 0, 1
0.04528143, 0, 0
0.04528203, 1, 0
0.04528477, 0, 0
0.04528536, 0, 1
0.04528811, 0, 0
0.04528871, 1, 0
0.04529145, 0, 0
0.04529204, 0, 1
0.04529479, 0, 0
0.04529539, 1, 0
0.04529813, 0, 0
0.04529872, 0, 1
0.04530147, 0, 0
0.04530207, 1, 0
0.04530481, 0, 0
0.04530540, 0, 1
0.04530815, 0, 0
0.04530875, 1, 0
0.04531149, 0, 0
0.04531208, 0, 1
0.04531483, 0, 0
0.04531543, 1, 0
0.04531817, 0, 0
0.04531876, 0, 1
0.04532151, 0, 0
0.04532211, 1, 0
0.04532485, 0, 0
0.04532544, 0, 1
0.04532819, 0, 0
0.04532879, 1, 0
0.04533153, 0, 0
0.04533212, 0, 1
0.04533487, 0, 0
0.04533547, 1, 0
0.04533821, 0, 0
0.04533880, 0, 1
0.04534155, 0, 0
0.04534215, 1, 0
0.04534489, 0, 0
0.04534548, 0, 1
0.04534823, 0, 0
0.04534883, 1, 0
0.04535157, 0, 0
0.04535216, 0, 1
0.04535491, 0, 0
0.04535551, 1, 0
0.04535824, 0, 0
0.04535884, 0, 1
0.04536159, 0, 0
0.04536219, 1, 0
0.04536492, 0, 0
0.04536552, 0, 1
0.04536827, 0, 0
0.04536887, 1, 0
0.04537160, 0, 0
0.04537220, 0, 1
0.04537495, 0, 0
0.04537555, 1, 0
0.04537828, 0, 0
0.04537888, 0, 1
0.04538163, 0, 0
0.04538223, 1, 0
0.04538496, 0, 0
0.04538556, 0, 1
0.04538831, 0, 0
0.04538891, 1, 0
0.04539164, 0, 0
0.04539224, 0, 1
0.04539499, 0, 0
0.04539559, 1, 0
0.04539832, 0, 0
0.04539892, 0, 1
0.04540167, 0, 0
0.04540227, 1, 0
0.04540500, 0, 0
0.04540560, 0, 1
0.04540835, 0, 0
0.04540895, 1, 0
0.04541168, 0, 0
0.04541228, 0, 1
0.04541503, 0, 0
0.04541563, 1, 0
0.04541836, 0, 0
0.04541896, 0, 1
0.04542171, 0, 0
0.04542231, 1, 0
0.04542504, 0, 0
0.04542564, 0, 1
0.04542839, 0, 0
0.04542899, 1, 0
0.04543172, 0, 0
0.04543232, 0, 1
0.04543507, 0, 0
0.04543567, 1, 0
0.04543840, 0, 0
0.04543900, 0, 1
0.04544175, 0, 0
0.04544234, 1, 0
0.04544508, 0, 0
0.04544568, 0, 1
0.04544842, 0, 0
0.04544902, 1, 0
0.04545176, 0, 0
0.04545236, 0, 1
0.04545510, 0, 0
0.04545570, 1, 0
0.04545844, 0, 0
0.04545903, 0, 1
0.04546178, 0, 0
0.04546238, 1, 0
0.04546512, 0, 0
0.04546571, 0, 1
0.04546846, 0, 0
0.04546906, 1, 0
0.04547180, 0, 0
0.04547239, 0, 1
0.04547514, 0, 0
0.04547574, 1, 0
0.04547848, 0, 0
0.04547907, 0, 1
0.04548182, 0, 0
0.04548242, 1, 0
0.04548516, 0, 0
0.04548575, 0, 1
0.04548850, 0, 0
0.04548910, 1, 0
0.04549184, 0, 0
0.04549243, 0, 1
0.04549518, 0, 0
0.04549578, 1, 0
0.04549852, 0, 0
0.04549911, 0, 1
0.04550186, 0, 0
0.04550246, 1, 0
0.04550520, 0, 0
0.04550579, 0, 1
0.04550854, 0, 0
0.04550914, 1, 0
0.04551188, 0, 0
0.04551247, 0, 1
0.04551522, 0, 0
0.04551582, 1, 0
0.04551856, 0, 0
0.04551915, 0, 1
0.04552190, 0, 0
0.04552250, 1, 0
0.04552523, 0, 0
0.04552583, 0, 1
0.04552858, 0, 0
0.04552918, 1, 0
0.04553191, 0, 0
0.04553251, 0, 1
0.04553526, 0, 0
0.04553586, 1, 0
0.04553859, 0, 0
0.04553919, 0, 1
0.04554194, 0, 0
0.04554254, 1, 0
0.04554527, 0, 0
0.04554587, 0, 1
0.04554862, 0, 0
0.04554922, 1, 0
0.04555195, 0, 0
0.04555255, 0, 1
0.04555530, 0, 0
0.04555590, 1, 0
0.04555863, 0, 0
0.04555923, 0, 1
0.04556198, 0, 0
0.04556258, 1, 0
0.04556531, 0, 0
0.04556591, 0, 1
0.04556866, 0, 0
0.04556926, 1, 0
0.04557199, 0, 0
0.04557259, 0, 1
0.04557534, 0, 0
0.04557594, 1, 0
0.04557867, 0, 0
0.04557927, 0, 1
0.04558202, 0, 0
0.04558262, 1, 0
0.04558535, 0, 0
0.04558595, 0, 1
0.04558870, 0, 0
0.04558930, 1, 0
0.04559203, 0, 0
0.04559263, 0, 1
0.04559538, 0, 0
0.04559598, 1, 0
0.04559871, 0, 0
0.04559931, 0, 1
0.04560206, 0, 0
0.04560266, 1, 0
0.04560539, 0, 0
0.04560599, 0, 1
0.04560874, 0, 0
0.04560933, 1, 0
0.04561207, 0, 0
0.04561267, 0, 1
0.04561541, 0, 0
0.04561601, 1, 0
0.04561875, 0, 0
0.04561935, 0, 1
0.04562209, 0, 0
0.04562269, 1, 0
0.04562543, 0, 0
0.04562603, 0, 1
0.04562877, 0, 0
0.04562937, 1, 0
0.04563211, 0, 0
0.04563271, 0, 1
0.04563545, 0, 0
0.04563605, 1, 0
0.04563879, 0, 0
0.04563938, 0, 1
0.04564213, 0, 0
0.04564273, 1, 0
0.04564547, 0, 0
0.04564606, 0, 1
0.04564881, 0, 0
0.04564941, 1, 0
0.04565215, 0, 0
0.04565274, 0, 1
0.04565549, 0, 0
0.04565609, 1, 0
0.04565883, 0, 0
0.04565942, 0, 1
0.04566217, 0, 0
0.04566277, 1, 0
0.04566551, 0, 0
0.04566610, 0, 1
0.04566885, 0, 0
0.04566945, 1, 0
0.04567219, 0, 0
0.04567278, 0, 1
0.04567553, 0, 0
0.04567613, 1, 0
0.04567887, 0, 0
0.04567946, 0, 1
0.04568221, 0, 0
0.04568281, 1, 0
0.04568555, 0, 0
0.04568614, 0, 1
0.04568889, 0, 0
0.04568949, 1, 0
0.04569223, 0, 0
0.04569282, 0, 1
0.04569557, 0, 0
0.04569617, 1, 0
0.04569890, 0, 0
0.04569950, 0, 1
0.04570225, 0, 0
0.04570285, 1, 0
0.04570558, 0, 0
0.04570618, 0, 1
0.04570893, 0, 0
0.04570953, 1, 0
0.04571226, 0, 0
0.04571286, 0, 1
0.04571561, 0, 0
0.04571621, 1, 0
0.04571894, 0, 0
0.04571954, 0, 1
0.04572229, 0, 0
0.04572289, 1, 0
0.04572562, 0, 0
0.04572622, 0, 1
0.04572897, 0, 0
0.04572957, 1, 0
0.04573230, 0, 0
0.04573290, 0, 1
0.04573565, 0, 0
0.04573625, 1, 0
0.04573898, 0, 0
0.04573958, 0, 1
0.04574233, 0, 0
0.04574293, 1, 0
0.04574566, 0, 0
0.04574626, 0, 1
0.04574901, 0, 0
0.04574961, 1, 0
0.04575234, 0, 0
0.04575294, 0, 1
0.04575569, 0, 0
0.04575629, 1, 0
0.04575902, 0, 0
0.04575962, 0, 1
0.04576237, 0, 0
0.04576297, 1, 0
0.04576570, 0, 0
0.04576630, 0, 1
0.04576905, 0, 0
0.04576964, 1, 0
0.04577238, 0, 0
0.04577298, 0, 1
0.04577573, 0, 0
0.04577632, 1, 0
0.04577906, 0, 0
0.04577966, 0, 1
0.04578241, 0, 0
0.04578300, 1, 0
0.04578574, 0, 0
0.04578634, 0, 1
0.04578909, 0, 0
0.04578968, 1, 0
0.04579242, 0, 0
0.04579302, 0, 1
0.04579576, 0, 0
0.04579636, 1, 0
0.04579910, 0, 0
0.04579969, 0, 1
0.04580244, 0, 0
0.04580304, 1, 0
0.04580578, 0, 0
0.04580637, 0, 1
0.04580912, 0, 0
0.04580972, 1, 0
0.04581246, 0, 0
0.04581305, 0, 1
0.04581580, 0, 0
0.04581640, 1, 0
0.04581914, 0, 0
0.04581973, 0, 1
0.04582248, 0, 0
0.04582308, 1, 0
0.04582582, 0, 0
0.04582641, 0, 1
0.04582916, 0, 0
0.04582976, 1, 0
0.04583250, 0, 0
0.04583309, 0, 1
0.04583584, 0, 0
0.04583644, 1, 0
0.04583918, 0, 0
0.04583977, 0, 1
0.04584252, 0, 0
0.04584312, 1, 0
0.04584586, 0, 0
0.04584645, 0, 1
0.04584920, 0, 0
0.04584980, 1, 0
0.04585254, 0, 0
0.04585313, 0, 1
0.04585588, 0, 0
0.04585648, 1, 0
0.04585921, 0, 0
0.04585981, 0, 1
0.04586256, 0, 0
0.04586316, 1, 0
0.04586589, 0, 0
0.04586649, 0, 1
0.04586924, 0, 0
0.04586984, 1, 0
0.04587257, 0, 0
0.04587317, 0, 1
0.04587592, 0, 0
0.04587652, 1, 0
0.04587925, 0, 0
0.04587985, 0, 1
0.04588260, 0, 0
0.04588320, 1, 0
0.04588593, 0, 0
0.04588653, 0, 1
0.04588928, 0, 0
0.04588988, 1, 0
0.04589261, 0, 0
0.04589321, 0, 1
0.04589596, 0, 0
0.04589656, 1, 0
0.04589929, 0, 0
0.04589989, 0, 1
0.04590264, 0, 0
0.04590324, 1, 0
0.04590597, 0, 0
0.04590657, 0, 1
0.04590932, 0, 0
0.04590992, 1, 0
0.04591265, 0, 0
0.04591325, 0, 1
0.04591600, 0, 0
0.04591660, 1, 0
0.04591933, 0, 0
0.04591993, 0, 1
0.04592268, 0, 0
0.04592328, 1, 0
0.04592601, 0, 0
0.04592661, 0, 1
0.04592936, 0, 0
0.04592996, 1, 0
0.04593269, 0, 0
0.04593329, 0, 1
0.04593604, 0, 0
0.04593664, 1, 0
0.04593937, 0, 0
0.04593997, 0, 1
0.04594272, 0, 0
0.04594332, 1, 0
0.04594605, 0, 0
0.04594665, 0, 1
0.04594940, 0, 0
0.04595000, 1, 0
0.04595273, 0, 0
0.04595333, 0, 1
0.04595608, 0, 0
0.04595667, 1, 0
0.04595941, 0, 0
0.04596001, 0, 1
0.04596275, 0, 0
0.04596335, 1, 0
0.04596609, 0, 0
0.04596669, 0, 1
0.04596943, 0, 0
0.04597003, 1, 0
0.04597277, 0, 0
0.04597336, 0, 1
0.04597611, 0, 0
0.04597671, 1, 0
0.04597945, 0, 0
0.04598004, 0, 1
0.04598279, 0, 0
0.04598339, 1, 0
0.04598613, 0, 0
0.04598672, 0, 1
0.04598947, 0, 0
0.04599007, 1, 0
0.04599281, 0, 0
0.04599340, 0, 1
0.04599615, 0, 0
0.04599675, 1, 0
0.04599949, 0, 0
0.04600008, 0, 1
0.04600283, 0, 0
0.04600343, 1, 0
0.04600617, 0, 0
0.04600676, 0, 1
0.04600951, 0, 0
0.04601011, 1, 0
0.04601285, 0, 0
0.04601344, 0, 1
0.04601619, 0, 0
0.04601679, 1, 0
0.04601953, 0, 0
0.04602012, 0, 1
0.04602287, 0, 0
0.04602347, 1, 0
0.04602621, 0, 0
0.04602680, 0, 1
0.04602955, 0, 0
0.04603015, 1, 0
0.04603288, 0, 0
0.04603348, 0, 1
0.04603623, 0, 0
0.04603683, 1, 0
0.04603956, 0, 0
0.04604016, 0, 1
0.04604291, 0, 0
0.04604351, 1, 0
0.04604624, 0, 0
0.04604684, 0, 1
0.04604959, 0, 0
0.04605019, 1, 0
0.04605292, 0, 0
0.04605352, 0, 1
0.04605627, 0, 0
0.04605687, 1, 0
0.04605960, 0, 0
0.04606020, 0, 1
0.04606295, 0, 0
0.04606355, 1, 0
0.04606628, 0, 0
0.04606688, 0, 1
0.04606963, 0, 0
0.04607023, 1, 0
0.04607296, 0, 0
0.04607356, 0, 1
0.04607631, 0, 0
0.04607691, 1, 0
0.04607964, 0, 0
0.04608024, 0, 1
0.04608299, 0, 0
0.04608359, 1, 0
0.04608632, 0, 0
0.04608692, 0, 1
0.04608967, 0, 0
0.04609027, 1, 0
0.04609300, 0, 0
0.04609360, 0, 1
0.04609635, 0, 0
0.04609695, 1, 0
0.04609968, 0, 0
0.04610028, 0, 1
0.04610303, 0, 0
0.04610363, 1, 0
0.04610636, 0, 0
0.04610696, 0, 1
0.04610971, 0, 0
0.04611030, 1, 0
0.04611304, 0, 0
0.04611364, 0, 1
0.04611639, 0, 0
0.04611698, 1, 0
0.04611972, 0, 0
0.04612032, 0, 1
0.04612307, 0, 0
0.04612366, 1, 0
0.04612640, 0, 0
0.04612700, 0, 1
0.04612974, 0, 0
0.04613034, 1, 0
0.04613308, 0, 0
0.04613368, 0, 1
0.04613642, 0, 0
0.04613702, 1, 0
0.04613976, 0, 0
0.04614036, 0, 1
0.04614310, 0, 0
0.04614370, 1, 0
0.04614644, 0, 0
0.04614704, 0, 1
0.04614978, 0, 0
0.04615038, 1, 0
0.04615312, 0, 0
0.04615371, 0, 1
0.04615646, 0, 0
0.04615706, 1, 0
0.04615980, 0, 0
0.04616039, 0, 1
0.04616314, 0, 0
0.04616374, 1, 0
0.04616648, 0, 0
0.04616707, 0, 1
0.04616982, 0, 0
0.04617042, 1, 0
0.04617316, 0, 0
0.04617375, 0, 1
0.04617650, 0, 0
0.04617710, 1, 0
0.04617984, 0, 0
0.04618043, 0, 1
0.04618318, 0, 0
0.04618378, 1, 0
0.04618652, 0, 0
0.04618711, 0, 1
0.04618986, 0, 0
0.04619046, 1, 0
0.04619320, 0, 0
0.04619379, 0, 1
0.04619654, 0, 0
0.04619714, 1, 0
0.04619988, 0, 0
0.04620047, 0, 1
0.04620322, 0, 0
0.04620382, 1, 0
0.04620655, 0, 0
0.04620715, 0, 1
0.04620990, 0, 0
0.04621050, 1, 0
0.04621323, 0, 0
0.04621383, 0, 1
0.04621658, 0, 0
0.04621718, 1, 0
0.04621991, 0, 0
0.04622051, 0, 1
0.04622326, 0, 0
0.04622386, 1, 0
0.04622659, 0, 0
0.04622719, 0, 1
0.04622994, 0, 0
0.04623054, 1, 0
0.04623327, 0, 0
0.04623387, 0, 1
0.04623662, 0, 0
0.04623722, 1, 0
0.04623995, 0, 0
0.04624055, 0, 1
0.04624330, 0, 0
0.04624390, 1, 0
0.04624663, 0, 0
0.04624723, 0, 1
0.04624998, 0, 0
0.04625058, 1, 0
0.04625331, 0, 0
0.04625391, 0, 1
0.04625666, 0, 0
0.04625726, 1, 0
0.04625999, 0, 0
0.04626059, 0, 1
0.04626334, 0, 0
0.04626394, 1, 0
0.04626667, 0, 0
0.04626727, 0, 1
0.04627002, 0, 0
0.04627062, 1, 0
0.04627335, 0, 0
0.04627395, 0, 1
0.04627670, 0, 0
0.04627730, 1, 0
0.04628003, 0, 0
0.04628063, 0, 1
0.04628338, 0, 0
0.04628398, 1, 0
0.04628671, 0, 0
0.04628731, 0, 1
0.04629006, 0, 0
0.04629065, 1, 0
0.04629339, 0, 0
0.04629399, 0, 1
0.04629674, 0, 0
0.04629733, 1, 0
0.04630007, 0, 0
0.04630067, 0, 1
0.04630341, 0, 0
0.04630401, 1, 0
0.04630675, 0, 0
0.04630734, 0, 1
0.04631009, 0, 0
0.04631069, 1, 0
0.04631343, 0, 0
0.04631402, 0, 1
0.04631677, 0, 0
0.04631737, 1, 0
0.04632011, 0, 0
0.04632070, 0, 1
0.04632345, 0, 0
0.04632405, 1, 0
0.04632679, 0, 0
0.04632738, 0, 1
0.04633013, 0, 0
0.04633073, 1, 0
0.04633347, 0, 0
0.04633406, 0, 1
0.04633681, 0, 0
0.04633741, 1, 0
0.04634015, 0, 0
0.04634074, 0, 1
0.04634349, 0, 0
0.04634409, 1, 0
0.04634683, 0, 0
0.04634742, 0, 1
0.04635017, 0, 0
0.04635077, 1, 0
0.04635351, 0, 0
0.04635410, 0, 1
0.04635685, 0, 0
0.04635745, 1, 0
0.04636019, 0, 0
0.04636078, 0, 1
0.04636353, 0, 0
0.04636413, 1, 0
0.04636687, 0, 0
0.04636746, 0, 1
0.04637021, 0, 0
0.04637081, 1, 0
0.04637354, 0, 0
0.04637414, 0, 1
0.04637689, 0, 0
0.04637749, 1, 0
0.04638022, 0, 0
0.04638082, 0, 1
0.04638357, 0, 0
0.04638417, 1, 0
0.04638690, 0, 0
0.04638750, 0, 1
0.04639025, 0, 0
0.04639085, 1, 0
0.04639358, 0, 0
0.04639418, 0, 1
0.04639693, 0, 0
0.04639753, 1, 0
0.04640026, 0, 0
0.04640086, 0, 1
0.04640361, 0, 0
0.04640421, 1, 0
0.04640694, 0, 0
0.04640754, 0, 1
0.04641029, 0, 0
0.04641089, 1, 0
0.04641362, 0, 0
0.04641422, 0, 1
0.04641697, 0, 0
0.04641757, 1, 0
0.04642030, 0, 0
0.04642090, 0, 1
0.04642365, 0, 0
0.04642425, 1, 0
0.04642698, 0, 0
0.04642758, 0, 1
0.04643033, 0, 0
0.04643093, 1, 0
0.04643366, 0, 0
0.04643426, 0, 1
0.04643701, 0, 0
0.04643761, 1, 0
0.04644034, 0, 0
0.04644094, 0, 1
0.04644369, 0, 0
0.04644429, 1, 0
0.04644702, 0, 0
0.04644762, 0, 1
0.04645037, 0, 0
0.04645096, 1, 0
0.04645370, 0, 0
0.04645430, 0, 1
0.04645705, 0, 0
0.04645764, 1, 0
0.04646038, 0, 0
0.04646098, 0, 1
0.04646373, 0, 0
0.04646432, 1, 0
0.04646706, 0, 0
0.04646766, 0, 1
0.04647041, 0, 0
0.04647100, 1, 0
0.04647374, 0, 0
0.04647434, 0, 1
0.04647708, 0, 0
0.04647768, 1, 0
0.04648042, 0, 0
0.04648102, 0, 1
0.04648376, 0, 0
0.04648436, 1, 0
0.04648710, 0, 0
0.04648769, 0, 1
0.04649044, 0, 0
0.04649104, 1, 0
0.04649378, 0, 0
0.04649437, 0, 1
0.04649712, 0, 0
0.04649772, 1, 0
0.04650046, 0, 0
0.04650105, 0, 1
0.04650380, 0, 0
0.04650440, 1, 0
0.04650714, 0, 0
0.04650773, 0, 1
0.04651048, 0, 0
0.04651108, 1, 0
0.04651382, 0, 0
0.04651441, 0, 1
0.04651716, 0, 0
0.04651776, 1, 0
0.04652050, 0, 0
0.04652109, 0, 1
0.04652384, 0, 0
0.04652444, 1, 0
0.04652718, 0, 0
0.04652777, 0, 1
0.04653052, 0, 0
0.04653112, 1, 0
0.04653386, 0, 0
0.04653445, 0, 1
0.04653720, 0, 0
0.04653780, 1, 0
0.04654053, 0, 0
0.04654113, 0, 1
0.04654388, 0, 0
0.04654448, 1, 0
0.04654721, 0, 0
0.04654781, 0, 1
0.04655056, 0, 0
0.04655116, 1, 0
0.04655389, 0, 0
0.04655449, 0, 1
0.04655724, 0, 0
0.04655784, 1, 0
0.04656057, 0, 0
0.04656117, 0, 1
0.04656392, 0, 0
0.04656452, 1, 0
0.04656725, 0, 0
0.04656785, 0, 1
0.04657060, 0, 0
0.04657120, 1, 0
0.04657393, 0, 0
0.04657453, 0, 1
0.04657728, 0, 0
0.04657788, 1, 0
0.04658061, 0, 0
0.04658121, 0, 1
0.04658396, 0, 0
0.04658456, 1, 0
0.04658729, 0, 0
0.04658789, 0, 1
0.04659064, 0, 0
0.04659124, 1, 0
0.04659397, 0, 0
0.04659457, 0, 1
0.04659732, 0, 0
0.04659792, 1, 0
0.04660065, 0, 0
0.04660125, 0, 1
0.04660400, 0, 0
0.04660460, 1, 0
0.04660733, 0, 0
0.04660793, 0, 1
0.04661068, 0, 0
0.04661128, 1, 0
0.04661401, 0, 0
0.04661461, 0, 1
0.04661736, 0, 0
0.04661796, 1, 0
0.04662069, 0, 0
0.04662129, 0, 1
0.04662404, 0, 0
0.04662463, 1, 0
0.04662737, 0, 0
0.04662797, 0, 1
0.04663072, 0, 0
0.04663131, 1, 0
0.04663405, 0, 0
0.04663465, 0, 1
0.04663740, 0, 0
0.04663799, 1, 0
0.04664073, 0, 0
0.04664133, 0, 1
0.04664408, 0, 0
0.04664467, 1, 0
0.04664741, 0, 0
0.04664801, 0, 1
0.04665075, 0, 0
0.04665135, 1, 0
0.04665409, 0, 0
0.04665468, 0, 1
0.04665743, 0, 0
0.04665803, 1, 0
0.04666077, 0, 0
0.04666136, 0, 1
0.04666411, 0, 0
0.04666471, 1, 0
0.04666745, 0, 0
0.04666804, 0, 1
0.04667079, 0, 0
0.04667139, 1, 0
0.04667413, 0, 0
0.04667472, 0, 1
0.04667747, 0, 0
0.04667807, 1, 0
0.04668081, 0, 0
0.04668140, 0, 1
0.04668415, 0, 0
0.04668475, 1, 0
0.04668749, 0, 0
0.04668808, 0, 1
0.04669083, 0, 0
0.04669143, 1, 0
0.04669417, 0, 0
0.04669476, 0, 1
0.04669751, 0, 0
0.04669811, 1, 0
0.04670085, 0, 0
0.04670144, 0, 1
0.04670419, 0, 0
0.04670479, 1, 0
0.04670753, 0, 0
0.04670812, 0, 1
0.04671087, 0, 0
0.04671147, 1, 0
0.04671420, 0, 0
0.04671480, 0, 1
0.04671755, 0, 0
0.04671815, 1, 0
0.04672088, 0, 0
0.04672148, 0, 1
0.04672423, 0, 0
0.04672483, 1, 0
0.04672756, 0, 0
0.04672816, 0, 1
0.04673091, 0, 0
0.04673151, 1, 0
0.04673424, 0, 0
0.04673484, 0, 1
0.04673759, 0, 0
0.04673819, 1, 0
0.04674092, 0, 0
0.04674152, 0, 1
0.04674427, 0, 0
0.04674487, 1, 0
0.04674760, 0, 0
0.04674820, 0, 1
0.04675095, 0, 0
0.04675155, 1, 0
0.04675428, 0, 0
0.04675488, 0, 1
0.04675763, 0, 0
0.04675823, 1, 0
0.04676096, 0, 0
0.04676156, 0, 1
0.04676431, 0, 0
0.04676491, 1, 0
0.04676764, 0, 0
0.04676824, 0, 1
0.04677099, 0, 0
0.04677159, 1, 0
0.04677432, 0, 0
0.04677492, 0, 1
0.04677767, 0, 0
0.04677827, 1, 0
0.04678100, 0, 0
0.04678160, 0, 1
0.04678435, 0, 0
0.04678495, 1, 0
0.04678768, 0, 0
0.04678828, 0, 1
0.04679103, 0, 0
0.04679163, 1, 0
0.04679436, 0, 0
0.04679496, 0, 1
0.04679771, 0, 0
0.04679831, 1, 0
0.04680104, 0, 0
0.04680164, 0, 1
0.04680439, 0, 0
0.04680498, 1, 0
0.04680772, 0, 0
0.04680832, 0, 1
0.04681106, 0, 0
0.04681166, 1, 0
0.04681440, 0, 0
0.04681500, 0, 1
0.04681774, 0, 0
0.04681834, 1, 0
0.04682108, 0, 0
0.04682168, 0, 1
0.04682442, 0, 0
0.04682502, 1, 0
0.04682776, 0, 0
0.04682836, 0, 1
0.04683110, 0, 0
0.04683170, 1, 0
0.04683444, 0, 0
0.04683503, 0, 1
0.04683778, 0, 0
0.04683838, 1, 0
0.04684112, 0, 0
0.04684171, 0, 1
0.04684446, 0, 0
0.04684506, 1, 0
0.04684780, 0, 0
0.04684839, 0, 1
0.04685114, 0, 0
0.04685174, 1, 0
0.04685448, 0, 0
0.04685507, 0, 1
0.04685782, 0, 0
0.04685842, 1, 0
0.04686116, 0, 0
0.04686175, 0, 1
0.04686450, 0, 0
0.04686510, 1, 0
0.04686784, 0, 0
0.04686843, 0, 1
0.04687118, 0, 0
0.04687178, 1, 0
0.04687452, 0, 0
0.04687511, 0, 1
0.04687786, 0, 0
0.04687846, 1, 0
0.04688120, 0, 0
0.04688179, 0, 1
0.04688454, 0, 0
0.04688514, 1, 0
0.04688788, 0, 0
0.04688847, 0, 1
0.04689122, 0, 0
0.04689182, 1, 0
0.04689455, 0, 0
0.04689515, 0, 1
0.04689790, 0, 0
0.04689850, 1, 0
0.04690123, 0, 0
0.04690183, 0, 1
0.04690458, 0, 0
0.04690518, 1, 0
0.04690791, 0, 0
0.04690851, 0, 1
0.04691126, 0, 0
0.04691186, 1, 0
0.04691459, 0, 0
0.04691519, 0, 1
0.04691794, 0, 0
0.04691854, 1, 0
0.04692127, 0, 0
0.04692187, 0, 1
0.04692462, 0, 0
0.04692522, 1, 0
0.04692795, 0, 0
0.04692855, 0, 1
0.04693130, 0, 0
0.04693190, 1, 0
0.04693463, 0, 0
0.04693523, 0, 1
0.04693798, 0, 0
0.04693858, 1, 0
0.04694131, 0, 0
0.04694191, 0, 1
0.04694466, 0, 0
0.04694526, 1, 0
0.04694799, 0, 0
0.04694859, 0, 1
0.04695134, 0, 0
0.04695194, 1, 0
0.04695467, 0, 0
0.04695527, 0, 1
0.04695802, 0, 0
0.04695862, 1, 0
0.04696135, 0, 0
0.04696195, 0, 1
0.04696470, 0, 0
0.04696530, 1, 0
0.04696803, 0, 0
0.04696863, 0, 1
0.04697138, 0, 0
0.04697198, 1, 0
0.04697471, 0, 0
0.04697531, 0, 1
0.04697806, 0, 0
0.04697865, 1, 0
0.04698139, 0, 0
0.04698199, 0, 1
0.04698473, 0, 0
0.04698533, 1, 0
0.04698807, 0, 0
0.04698867, 0, 1
0.04699141, 0, 0
0.04699201, 1, 0
0.04699475, 0, 0
0.04699535, 0, 1
0.04699809, 0, 0
0.04699869, 1, 0
0.04700143, 0, 0
0.04700202, 0, 1
0.04700477, 0, 0
0.04700537, 1, 0
0.04700811, 0, 0
0.04700870, 0, 1
0.04701145, 0, 0
0.04701205, 1, 0
0.04701479, 0, 0
0.04701538, 0, 1
0.04701813, 0, 0
0.04701873, 1, 0
0.04702147, 0, 0
0.04702206, 0, 1
0.04702481, 0, 0
0.04702541, 1, 0
0.04702815, 0, 0
0.04702874, 0, 1
0.04703149, 0, 0
0.04703209, 1, 0
0.04703483, 0, 0
0.04703542, 0, 1
0.04703817, 0, 0
0.04703877, 1, 0
0.04704151, 0, 0
0.04704210, 0, 1
0.04704485, 0, 0
0.04704545, 1, 0
0.04704819, 0, 0
0.04704878, 0, 1
0.04705153, 0, 0
0.04705213, 1, 0
0.04705486, 0, 0
0.04705546, 0, 1
0.04705821, 0, 0
0.04705881, 1, 0
0.04706154, 0, 0
0.04706214, 0, 1
0.04706489, 0, 0
0.04706549, 1, 0
0.04706822, 0, 0
0.04706882, 0, 1
0.04707157, 0, 0
0.04707217, 1, 0
0.04707490, 0, 0
0.04707550, 0, 1
0.04707825, 0, 0
0.04707885, 1, 0
0.04708158, 0, 0
0.04708218, 0, 1
0.04708493, 0, 0
0.04708553, 1, 0
0.04708826, 0, 0
0.04708886, 0, 1
0.04709161, 0, 0
0.04709221, 1, 0
0.04709494, 0, 0
0.04709554, 0, 1
0.04709829, 0, 0
0.04709889, 1, 0
0.04710162, 0, 0
0.04710222, 0, 1
0.04710497, 0, 0
0.04710557, 1, 0
0.04710830, 0, 0
0.04710890, 0, 1
0.04711165, 0, 0
0.04711225, 1, 0
0.04711498, 0, 0
0.04711558, 0, 1
0.04711833, 0, 0
0.04711893, 1, 0
0.04712166, 0, 0
0.04712226, 0, 1
0.04712501, 0, 0
0.04712561, 1, 0
0.04712834, 0, 0
0.04712894, 0, 1
0.04713169, 0, 0
0.04713229, 1, 0
0.04713502, 0, 0
0.04713562, 0, 1
0.04713837, 0, 0
0.04713897, 1, 0
0.04714170, 0, 0
0.04714230, 0, 1
0.04714505, 0, 0
0.04714564, 1, 0
0.04714838, 0, 0
0.04714898, 0, 1
0.04715172, 0, 0
0.04715232, 1, 0
0.04715506, 0, 0
0.04715566, 0, 1
0.04715840, 0, 0
0.04715900, 1, 0
0.04716174, 0, 0
0.04716233, 0, 1
0.04716508, 0, 0
0.04716568, 1, 0
0.04716842, 0, 0
0.04716901, 0, 1
0.04717176, 0, 0
0.04717236, 1, 0
0.04717510, 0, 0
0.04717569, 0, 1
0.04717844, 0, 0
0.04717904, 1, 0
0.04718178, 0, 0
0.04718237, 0, 1
0.04718512, 0, 0
0.04718572, 1, 0
0.04718846, 0, 0
0.04718905, 0, 1
0.04719180, 0, 0
0.04719240, 1, 0
0.04719514, 0, 0
0.04719573, 0, 1
0.04719848, 0, 0
0.04719908, 1, 0
0.04720182, 0, 0
0.04720241, 0, 1
0.04720516, 0, 0
0.04720576, 1, 0
0.04720850, 0, 0
0.04720909, 0, 1
0.04721184, 0, 0
0.04721244, 1, 0
0.04721518, 0, 0
0.04721577, 0, 1
0.04721852, 0, 0
0.04721912, 1, 0
0.04722186, 0, 0
0.04722245, 0, 1
0.04722520, 0, 0
0.04722580, 1, 0
0.04722853, 0, 0
0.04722913, 0, 1
0.04723188, 0, 0
0.04723248, 1, 0
0.04723521, 0, 0
0.04723581, 0, 1
0.04723856, 0, 0
0.04723916, 1, 0
0.04724189, 0, 0
0.04724249, 0, 1
0.04724524, 0, 0
0.04724584, 1, 0
0.04724857, 0, 0
0.04724917, 0, 1
0.04725192, 0, 0
0.04725252, 1, 0
0.04725525, 0, 0
0.04725585, 0, 1
0.04725860, 0, 0
0.04725920, 1, 0
0.04726193, 0, 0
0.04726253, 0, 1
0.04726528, 0, 0
0.04726588, 1, 0
0.04726861, 0, 0
0.04726921, 0, 1
0.04727196, 0, 0
0.04727256, 1, 0
0.04727529, 0, 0
0.04727589, 0, 1
0.04727864, 0, 0
0.04727924, 1, 0
0.04728197, 0, 0
0.04728257, 0, 1
0.04728532, 0, 0
0.04728592, 1, 0
0.04728865, 0, 0
0.04728925, 0, 1
0.04729200, 0, 0
0.04729260, 1, 0
0.04729533, 0, 0
0.04729593, 0, 1
0.04729868, 0, 0
0.04729928, 1, 0
0.04730201, 0, 0
0.04730261, 0, 1
0.04730536, 0, 0
0.04730596, 1, 0
0.04730869, 0, 0
0.04730929, 0, 1
0.04731204, 0, 0
0.04731264, 1, 0
0.04731537, 0, 0
0.04731597, 0, 1
0.04731872, 0, 0
0.04731931, 1, 0
0.04732205, 0, 0
0.04732265, 0, 1
0.04732540, 0, 0
0.04732599, 1, 0
0.04732873, 0, 0
0.04732933, 0, 1
0.04733207, 0, 0
0.04733267, 1, 0
0.04733541, 0, 0
0.04733600, 0, 1
0.04733875, 0, 0
0.04733935, 1, 0
0.04734209, 0, 0
0.04734268, 0, 1
0.04734543, 0, 0
0.04734603, 1, 0
0.04734877, 0, 0
0.04734936, 0, 1
0.04735211, 0, 0
0.04735271, 1, 0
0.04735545, 0, 0
0.04735604, 0, 1
0.04735879, 0, 0
0.04735939, 1, 0
0.04736213, 0, 0
0.04736272, 0, 1
0.04736547, 0, 0
0.04736607, 1, 0
0.04736881, 0, 0
0.04736940, 0, 1
0.04737215, 0, 0
0.04737275, 1, 0
0.04737549, 0, 0
0.04737608, 0, 1
0.04737883, 0, 0
0.04737943, 1, 0
0.04738217, 0, 0
0.04738276, 0, 1
0.04738551, 0, 0
0.04738611, 1, 0
0.04738885, 0, 0
0.04738944, 0, 1
0.04739219, 0, 0
0.04739279, 1, 0
0.04739553, 0, 0
0.04739612, 0, 1
0.04739887, 0, 0
0.04739947, 1, 0
0.04740221, 0, 0
0.04740280, 0, 1
0.04740555, 0, 0
0.04740615, 1, 0
0.04740888, 0, 0
0.04740948, 0, 1
0.04741223, 0, 0
0.04741283, 1, 0
0.04741556, 0, 0
0.04741616, 0, 1
0.04741891, 0, 0
0.04741951, 1, 0
0.04742224, 0, 0
0.04742284, 0, 1
0.04742559, 0, 0
0.04742619, 1, 0
0.04742892, 0, 0
0.04742952, 0, 1
0.04743227, 0, 0
0.04743287, 1, 0
0.04743560, 0, 0
0.04743620, 0, 1
0.04743895, 0, 0
0.04743955, 1, 0
0.04744228, 0, 0
0.04744288, 0, 1
0.04744563, 0, 0
0.04744623, 1, 0
0.04744896, 0, 0
0.04744956, 0, 1
0.04745231, 0, 0
0.04745291, 1, 0
0.04745564, 0, 0
0.04745624, 0, 1
0.04745899, 0, 0
0.04745959, 1, 0
0.04746232, 0, 0
0.04746292, 0, 1
0.04746567, 0, 0
0.04746627, 1, 0
0.04746900, 0, 0
0.04746960, 0, 1
0.04747235, 0, 0
0.04747295, 1, 0
0.04747568, 0, 0
0.04747628, 0, 1
0.04747903, 0, 0
0.04747963, 1, 0
0.04748236, 0, 0
0.04748296, 0, 1
0.04748571, 0, 0
0.04748630, 1, 0
0.04748904, 0, 0
0.04748964, 0, 1
0.04749238, 0, 0
0.04749298, 1, 0
0.04749572, 0, 0
0.04749632, 0, 1
0.04749906, 0, 0
0.04749966, 1, 0
0.04750240, 0, 0
0.04750300, 0, 1
0.04750574, 0, 0
0.04750634, 1, 0
0.04750908, 0, 0
0.04750968, 0, 1
0.04751242, 0, 0
0.04751302, 1, 0
0.04751576, 0, 0
0.04751636, 0, 1
0.04751910, 0, 0
0.04751970, 1, 0
0.04752244, 0, 0
0.04752303, 0, 1
0.04752578, 0, 0
0.04752638, 1, 0
0.04752912, 0, 0
0.04752971, 0, 1
0.04753246, 0, 0
0.04753306, 1, 0
0.04753580, 0, 0
0.04753639, 0, 1
0.04753914, 0, 0
0.04753974, 1, 0
0.04754248, 0, 0
0.04754307, 0, 1
0.04754582, 0, 0
0.04754642, 1, 0
0.04754916, 0, 0
0.04754975, 0, 1
0.04755250, 0, 0
0.04755310, 1, 0
0.04755584, 0, 0
0.04755643, 0, 1
0.04755918, 0, 0
0.04755978, 1, 0
0.04756252, 0, 0
0.04756311, 0, 1
0.04756586, 0, 0
0.04756646, 1, 0
0.04756920, 0, 0
0.04756979, 0, 1
0.04757254, 0, 0
0.04757314, 1, 0
0.04757587, 0, 0
0.04757647, 0, 1
0.04757922, 0, 0
0.04757982, 1, 0
0.04758255, 0, 0
0.04758315, 0, 1
0.04758590, 0, 0
0.04758650, 1, 0
0.04758923, 0, 0
0.04758983, 0, 1
0.04759258, 0, 0
0.04759318, 1, 0
0.04759591, 0, 0
0.04759651, 0, 1
0.04759926, 0, 0
0.04759986, 1, 0
0.04760259, 0, 0
0.04760319, 0, 1
0.04760594, 0, 0
0.04760654, 1, 0
0.04760927, 0, 0
0.04760987, 0, 1
0.04761262, 0, 0
0.04761322, 1, 0
0.04761595, 0, 0
0.04761655, 0, 1
0.04761930, 0, 0
0.04761990, 1, 0
0.04762263, 0, 0
0.04762323, 0, 1
0.04762598, 0, 0
0.04762658, 1, 0
0.04762931, 0, 0
0.04762991, 0, 1
0.04763266, 0, 0
0.04763326, 1, 0
0.04763599, 0, 0
0.04763659, 0, 1
0.04763934, 0, 0
0.04763994, 1, 0
0.04764267, 0, 0
0.04764327, 0, 1
0.04764602, 0, 0
0.04764662, 1, 0
0.04764935, 0, 0
0.04764995, 0, 1
0.04765270, 0, 0
0.04765330, 1, 0
0.04765603, 0, 0
0.04765663, 0, 1
0.04765937, 0, 0
0.04765997, 1, 0
0.04766271, 0, 0
0.04766331, 0, 1
0.04766605, 0, 0
0.04766665, 1, 0
0.04766939, 0, 0
0.04766999, 0, 1
0.04767274, 0, 0
0.04767333, 1, 0
0.04767607, 0, 0
0.04767667, 0, 1
0.04767941, 0, 0
0.04768001, 1, 0
0.04768275, 0, 0
0.04768334, 0, 1
0.04768609, 0, 0
0.04768669, 1, 0
0.04768943, 0, 0
0.04769002, 0, 1
0.04769277, 0, 0
0.04769337, 1, 0
0.04769611, 0, 0
0.04769670, 0, 1
0.04769945, 0, 0
0.04770005, 1, 0
0.04770279, 0, 0
0.04770338, 0, 1
0.04770613, 0, 0
0.04770673, 1, 0
0.04770947, 0, 0
0.04771006, 0, 1
0.04771281, 0, 0
0.04771341, 1, 0
0.04771615, 0, 0
0.04771674, 0, 1
0.04771949, 0, 0
0.04772009, 1, 0
0.04772283, 0, 0
0.04772342, 0, 1
0.04772617, 0, 0
0.04772677, 1, 0
0.04772951, 0, 0
0.04773010, 0, 1
0.04773285, 0, 0
0.04773345, 1, 0
0.04773619, 0, 0
0.04773678, 0, 1
0.04773953, 0, 0
0.04774013, 1, 0
0.04774287, 0, 0
0.04774346, 0, 1
0.04774621, 0, 0
0.04774681, 1, 0
0.04774954, 0, 0
0.04775014, 0, 1
0.04775289, 0, 0
0.04775349, 1, 0
0.04775622, 0, 0
0.04775682, 0, 1
0.04775957, 0, 0
0.04776017, 1, 0
0.04776290, 0, 0
0.04776350, 0, 1
0.04776625, 0, 0
0.04776685, 1, 0
0.04776958, 0, 0
0.04777018, 0, 1
0.04777293, 0, 0
0.04777353, 1, 0
0.04777626, 0, 0
0.04777686, 0, 1
0.04777961, 0, 0
0.04778021, 1, 0
0.04778294, 0, 0
0.04778354, 0, 1
0.04778629, 0, 0
0.04778689, 1, 0
0.04778962, 0, 0
0.04779022, 0, 1
0.04779297, 0, 0
0.04779357, 1, 0
0.04779630, 0, 0
0.04779690, 0, 1
0.04779965, 0, 0
0.04780025, 1, 0
0.04780298, 0, 0
0.04780358, 0, 1
0.04780633, 0, 0
0.04780693, 1, 0
0.04780966, 0, 0
0.04781026, 0, 1
0.04781301, 0, 0
0.04781361, 1, 0
0.04781634, 0, 0
0.04781694, 0, 1
0.04781969, 0, 0
0.04782029, 1, 0
0.04782302, 0, 0
0.04782362, 0, 1
0.04782637, 0, 0
0.04782696, 1, 0
0.04782970, 0, 0
0.04783030, 0, 1
0.04783304, 0, 0
0.04783364, 1, 0
0.04783638, 0, 0
0.04783698, 0, 1
0.04783972, 0, 0
0.04784032, 1, 0
0.04784306, 0, 0
0.04784366, 0, 1
0.04784640, 0, 0
0.04784700, 1, 0
0.04784974, 0, 0
0.04785033, 0, 1
0.04785308, 0, 0
0.04785368, 1, 0
0.04785642, 0, 0
0.04785701, 0, 1
0.04785976, 0, 0
0.04786036, 1, 0
0.04786310, 0, 0
0.04786369, 0, 1
0.04786644, 0, 0
0.04786704, 1, 0
0.04786978, 0, 0
0.04787037, 0, 1
0.04787312, 0, 0
0.04787372, 1, 0
0.04787646, 0, 0
0.04787705, 0, 1
0.04787980, 0, 0
0.04788040, 1, 0
0.04788314, 0, 0
0.04788373, 0, 1
0.04788648, 0, 0
0.04788708, 1, 0
0.04788982, 0, 0
0.04789041, 0, 1
0.04789316, 0, 0
0.04789376, 1, 0
0.04789650, 0, 0
0.04789709, 0, 1
0.04789984, 0, 0
0.04790044, 1, 0
0.04790318, 0, 0
0.04790377, 0, 1
0.04790652, 0, 0
0.04790712, 1, 0
0.04790985, 0, 0
0.04791045, 0, 1
0.04791320, 0, 0
0.04791380, 1, 0
0.04791654, 0, 0
0.04791713, 0, 1
0.04791988, 0, 0
0.04792048, 1, 0
0.04792321, 0, 0
0.04792381, 0, 1
0.04792656, 0, 0
0.04792716, 1, 0
0.04792989, 0, 0
0.04793049, 0, 1
0.04793324, 0, 0
0.04793384, 1, 0
0.04793657, 0, 0
0.04793717, 0, 1
0.04793992, 0, 0
0.04794052, 1, 0
0.04794325, 0, 0
0.04794385, 0, 1
0.04794660, 0, 0
0.04794720, 1, 0
0.04794993, 0, 0
0.04795053, 0, 1
0.04795328, 0, 0
0.04795388, 1, 0
0.04795661, 0, 0
0.04795721, 0, 1
0.04795996, 0, 0
0.04796056, 1, 0
0.04796329, 0, 0
0.04796389, 0, 1
0.04796664, 0, 0
0.04796724, 1, 0
0.04796997, 0, 0
0.04797057, 0, 1
0.04797332, 0, 0
0.04797392, 1, 0
0.04797665, 0, 0
0.04797725, 0, 1
0.04798000, 0, 0
0.04798060, 1, 0
0.04798333, 0, 0
0.04798393, 0, 1
0.04798668, 0, 0
0.04798728, 1, 0
0.04799001, 0, 0
0.04799061, 0, 1
0.04799336, 0, 0
0.04799396, 1, 0
0.04799669, 0, 0
0.04799729, 0, 1
0.04800004, 0, 0
0.04800064, 1, 0
0.04800337, 0, 0
0.04800397, 0, 1
0.04800672, 0, 0
0.04800731, 1, 0
0.04801005, 0, 0
0.04801065, 0, 1
0.04801339, 0, 0
0.04801399, 1, 0
0.04801673, 0, 0
0.04801732, 0, 1
0.04802007, 0, 0
0.04802067, 1, 0
0.04802341, 0, 0
0.04802400, 0, 1
0.04802675, 0, 0
0.04802735, 1, 0
0.04803009, 0, 0
0.04803068, 0, 1
0.04803343, 0, 0
0.04803403, 1, 0
0.04803677, 0, 0
0.04803736, 0, 1
0.04804011, 0, 0
0.04804071, 1, 0
0.04804345, 0, 0
0.04804404, 0, 1
0.04804679, 0, 0
0.04804739, 1, 0
0.04805013, 0, 0
0.04805072, 0, 1
0.04805347, 0, 0
0.04805407, 1, 0
0.04805681, 0, 0
0.04805740, 0, 1
0.04806015, 0, 0
0.04806075, 1, 0
0.04806349, 0, 0
0.04806408, 0, 1
0.04806683, 0, 0
0.04806743, 1, 0
0.04807017, 0, 0
0.04807076, 0, 1
0.04807351, 0, 0
0.04807411, 1, 0
0.04807685, 0, 0
0.04807744, 0, 1
0.04808019, 0, 0
0.04808079, 1, 0
0.04808353, 0, 0
0.04808412, 0, 1
0.04808687, 0, 0
0.04808747, 1, 0
0.04809020, 0, 0
0.04809080, 0, 1
0.04809355, 0, 0
0.04809415, 1, 0
0.04809688, 0, 0
0.04809748, 0, 1
0.04810023, 0, 0
0.04810083, 1, 0
0.04810356, 0, 0
0.04810416, 0, 1
0.04810691, 0, 0
0.04810751, 1, 0
0.04811024, 0, 0
0.04811084, 0, 1
0.04811359, 0, 0
0.04811419, 1, 0
0.04811692, 0, 0
0.04811752, 0, 1
0.04812027, 0, 0
0.04812087, 1, 0
0.04812360, 0, 0
0.04812420, 0, 1
0.04812695, 0, 0
0.04812755, 1, 0
0.04813028, 0, 0
0.04813088, 0, 1
0.04813363, 0, 0
0.04813423, 1, 0
0.04813696, 0, 0
0.04813756, 0, 1
0.04814031, 0, 0
0.04814091, 1, 0
0.04814364, 0, 0
0.04814424, 0, 1
0.04814699, 0, 0
0.04814759, 1, 0
0.04815032, 0, 0
0.04815092, 0, 1
0.04815367, 0, 0
0.04815427, 1, 0
0.04815700, 0, 0
0.04815760, 0, 1
0.04816035, 0, 0
0.04816095, 1, 0
0.04816368, 0, 0
0.04816428, 0, 1
0.04816703, 0, 0
0.04816763, 1, 0
0.04817036, 0, 0
0.04817096, 0, 1
0.04817371, 0, 0
0.04817430, 1, 0
0.04817704, 0, 0
0.04817764, 0, 1
0.04818038, 0, 0
0.04818098, 1, 0
0.04818372, 0, 0
0.04818432, 0, 1
0.04818706, 0, 0
0.04818766, 1, 0
0.04819040, 0, 0
0.04819100, 0, 1
0.04819374, 0, 0
0.04819434, 1, 0
0.04819708, 0, 0
0.04819767, 0, 1
0.04820042, 0, 0
0.04820102, 1, 0
0.04820376, 0, 0
0.04820435, 0, 1
0.04820710, 0, 0
0.04820770, 1, 0
0.04821044, 0, 0
0.04821103, 0, 1
0.04821378, 0, 0
0.04821438, 1, 0
0.04821712, 0, 0
0.04821771, 0, 1
0.04822046, 0, 0
0.04822106, 1, 0
0.04822380, 0, 0
0.04822439, 0, 1
0.04822714, 0, 0
0.04822774, 1, 0
0.04823048, 0, 0
0.04823107, 0, 1
0.04823382, 0, 0
0.04823442, 1, 0
0.04823716, 0, 0
0.04823775, 0, 1
0.04824050, 0, 0
0.04824110, 1, 0
0.04824384, 0, 0
0.04824443, 0, 1
0.04824718, 0, 0
0.04824778, 1, 0
0.04825052, 0, 0
0.04825111, 0, 1
0.04825386, 0, 0
0.04825446, 1, 0
0.04825719, 0, 0
0.04825779, 0, 1
0.04826054, 0, 0
0.04826114, 1, 0
0.04826387, 0, 0
0.04826447, 0, 1
0.04826722, 0, 0
0.04826782, 1, 0
0.04827055, 0, 0
0.04827115, 0, 1
0.04827390, 0, 0
0.04827450, 1, 0
0.04827723, 0, 0
0.04827783, 0, 1
0.04828058, 0, 0
0.04828118, 1, 0
0.04828391, 0, 0
0.04828451, 0, 1
0.04828726, 0, 0
0.04828786, 1, 0
0.04829059, 0, 0
0.04829119, 0, 1
0.04829394, 0, 0
0.04829454, 1, 0
0.04829727, 0, 0
0.04829787, 0, 1
0.04830062, 0, 0
0.04830122, 1, 0
0.04830395, 0, 0
0.04830455, 0, 1
0.04830730, 0, 0
0.04830790, 1, 0
0.04831063, 0, 0
0.04831123, 0, 1
0.04831398, 0, 0
0.04831458, 1, 0
0.04831731, 0, 0
0.04831791, 0, 1
0.04832066, 0, 0
0.04832126, 1, 0
0.04832399, 0, 0
0.04832459, 0, 1
0.04832734, 0, 0
0.04832794, 1, 0
0.04833067, 0, 0
0.04833127, 0, 1
0.04833402, 0, 0
0.04833462, 1, 0
0.04833735, 0, 0
0.04833795, 0, 1
0.04834070, 0, 0
0.04834129, 1, 0
0.04834403, 0, 0
0.04834463, 0, 1
0.04834738, 0, 0
0.04834797, 1, 0
0.04835071, 0, 0
0.04835131, 0, 1
0.04835405, 0, 0
0.04835465, 1, 0
0.04835739, 0, 0
0.04835798, 0, 1
0.04836073, 0, 0
0.04836133, 1, 0
0.04836407, 0, 0
0.04836466, 0, 1
0.04836741, 0, 0
0.04836801, 1, 0
0.04837075, 0, 0
0.04837134, 0, 1
0.04837409, 0, 0
0.04837469, 1, 0
0.04837743, 0, 0
0.04837802, 0, 1
0.04838077, 0, 0
0.04838137, 1, 0
0.04838411, 0, 0
0.04838470, 0, 1
0.04838745, 0, 0
0.04838805, 1, 0
0.04839079, 0, 0
0.04839138, 0, 1
0.04839413, 0, 0
0.04839473, 1, 0
0.04839747, 0, 0
0.04839806, 0, 1
0.04840081, 0, 0
0.04840141, 1, 0
0.04840415, 0, 0
0.04840474, 0, 1
0.04840749, 0, 0
0.04840809, 1, 0
0.04841083, 0, 0
0.04841142, 0, 1
0.04841417, 0, 0
0.04841477, 1, 0
0.04841751, 0, 0
0.04841810, 0, 1
0.04842085, 0, 0
0.04842145, 1, 0
0.04842418, 0, 0
0.04842478, 0, 1
0.04842753, 0, 0
0.04842813, 1, 0
0.04843086, 0, 0
0.04843146, 0, 1
0.04843421, 0, 0
0.04843481, 1, 0
0.04843754, 0, 0
0.04843814, 0, 1
0.04844089, 0, 0
0.04844149, 1, 0
0.04844422, 0, 0
0.04844482, 0, 1
0.04844757, 0, 0
0.04844817, 1, 0
0.04845090, 0, 0
0.04845150, 0, 1
0.04845425, 0, 0
0.04845485, 1, 0
0.04845758, 0, 0
0.04845818, 0, 1
0.04846093, 0, 0
0.04846153, 1, 0
0.04846426, 0, 0
0.04846486, 0, 1
0.04846761, 0, 0
0.04846821, 1, 0
0.04847094, 0, 0
0.04847154, 0, 1
0.04847429, 0, 0
0.04847489, 1, 0
0.04847762, 0, 0
0.04847822, 0, 1
0.04848097, 0, 0
0.04848157, 1, 0
0.04848430, 0, 0
0.04848490, 0, 1
0.04848765, 0, 0
0.04848825, 1, 0
0.04849098, 0, 0
0.04849158, 0, 1
0.04849433, 0, 0
0.04849493, 1, 0
0.04849766, 0, 0
0.04849826, 0, 1
0.04850101, 0, 0
0.04850161, 1, 0
0.04850434, 0, 0
0.04850494, 0, 1
0.04850769, 0, 0
0.04850829, 1, 0
0.04851102, 0, 0
0.04851162, 0, 1
0.04851437, 0, 0
0.04851496, 1, 0
0.04851770, 0, 0
0.04851830, 0, 1
0.04852104, 0, 0
0.04852164, 1, 0
0.04852438, 0, 0
0.04852498, 0, 1
0.04852772, 0, 0
0.04852832, 1, 0
0.04853106, 0, 0
0.04853166, 0, 1
0.04853440, 0, 0
0.04853500, 1, 0
0.04853774, 0, 0
0.04853833, 0, 1
0.04854108, 0, 0
0.04854168, 1, 0
0.04854442, 0, 0
0.04854501, 0, 1
0.04854776, 0, 0
0.04854836, 1, 0
0.04855110, 0, 0
0.04855169, 0, 1
0.04855444, 0, 0
0.04855504, 1, 0
0.04855778, 0, 0
0.04855837, 0, 1
0.04856112, 0, 0
0.04856172, 1, 0
0.04856446, 0, 0
0.04856505, 0, 1
0.04856780, 0, 0
0.04856840, 1, 0
0.04857114, 0, 0
0.04857173, 0, 1
0.04857448, 0, 0
0.04857508, 1, 0
0.04857782, 0, 0
0.04857841, 0, 1
0.04858116, 0, 0
0.04858176, 1, 0
0.04858450, 0, 0
0.04858509, 0, 1
0.04858784, 0, 0
0.04858844, 1, 0
0.04859118, 0, 0
0.04859177, 0, 1
0.04859452, 0, 0
0.04859512, 1, 0
0.04859786, 0, 0
0.04859845, 0, 1
0.04860120, 0, 0
0.04860180, 1, 0
0.04860453, 0, 0
0.04860513, 0, 1
0.04860788, 0, 0
0.04860848, 1, 0
0.04861121, 0, 0
0.04861181, 0, 1
0.04861456, 0, 0
0.04861516, 1, 0
0.04861789, 0, 0
0.04861849, 0, 1
0.04862124, 0, 0
0.04862184, 1, 0
0.04862457, 0, 0
0.04862517, 0, 1
0.04862792, 0, 0
0.04862852, 1, 0
0.04863125, 0, 0
0.04863185, 0, 1
0.04863460, 0, 0
0.04863520, 1, 0
0.04863793, 0, 0
0.04863853, 0, 1
0.04864128, 0, 0
0.04864188, 1, 0
0.04864461, 0, 0
0.04864521, 0, 1
0.04864796, 0, 0
0.04864856, 1, 0
0.04865129, 0, 0
0.04865189, 0, 1
0.04865464, 0, 0
0.04865524, 1, 0
0.04865797, 0, 0
0.04865857, 0, 1
0.04866132, 0, 0
0.04866192, 1, 0
0.04866465, 0, 0
0.04866525, 0, 1
0.04866800, 0, 0
0.04866860, 1, 0
0.04867133, 0, 0
0.04867193, 0, 1
0.04867468, 0, 0
0.04867528, 1, 0
0.04867801, 0, 0
0.04867861, 0, 1
0.04868136, 0, 0
0.04868196, 1, 0
0.04868469, 0, 0
0.04868529, 0, 1
0.04868804, 0, 0
0.04868863, 1, 0
0.04869137, 0, 0
0.04869197, 0, 1
0.04869472, 0, 0
0.04869531, 1, 0
0.04869805, 0, 0
0.04869865, 0, 1
0.04870139, 0, 0
0.04870199, 1, 0
0.04870473, 0, 0
0.04870532, 0, 1
0.04870807, 0, 0
0.04870867, 1, 0
0.04871141, 0, 0
0.04871200, 0, 1
0.04871475, 0, 0
0.04871535, 1, 0
0.04871809, 0, 0
0.04871868, 0, 1
0.04872143, 0, 0
0.04872203, 1, 0
0.04872477, 0, 0
0.04872536, 0, 1
0.04872811, 0, 0
0.04872871, 1, 0
0.04873145, 0, 0
0.04873204, 0, 1
0.04873479, 0, 0
0.04873539, 1, 0
0.04873813, 0, 0
0.04873872, 0, 1
0.04874147, 0, 0
0.04874207, 1, 0
0.04874481, 0, 0
0.04874540, 0, 1
0.04874815, 0, 0
0.04874875, 1, 0
0.04875149, 0, 0
0.04875208, 0, 1
0.04875483, 0, 0
0.04875543, 1, 0
0.04875817, 0, 0
0.04875876, 0, 1
0.04876151, 0, 0
0.04876211, 1, 0
0.04876485, 0, 0
0.04876544, 0, 1
0.04876819, 0, 0
0.04876879, 1, 0
0.04877153, 0, 0
0.04877212, 0, 1
0.04877487, 0, 0
0.04877547, 1, 0
0.04877820, 0, 0
0.04877880, 0, 1
0.04878155, 0, 0
0.04878215, 1, 0
0.04878488, 0, 0
0.04878548, 0, 1
0.04878823, 0, 0
0.04878883, 1, 0
0.04879156, 0, 0
0.04879216, 0, 1
0.04879491, 0, 0
0.04879551, 1, 0
0.04879824, 0, 0
0.04879884, 0, 1
0.04880159, 0, 0
0.04880219, 1, 0
0.04880492, 0, 0
0.04880552, 0, 1
0.04880827, 0, 0
0.04880887, 1, 0
0.04881160, 0, 0
0.04881220, 0, 1
0.04881495, 0, 0
0.04881555, 1, 0
0.04881828, 0, 0
0.04881888, 0, 1
0.04882163, 0, 0
0.04882223, 1, 0
0.04882496, 0, 0
0.04882556, 0, 1
0.04882831, 0, 0
0.04882891, 1, 0
0.04883164, 0, 0
0.04883224, 0, 1
0.04883499, 0, 0
0.04883559, 1, 0
0.04883832, 0, 0
0.04883892, 0, 1
0.04884167, 0, 0
0.04884227, 1, 0
0.04884500, 0, 0
0.04884560, 0, 1
0.04884835, 0, 0
0.04884894, 1, 0
0.04885168, 0, 0
0.04885228, 0, 1
0.04885503, 0, 0
0.04885562, 1, 0
0.04885836, 0, 0
0.04885896, 0, 1
0.04886171, 0, 0
0.04886230, 1, 0
0.04886504, 0, 0
0.04886564, 0, 1
0.04886839, 0, 0
0.04886898, 1, 0
0.04887172, 0, 0
0.04887232, 0, 1
0.04887506, 0, 0
0.04887566, 1, 0
0.04887840, 0, 0
0.04887900, 0, 1
0.04888174, 0, 0
0.04888234, 1, 0
0.04888508, 0, 0
0.04888567, 0, 1
0.04888842, 0, 0
0.04888902, 1, 0
0.04889176, 0, 0
0.04889235, 0, 1
0.04889510, 0, 0
0.04889570, 1, 0
0.04889844, 0, 0
0.04889903, 0, 1
0.04890178, 0, 0
0.04890238, 1, 0
0.04890512, 0, 0
0.04890571, 0, 1
0.04890846, 0, 0
0.04890906, 1, 0
0.04891180, 0, 0
0.04891239, 0, 1
0.04891514, 0, 0
0.04891574, 1, 0
0.04891848, 0, 0
0.04891907, 0, 1
0.04892182, 0, 0
0.04892242, 1, 0
0.04892516, 0, 0
0.04892575, 0, 1
0.04892850, 0, 0
0.04892910, 1, 0
0.04893184, 0, 0
0.04893243, 0, 1
0.04893518, 0, 0
0.04893578, 1, 0
0.04893851, 0, 0
0.04893911, 0, 1
0.04894186, 0, 0
0.04894246, 1, 0
0.04894519, 0, 0
0.04894579, 0, 1
0.04894854, 0, 0
0.04894914, 1, 0
0.04895187, 0, 0
0.04895247, 0, 1
0.04895522, 0, 0
0.04895582, 1, 0
0.04895855, 0, 0
0.04895915, 0, 1
0.04896190, 0, 0
0.04896250, 1, 0
0.04896523, 0, 0
0.04896583, 0, 1
0.04896858, 0, 0
0.04896918, 1, 0
0.04897191, 0, 0
0.04897251, 0, 1
0.04897526, 0, 0
0.04897586, 1, 0
0.04897859, 0, 0
0.04897919, 0, 1
0.04898194, 0, 0
0.04898254, 1, 0
0.04898527, 0, 0
0.04898587, 0, 1
0.04898862, 0, 0
0.04898922, 1, 0
0.04899195, 0, 0
0.04899255, 0, 1
0.04899530, 0, 0
0.04899590, 1, 0
0.04899863, 0, 0
0.04899923, 0, 1
0.04900198, 0, 0
0.04900258, 1, 0
0.04900531, 0, 0
0.04900591, 0, 1
0.04900866, 0, 0
0.04900926, 1, 0
0.04901199, 0, 0
0.04901259, 0, 1
0.04901534, 0, 0
0.04901593, 1, 0
0.04901867, 0, 0
0.04901927, 0, 1
0.04902202, 0, 0
0.04902261, 1, 0
0.04902535, 0, 0
0.04902595, 0, 1
0.04902870, 0, 0
0.04902929, 1, 0
0.04903203, 0, 0
0.04903263, 0, 1
0.04903537, 0, 0
0.04903597, 1, 0
0.04903871, 0, 0
0.04903931, 0, 1
0.04904206, 0, 0
0.04904265, 1, 0
0.04904539, 0, 0
0.04904599, 0, 1
0.04904873, 0, 0
0.04904933, 1, 0
0.04905207, 0, 0
0.04905266, 0, 1
0.04905541, 0, 0
0.04905601, 1, 0
0.04905875, 0, 0
0.04905934, 0, 1
0.04906209, 0, 0
0.04906269, 1, 0
0.04906543, 0, 0
0.04906602, 0, 1
0.04906877, 0, 0
0.04906937, 1, 0
0.04907211, 0, 0
0.04907270, 0, 1
0.04907545, 0, 0
0.04907605, 1, 0
0.04907879, 0, 0
0.04907938, 0, 1
0.04908213, 0, 0
0.04908273, 1, 0
0.04908547, 0, 0
0.04908606, 0, 1
0.04908881, 0, 0
0.04908941, 1, 0
0.04909215, 0, 0
0.04909274, 0, 1
0.04909549, 0, 0
0.04909609, 1, 0
0.04909883, 0, 0
0.04909942, 0, 1
0.04910217, 0, 0
0.04910277, 1, 0
0.04910550, 0, 0
0.04910610, 0, 1
0.04910885, 0, 0
0.04910945, 1, 0
0.04911218, 0, 0
0.04911278, 0, 1
0.04911553, 0, 0
0.04911613, 1, 0
0.04911886, 0, 0
0.04911946, 0, 1
0.04912221, 0, 0
0.04912281, 1, 0
0.04912554, 0, 0
0.04912614, 0, 1
0.04912889, 0, 0
0.04912949, 1, 0
0.04913222, 0, 0
0.04913282, 0, 1
0.04913557, 0, 0
0.04913617, 1, 0
0.04913890, 0, 0
0.04913950, 0, 1
0.04914225, 0, 0
0.04914285, 1, 0
0.04914558, 0, 0
0.04914618, 0, 1
0.04914893, 0, 0
0.04914953, 1, 0
0.04915226, 0, 0
0.04915286, 0, 1
0.04915561, 0, 0
0.04915621, 1, 0
0.04915894, 0, 0
0.04915954, 0, 1
0.04916229, 0, 0
0.04916289, 1, 0
0.04916562, 0, 0
0.04916622, 0, 1
0.04916897, 0, 0
0.04916957, 1, 0
0.04917230, 0, 0
0.04917290, 0, 1
0.04917565, 0, 0
0.04917625, 1, 0
0.04917898, 0, 0
0.04917958, 0, 1
0.04918233, 0, 0
0.04918293, 1, 0
0.04918566, 0, 0
0.04918626, 0, 1
0.04918901, 0, 0
0.04918961, 1, 0
0.04919234, 0, 0
0.04919294, 0, 1
0.04919569, 0, 0
0.04919629, 1, 0
0.04919902, 0, 0
0.04919962, 0, 1
0.04920236, 0, 0
0.04920296, 1, 0
0.04920570, 0, 0
0.04920630, 0, 1
0.04920904, 0, 0
0.04920964, 1, 0
0.04921238, 0, 0
0.04921297, 0, 1
0.04921572, 0, 0
0.04921632, 1, 0
0.04921906, 0, 0
0.04921965, 0, 1
0.04922240, 0, 0
0.04922300, 1, 0
0.04922574, 0, 0
0.04922633, 0, 1
0.04922908, 0, 0
0.04922968, 1, 0
0.04923242, 0, 0
0.04923301, 0, 1
0.04923576, 0, 0
0.04923636, 1, 0
0.04923910, 0, 0
0.04923969, 0, 1
0.04924244, 0, 0
0.04924304, 1, 0
0.04924578, 0, 0
0.04924637, 0, 1
0.04924912, 0, 0
0.04924972, 1, 0
0.04925246, 0, 0
0.04925305, 0, 1
0.04925580, 0, 0
0.04925640, 1, 0
0.04925914, 0, 0
0.04925973, 0, 1
0.04926248, 0, 0
0.04926308, 1, 0
0.04926582, 0, 0
0.04926641, 0, 1
0.04926916, 0, 0
0.04926976, 1, 0
0.04927250, 0, 0
0.04927309, 0, 1
0.04927584, 0, 0
0.04927644, 1, 0
0.04927918, 0, 0
0.04927977, 0, 1
0.04928252, 0, 0
0.04928312, 1, 0
0.04928585, 0, 0
0.04928645, 0, 1
0.04928920, 0, 0
0.04928980, 1, 0
0.04929253, 0, 0
0.04929313, 0, 1
0.04929588, 0, 0
0.04929648, 1, 0
0.04929921, 0, 0
0.04929981, 0, 1
0.04930256, 0, 0
0.04930316, 1, 0
0.04930589, 0, 0
0.04930649, 0, 1
0.04930924, 0, 0
0.04930984, 1, 0
0.04931257, 0, 0
0.04931317, 0, 1
0.04931592, 0, 0
0.04931652, 1, 0
0.04931925, 0, 0
0.04931985, 0, 1
0.04932260, 0, 0
0.04932320, 1, 0
0.04932593, 0, 0
0.04932653, 0, 1
0.04932928, 0, 0
0.04932988, 1, 0
0.04933261, 0, 0
0.04933321, 0, 1
0.04933596, 0, 0
0.04933656, 1, 0
0.04933929, 0, 0
0.04933989, 0, 1
0.04934264, 0, 0
0.04934324, 1, 0
0.04934597, 0, 0
0.04934657, 0, 1
0.04934932, 0, 0
0.04934992, 1, 0
0.04935265, 0, 0
0.04935325, 0, 1
0.04935600, 0, 0
0.04935660, 1, 0
0.04935933, 0, 0
0.04935993, 0, 1
0.04936268, 0, 0
0.04936328, 1, 0
0.04936601, 0, 0
0.04936661, 0, 1
0.04936936, 0, 0
0.04936995, 1, 0
0.04937269, 0, 0
0.04937329, 0, 1
0.04937603, 0, 0
0.04937663, 1, 0
0.04937937, 0, 0
0.04937997, 0, 1
0.04938271, 0, 0
0.04938331, 1, 0
0.04938605, 0, 0
0.04938665, 0, 1
0.04938939, 0, 0
0.04938999, 1, 0
0.04939273, 0, 0
0.04939332, 0, 1
0.04939607, 0, 0
0.04939667, 1, 0
0.04939941, 0, 0
0.04940000, 0, 1
0.04940275, 0, 0
0.04940335, 1, 0
0.04940609, 0, 0
0.04940668, 0, 1
0.04940943, 0, 0
0.04941003, 1, 0
0.04941277, 0, 0
0.04941336, 0, 1
0.04941611, 0, 0
0.04941671, 1, 0
0.04941945, 0, 0
0.04942004, 0, 1
0.04942279, 0, 0
0.04942339, 1, 0
0.04942613, 0, 0
0.04942672, 0, 1
0.04942947, 0, 0
0.04943007, 1, 0
0.04943281, 0, 0
0.04943340, 0, 1
0.04943615, 0, 0
0.04943675, 1, 0
0.04943949, 0, 0
0.04944008, 0, 1
0.04944283, 0, 0
0.04944343, 1, 0
0.04944617, 0, 0
0.04944676, 0, 1
0.04944951, 0, 0
0.04945011, 1, 0
0.04945284, 0, 0
0.04945344, 0, 1
0.04945619, 0, 0
0.04945679, 1, 0
0.04945952, 0, 0
0.04946012, 0, 1
0.04946287, 0, 0
0.04946347, 1, 0
0.04946620, 0, 0
0.04946680, 0, 1
0.04946955, 0, 0
0.04947015, 1, 0
0.04947288, 0, 0
0.04947348, 0, 1
0.04947623, 0, 0
0.04947683, 1, 0
0.04947956, 0, 0
0.04948016, 0, 1
0.04948291, 0, 0
0.04948351, 1, 0
0.04948624, 0, 0
0.04948684, 0, 1
0.04948959, 0, 0
0.04949019, 1, 0
0.04949292, 0, 0
0.04949352, 0, 1
0.04949627, 0, 0
0.04949687, 1, 0
0.04949960, 0, 0
0.04950020, 0, 1
0.04950295, 0, 0
0.04950355, 1, 0
0.04950628, 0, 0
0.04950688, 0, 1
0.04950963, 0, 0
0.04951023, 1, 0
0.04951296, 0, 0
0.04951356, 0, 1
0.04951631, 0, 0
0.04951691, 1, 0
0.04951964, 0, 0
0.04952024, 0, 1
0.04952299, 0, 0
0.04952359, 1, 0
0.04952632, 0, 0
0.04952692, 0, 1
0.04952967, 0, 0
0.04953027, 1, 0
0.04953300, 0, 0
0.04953360, 0, 1
0.04953635, 0, 0
0.04953694, 1, 0
0.04953968, 0, 0
0.04954028, 0, 1
0.04954303, 0, 0
0.04954362, 1, 0
0.04954636, 0, 0
0.04954696, 0, 1
0.04954970, 0, 0
0.04955030, 1, 0
0.04955304, 0, 0
0.04955363, 0, 1
0.04955638, 0, 0
0.04955698, 1, 0
0.04955972, 0, 0
0.04956031, 0, 1
0.04956306, 0, 0
0.04956366, 1, 0
0.04956640, 0, 0
0.04956699, 0, 1
0.04956974, 0, 0
0.04957034, 1, 0
0.04957308, 0, 0
0.04957367, 0, 1
0.04957642, 0, 0
0.04957702, 1, 0
0.04957976, 0, 0
0.04958035, 0, 1
0.04958310, 0, 0
0.04958370, 1, 0
0.04958644, 0, 0
0.04958703, 0, 1
0.04958978, 0, 0
0.04959038, 1, 0
0.04959312, 0, 0
0.04959371, 0, 1
0.04959646, 0, 0
0.04959706, 1, 0
0.04959980, 0, 0
0.04960039, 0, 1
0.04960314, 0, 0
0.04960374, 1, 0
0.04960648, 0, 0
0.04960707, 0, 1
0.04960982, 0, 0
0.04961042, 1, 0
0.04961316, 0, 0
0.04961375, 0, 1
0.04961650, 0, 0
0.04961710, 1, 0
0.04961983, 0, 0
0.04962043, 0, 1
0.04962318, 0, 0
0.04962378, 1, 0
0.04962651, 0, 0
0.04962711, 0, 1
0.04962986, 0, 0
0.04963046, 1, 0
0.04963319, 0, 0
0.04963379, 0, 1
0.04963654, 0, 0
0.04963714, 1, 0
0.04963987, 0, 0
0.04964047, 0, 1
0.04964322, 0, 0
0.04964382, 1, 0
0.04964655, 0, 0
0.04964715, 0, 1
0.04964990, 0, 0
0.04965050, 1, 0
0.04965323, 0, 0
0.04965383, 0, 1
0.04965658, 0, 0
0.04965718, 1, 0
0.04965991, 0, 0
0.04966051, 0, 1
0.04966326, 0, 0
0.04966386, 1, 0
0.04966659, 0, 0
0.04966719, 0, 1
0.04966994, 0, 0
0.04967054, 1, 0
0.04967327, 0, 0
0.04967387, 0, 1
0.04967662, 0, 0
0.04967722, 1, 0
0.04967995, 0, 0
0.04968055, 0, 1
0.04968330, 0, 0
0.04968390, 1, 0
0.04968663, 0, 0
0.04968723, 0, 1
0.04968998, 0, 0
0.04969058, 1, 0
0.04969331, 0, 0
0.04969391, 0, 1
0.04969666, 0, 0
0.04969726, 1, 0
0.04969999, 0, 0
0.04970059, 0, 1
0.04970334, 0, 0
0.04970394, 1, 0
0.04970667, 0, 0
0.04970727, 0, 1
0.04971002, 0, 0
0.04971061, 1, 0
0.04971335, 0, 0
0.04971395, 0, 1
0.04971670, 0, 0
0.04971729, 1, 0
0.04972003, 0, 0
0.04972063, 0, 1
0.04972337, 0, 0
0.04972397, 1, 0
0.04972671, 0, 0
0.04972730, 0, 1
0.04973005, 0, 0
0.04973065, 1, 0
0.04973339, 0, 0
0.04973398, 0, 1
0.04973673, 0, 0
0.04973733, 1, 0
0.04974007, 0, 0
0.04974066, 0, 1
0.04974341, 0, 0
0.04974401, 1, 0
0.04974675, 0, 0
0.04974734, 0, 1
0.04975009, 0, 0
0.04975069, 1, 0
0.04975343, 0, 0
0.04975402, 0, 1
0.04975677, 0, 0
0.04975737, 1, 0
0.04976011, 0, 0
0.04976070, 0, 1
0.04976345, 0, 0
0.04976405, 1, 0
0.04976679, 0, 0
0.04976738, 0, 1
0.04977013, 0, 0
0.04977073, 1, 0
0.04977347, 0, 0
0.04977406, 0, 1
0.04977681, 0, 0
0.04977741, 1, 0
0.04978015, 0, 0
0.04978074, 0, 1
0.04978349, 0, 0
0.04978409, 1, 0
0.04978682, 0, 0
0.04978742, 0, 1
0.04979017, 0, 0
0.04979077, 1, 0
0.04979350, 0, 0
0.04979410, 0, 1
0.04979685, 0, 0
0.04979745, 1, 0
0.04980018, 0, 0
0.04980078, 0, 1
0.04980353, 0, 0
0.04980413, 1, 0
0.04980686, 0, 0
0.04980746, 0, 1
0.04981021, 0, 0
0.04981081, 1, 0
0.04981354, 0, 0
0.04981414, 0, 1
0.04981689, 0, 0
0.04981749, 1, 0
0.04982022, 0, 0
0.04982082, 0, 1
0.04982357, 0, 0
0.04982417, 1, 0
0.04982690, 0, 0
0.04982750, 0, 1
0.04983025, 0, 0
0.04983085, 1, 0
0.04983358, 0, 0
0.04983418, 0, 1
0.04983693, 0, 0
0.04983753, 1, 0
0.04984026, 0, 0
0.04984086, 0, 1
0.04984361, 0, 0
0.04984421, 1, 0
0.04984694, 0, 0
0.04984754, 0, 1
0.04985029, 0, 0
0.04985089, 1, 0
0.04985362, 0, 0
0.04985422, 0, 1
0.04985697, 0, 0
0.04985757, 1, 0
0.04986030, 0, 0
0.04986090, 0, 1
0.04986365, 0, 0
0.04986425, 1, 0
0.04986698, 0, 0
0.04986758, 0, 1
0.04987033, 0, 0
0.04987093, 1, 0
0.04987366, 0, 0
0.04987426, 0, 1
0.04987701, 0, 0
0.04987760, 1, 0
0.04988034, 0, 0
0.04988094, 0, 1
0.04988368, 0, 0
0.04988428, 1, 0
0.04988702, 0, 0
0.04988762, 0, 1
0.04989037, 0, 0
0.04989096, 1, 0
0.04989370, 0, 0
0.04989430, 0, 1
0.04989704, 0, 0
0.04989764, 1, 0
0.04990038, 0, 0
0.04990097, 0, 1
0.04990372, 0, 0
0.04990432, 1, 0
0.04990706, 0, 0
0.04990765, 0, 1
0.04991040, 0, 0
0.04991100, 1, 0
0.04991374, 0, 0
0.04991433, 0, 1
0.04991708, 0, 0
0.04991768, 1, 0
0.04992042, 0, 0
0.04992101, 0, 1
0.04992376, 0, 0
0.04992436, 1, 0
0.04992710, 0, 0
0.04992769, 0, 1
0.04993044, 0, 0
0.04993104, 1, 0
0.04993378, 0, 0
0.04993437, 0, 1
0.04993712, 0, 0
0.04993772, 1, 0
0.04994046, 0, 0
0.04994105, 0, 1
0.04994380, 0, 0
0.04994440, 1, 0
0.04994714, 0, 0
0.04994773, 0, 1
0.04995048, 0, 0
0.04995108, 1, 0
0.04995382, 0, 0
0.04995441, 0, 1
0.04995716, 0, 0
0.04995776, 1, 0
0.04996050, 0, 0
0.04996109, 0, 1
0.04996384, 0, 0
0.04996444, 1, 0
0.04996717, 0, 0
0.04996777, 0, 1
0.04997052, 0, 0
0.04997112, 1, 0
0.04997385, 0, 0
0.04997445, 0, 1
0.04997720, 0, 0
0.04997780, 1, 0
0.04998053, 0, 0
0.04998113, 0, 1
0.04998388, 0, 0
0.04998448, 1, 0
0.04998721, 0, 0
0.04998781, 0, 1
0.04999056, 0, 0
0.04999116, 1, 0
0.04999389, 0, 0
0.04999449, 0, 1
0.04999724, 0, 0
0.04999784, 1, 0
